-- The C compiler identification is GNU 11.4.0
-- The CXX compiler identification is GNU 11.4.0
-- Detecting C compiler ABI info
-- Detecting C compiler ABI info - done
-- Check for working C compiler: /usr/lib/ccache/cc - skipped
-- Detecting C compile features
-- Detecting C compile features - done
-- Detecting CXX compiler ABI info
-- Detecting CXX compiler ABI info - done
-- Check for working CXX compiler: /usr/lib/ccache/c++ - skipped
-- Detecting CXX compile features
-- Detecting CXX compile features - done
-- Found ament_cmake: 1.3.14 (/opt/ros/humble/share/ament_cmake/cmake)
-- Found Python3: /usr/bin/python3 (found version "3.10.12") found components: Interpreter 
-- Override CMake install command with custom implementation using symlinks instead of copying resources
-- WAF_COMMAND: /home/lh/Documents/joao_pessoa_2026/src/ardupilot/waf
-- Found ament_lint_auto: 0.12.15 (/opt/ros/humble/share/ament_lint_auto/cmake)
-- Added test 'black' to check Python code style
-- Added test 'copyright' to check source files copyright and LICENSE
-- Added test 'lint_cmake' to check CMake code style
-- Added test 'pep257' to check Python code against some of the docstring style conventions in PEP 257
-- Added test 'xmllint' to check XML markup files
-- Configuring done
-- Generating done
-- Build files have been written to: /home/lh/Documents/joao_pessoa_2026/build/ardupilot_sitl
Built target ament_cmake_python_symlink_ardupilot_sitl
[32m[0mSetting top to                           :[0m [0m[32m[32m/home/lh/Documents/joao_pessoa_2026/src/ardupilot[0m [0m
[32m[0mSetting out to                           :[0m [0m[32m[32m/home/lh/Documents/joao_pessoa_2026/src/ardupilot/build[0m [0m
[32m[0mAutoconfiguration                        :[0m [0m[32m[32menabled[0m [0m
[32m[0mChecking for program 'python'            :[0m [0m[32m[32m/usr/bin/python3[0m [0m
running egg_info
creating ardupilot_sitl.egg-info
writing ardupilot_sitl.egg-info/PKG-INFO
writing dependency_links to ardupilot_sitl.egg-info/dependency_links.txt
writing top-level names to ardupilot_sitl.egg-info/top_level.txt
writing manifest file 'ardupilot_sitl.egg-info/SOURCES.txt'
reading manifest file 'ardupilot_sitl.egg-info/SOURCES.txt'
writing manifest file 'ardupilot_sitl.egg-info/SOURCES.txt'
Built target ament_cmake_python_build_ardupilot_sitl_egg
[32m[0mChecking for python version >= 3.9.0     :[0m [0m[32m[32m3.10.12[0m [0m
[32m[0mSetting board to                         :[0m [0m[32m[32msitl[0m [0m
Processing /home/lh/Documents/joao_pessoa_2026/src/ardupilot/libraries/AP_HAL_SITL/hwdef/sitl/hwdef.dat
Writing hwdef setup in /home/lh/Documents/joao_pessoa_2026/src/ardupilot/build/sitl/hwdef.h
[32m[0mUsing toolchain                          :[0m [0m[32m[32mnative[0m [0m
[32m[0mChecking for 'g++' (C++ compiler)        :[0m [0m[32m[32m/usr/lib/ccache/g++[0m [0m
[32m[0mChecking for 'gcc' (C compiler)          :[0m [0m[32m[32m/usr/lib/ccache/gcc[0m [0m
[32m[0mChecking for c flags '-MMD'              :[0m [0m[32m[32myes[0m [0m
[32m[0mChecking for cxx flags '-MMD'            :[0m [0m[32m[32myes[0m [0m
[32m[0mCXX Compiler                             :[0m [0m[32m[32mg++ 11.4.0[0m [0m
[32m[0mChecking for need to link with librt     :[0m [0m[32m[32mnot necessary[0m [0m
[32m[0mChecking for feenableexcept              :[0m [0m[32m[32myes[0m [0m
[32m[0mEnabling -Werror                         :[0m [0m[32m[32myes[0m [0m
[32m[0mEnabled OpenDroneID                      :[0m [0m[32m[33mno[0m [0m
[32m[0mEnabled firmware ID checking             :[0m [0m[32m[33mno[0m [0m
[32m[0mGPS Debug Logging                        :[0m [0m[32m[33mno[0m [0m
[32m[0mEnabled custom controller                :[0m [0m[32m[32myes[0m [0m
[32m[0mEnabled DDS                              :[0m [0m[32m[32myes[0m [0m
[32m[0mChecking for HAVE_CMATH_ISFINITE         :[0m [0m[32m[32myes[0m [0m
[32m[0mChecking for HAVE_CMATH_ISINF            :[0m [0m[32m[32myes[0m [0m
[32m[0mChecking for HAVE_CMATH_ISNAN            :[0m [0m[32m[32myes[0m [0m
[32m[0mChecking for NEED_CMATH_ISFINITE_STD_NAMESPACE :[0m [0m[32m[32myes[0m [0m
[32m[0mChecking for NEED_CMATH_ISINF_STD_NAMESPACE    :[0m [0m[32m[32myes[0m [0m
[32m[0mChecking for NEED_CMATH_ISNAN_STD_NAMESPACE    :[0m [0m[32m[32myes[0m [0m
[32m[0mChecking for header endian.h                   :[0m [0m[32m[32myes[0m [0m
[32m[0mChecking for header byteswap.h                 :[0m [0m[32m[32myes[0m [0m
[32m[0mChecking for HAVE_MEMRCHR                      :[0m [0m[32m[32myes[0m [0m
[32m[0mConfigured VSCode Intellisense:                :[0m [0m[32m[33mno[0m [0m
[32m[0mDC_DSDL compiler in                            :[0m [0m[32m[32m/home/lh/Documents/joao_pessoa_2026/src/ardupilot/modules/DroneCAN/dronecan_dsdlc[0m [0m
[32m[0mSource is git repository                       :[0m [0m[32m[32myes[0m [0m
[32m[0mUpdate submodules                              :[0m [0m[32m[32myes[0m [0m
[32m[0mChecking for program 'git'                     :[0m [0m[32m[32m/usr/bin/git[0m [0m
[32m[0mLittlefs                                       :[0m [0m[32m[33mdisabled[0m [0m
[32m[0mChecking for program 'size'                    :[0m [0m[32m[32m/usr/bin/size[0m [0m
[32m[0mBenchmarks                                     :[0m [0m[32m[33mdisabled[0m [0m
[32m[0mUnit tests                                     :[0m [0m[32m[32menabled[0m [0m
[32m[0mScripting                                      :[0m [0m[32m[32mmaybe[0m [0m
[32m[0mChecking for program 'microxrceddsgen'         :[0m [0m[32m[32m/home/lh/Micro-XRCE-DDS-Gen/scripts/microxrceddsgen[0m [0m
[32m[0mScripting runtime checks                       :[0m [0m[32m[32menabled[0m [0m
[32m[0mDebug build                                    :[0m [0m[32m[33mdisabled[0m [0m
[32m[0mCoverage build                                 :[0m [0m[32m[33mdisabled[0m [0m
[32m[0mConsistent build                               :[0m [0m[32m[33mdisabled[0m [0m
[32m[0mForce 32-bit build                             :[0m [0m[32m[33mdisabled[0m [0m
[32m[0mChecking for program 'rsync'                   :[0m [0m[32m[32m/usr/bin/rsync[0m [0m
[32mRemoving target_list file /home/lh/Documents/joao_pessoa_2026/src/ardupilot/build/sitl/target_list[0m
[32m'configure' finished successfully (0.354s)[0m
Built target ardupilot_configure
[32mWaf: Entering directory `/home/lh/Documents/joao_pessoa_2026/src/ardupilot/build/sitl'[0m
Embedding file default_params/airsim-quadX.parm:Tools/autotest/default_params/airsim-quadX.parm
Embedding file default_params/airsim-rover.parm:Tools/autotest/default_params/airsim-rover.parm
Embedding file default_params/balancebot.parm:Tools/autotest/default_params/balancebot.parm
Embedding file default_params/blimp-motor.parm:Tools/autotest/default_params/blimp-motor.parm
Embedding file default_params/blimp.parm:Tools/autotest/default_params/blimp.parm
Embedding file default_params/copter-X.parm:Tools/autotest/default_params/copter-X.parm
Embedding file default_params/copter-beacon.parm:Tools/autotest/default_params/copter-beacon.parm
Embedding file default_params/copter-bfx.parm:Tools/autotest/default_params/copter-bfx.parm
Embedding file default_params/copter-coax.parm:Tools/autotest/default_params/copter-coax.parm
Embedding file default_params/copter-cwx.parm:Tools/autotest/default_params/copter-cwx.parm
Embedding file default_params/copter-deca-cwx.parm:Tools/autotest/default_params/copter-deca-cwx.parm
Embedding file default_params/copter-deca.parm:Tools/autotest/default_params/copter-deca.parm
Embedding file default_params/copter-djix.parm:Tools/autotest/default_params/copter-djix.parm
Embedding file default_params/copter-dodecahexa.parm:Tools/autotest/default_params/copter-dodecahexa.parm
Embedding file default_params/copter-dotriaconta_octaquad_x.parm:Tools/autotest/default_params/copter-dotriaconta_octaquad_x.parm
Embedding file default_params/copter-gimbal.parm:Tools/autotest/default_params/copter-gimbal.parm
Embedding file default_params/copter-gps-for-yaw-nmea.parm:Tools/autotest/default_params/copter-gps-for-yaw-nmea.parm
Embedding file default_params/copter-gps-for-yaw.parm:Tools/autotest/default_params/copter-gps-for-yaw.parm
Embedding file default_params/copter-heli-ddfptail.parm:Tools/autotest/default_params/copter-heli-ddfptail.parm
Embedding file default_params/copter-heli-ddvptail.parm:Tools/autotest/default_params/copter-heli-ddvptail.parm
Embedding file default_params/copter-heli-dual.parm:Tools/autotest/default_params/copter-heli-dual.parm
Embedding file default_params/copter-heli-gas.parm:Tools/autotest/default_params/copter-heli-gas.parm
Embedding file default_params/copter-heli.parm:Tools/autotest/default_params/copter-heli.parm
Embedding file default_params/copter-hexa-cwx.parm:Tools/autotest/default_params/copter-hexa-cwx.parm
Embedding file default_params/copter-hexa-dji.parm:Tools/autotest/default_params/copter-hexa-dji.parm
Embedding file default_params/copter-hexa.parm:Tools/autotest/default_params/copter-hexa.parm
Embedding file default_params/copter-hexadeca_octa.parm:Tools/autotest/default_params/copter-hexadeca_octa.parm
Embedding file default_params/copter-hexadeca_octa_cwx.parm:Tools/autotest/default_params/copter-hexadeca_octa_cwx.parm
Embedding file default_params/copter-octa-cwx.parm:Tools/autotest/default_params/copter-octa-cwx.parm
Embedding file default_params/copter-octa-dji.parm:Tools/autotest/default_params/copter-octa-dji.parm
Embedding file default_params/copter-octa.parm:Tools/autotest/default_params/copter-octa.parm
Embedding file default_params/copter-octaquad-cor.parm:Tools/autotest/default_params/copter-octaquad-cor.parm
Embedding file default_params/copter-octaquad-cw-cor.parm:Tools/autotest/default_params/copter-octaquad-cw-cor.parm
Embedding file default_params/copter-octaquad-cwx.parm:Tools/autotest/default_params/copter-octaquad-cwx.parm
Embedding file default_params/copter-octaquad.parm:Tools/autotest/default_params/copter-octaquad.parm
Embedding file default_params/copter-optflow.parm:Tools/autotest/default_params/copter-optflow.parm
Embedding file default_params/copter-ppp-periph.parm:Tools/autotest/default_params/copter-ppp-periph.parm
Embedding file default_params/copter-ppp.parm:Tools/autotest/default_params/copter-ppp.parm
Embedding file default_params/copter-rangefinder.parm:Tools/autotest/default_params/copter-rangefinder.parm
Embedding file default_params/copter-single.parm:Tools/autotest/default_params/copter-single.parm
Embedding file default_params/copter-tri.parm:Tools/autotest/default_params/copter-tri.parm
Embedding file default_params/copter-vicon.parm:Tools/autotest/default_params/copter-vicon.parm
Embedding file default_params/copter-winch.parm:Tools/autotest/default_params/copter-winch.parm
Embedding file default_params/copter-wind-estimates.parm:Tools/autotest/default_params/copter-wind-estimates.parm
Embedding file default_params/copter-y6.parm:Tools/autotest/default_params/copter-y6.parm
Embedding file default_params/copter.parm:Tools/autotest/default_params/copter.parm
Embedding file default_params/firefly.parm:Tools/autotest/default_params/firefly.parm
Embedding file default_params/gazebo-iris.parm:Tools/autotest/default_params/gazebo-iris.parm
Embedding file default_params/gazebo-zephyr.parm:Tools/autotest/default_params/gazebo-zephyr.parm
Embedding file default_params/glider.parm:Tools/autotest/default_params/glider.parm
Embedding file default_params/motorboat.parm:Tools/autotest/default_params/motorboat.parm
Embedding file default_params/msposd.parm:Tools/autotest/default_params/msposd.parm
Embedding file default_params/periph-ppp.parm:Tools/autotest/default_params/periph-ppp.parm
Embedding file default_params/periph.parm:Tools/autotest/default_params/periph.parm
Embedding file default_params/plane-dspoilers.parm:Tools/autotest/default_params/plane-dspoilers.parm
Embedding file default_params/plane-elevons.parm:Tools/autotest/default_params/plane-elevons.parm
Embedding file default_params/plane-ice.parm:Tools/autotest/default_params/plane-ice.parm
Embedding file default_params/plane-jet.parm:Tools/autotest/default_params/plane-jet.parm
Embedding file default_params/plane-jsbsim.parm:Tools/autotest/default_params/plane-jsbsim.parm
Embedding file default_params/plane-redundant.parm:Tools/autotest/default_params/plane-redundant.parm
Embedding file default_params/plane-soaring.parm:Tools/autotest/default_params/plane-soaring.parm
Embedding file default_params/plane-tailsitter.parm:Tools/autotest/default_params/plane-tailsitter.parm
Embedding file default_params/plane-vtail.parm:Tools/autotest/default_params/plane-vtail.parm
Embedding file default_params/quad-can.parm:Tools/autotest/default_params/quad-can.parm
Embedding file default_params/quad-periph.parm:Tools/autotest/default_params/quad-periph.parm
Embedding file default_params/quadplane-can.parm:Tools/autotest/default_params/quadplane-can.parm
Embedding file default_params/quadplane-cl84.parm:Tools/autotest/default_params/quadplane-cl84.parm
Embedding file default_params/quadplane-copter_tailsitter.parm:Tools/autotest/default_params/quadplane-copter_tailsitter.parm
Embedding file default_params/quadplane-ice.parm:Tools/autotest/default_params/quadplane-ice.parm
Embedding file default_params/quadplane-periph.parm:Tools/autotest/default_params/quadplane-periph.parm
Embedding file default_params/quadplane-ppp-periph.parm:Tools/autotest/default_params/quadplane-ppp-periph.parm
Embedding file default_params/quadplane-ppp.parm:Tools/autotest/default_params/quadplane-ppp.parm
Embedding file default_params/quadplane-tilt.parm:Tools/autotest/default_params/quadplane-tilt.parm
Embedding file default_params/quadplane-tilthvec.parm:Tools/autotest/default_params/quadplane-tilthvec.parm
Embedding file default_params/quadplane-tilttri.parm:Tools/autotest/default_params/quadplane-tilttri.parm
Embedding file default_params/quadplane-tilttrivec.parm:Tools/autotest/default_params/quadplane-tilttrivec.parm
Embedding file default_params/quadplane-tri.parm:Tools/autotest/default_params/quadplane-tri.parm
Embedding file default_params/quadplane.parm:Tools/autotest/default_params/quadplane.parm
Embedding file default_params/rover-omni3mecanum.parm:Tools/autotest/default_params/rover-omni3mecanum.parm
Embedding file default_params/rover-skid.parm:Tools/autotest/default_params/rover-skid.parm
Embedding file default_params/rover-vectored.parm:Tools/autotest/default_params/rover-vectored.parm
Embedding file default_params/rover.parm:Tools/autotest/default_params/rover.parm
Embedding file default_params/sailboat-motor.parm:Tools/autotest/default_params/sailboat-motor.parm
Embedding file default_params/sailboat.parm:Tools/autotest/default_params/sailboat.parm
Embedding file default_params/stratoblimp.parm:Tools/autotest/default_params/stratoblimp.parm
Embedding file default_params/sub-6dof.parm:Tools/autotest/default_params/sub-6dof.parm
Embedding file default_params/sub-gps-for-yaw-nmea.parm:Tools/autotest/default_params/sub-gps-for-yaw-nmea.parm
Embedding file default_params/sub.parm:Tools/autotest/default_params/sub.parm
Embedding file default_params/tracker-gps-for-yaw.parm:Tools/autotest/default_params/tracker-gps-for-yaw.parm
Embedding file locations.txt:Tools/autotest/locations.txt
Embedding file models/Callisto.json:Tools/autotest/models/Callisto.json
Embedding file models/Callisto.parm:Tools/autotest/models/Callisto.parm
Embedding file models/freestyle.json:Tools/autotest/models/freestyle.json
Embedding file models/freestyle.parm:Tools/autotest/models/freestyle.parm
Embedding file models/plane-3d.parm:Tools/autotest/models/plane-3d.parm
Embedding file models/plane.parm:Tools/autotest/models/plane.parm
Embedding file models/skywalker_2013.json:Tools/autotest/models/skywalker_2013.json
Embedding file models/xplane_heli.json:Tools/autotest/models/xplane_heli.json
Embedding file models/xplane_plane.json:Tools/autotest/models/xplane_plane.json
Embedding file vehicleinfo.json:Tools/autotest/pysim/vehicleinfo.json
Building /home/lh/Documents/joao_pessoa_2026/src/ardupilot/build/sitl/modules/Micro-XRCE-DDS-Client/include/uxr/client/config.h
Building /home/lh/Documents/joao_pessoa_2026/src/ardupilot/build/sitl/modules/Micro-CDR/include/ucdr/config.h
[1/4] Compiling [32mmodules/littlefs/bd/lfs_filebd.c[0m
[2/4] Compiling [32mmodules/littlefs/lfs_util.c[0m
[3/4] Compiling [32mmodules/littlefs/lfs.c[0m
[4/4] Linking [33mbuild/sitl/liblittlefs.a[0m
[10/28] Compiling [01;34mlibraries/AP_Scripting/generator/src/main.c[0m
[11/28] Processing [01;34mmavgen: modules/mavlink/message_definitions/v1.0/all.xml modules/mavlink/pymavlink/generator/C/include_v2.0/checksum.h modules/mavlink/pymavlink/generator/C/include_v2.0/mavlink_conversions.h modules/mavlink/pymavlink/generator/C/include_v2.0/mavlink_get_info.h modules/mavlink/pymavlink/generator/C/include_v2.0/mavlink_helpers.h modules/mavlink/pymavlink/generator/C/include_v2.0/mavlink_sha256.h modules/mavlink/pymavlink/generator/C/include_v2.0/mavlink_types.h modules/mavlink/pymavlink/generator/C/include_v2.0/protocol.h modules/mavlink/pymavlink/__init__.py modules/mavlink/pymavlink/generator/__init__.py modules/mavlink/pymavlink/generator/mavcrc.py modules/mavlink/pymavlink/generator/mavgen.py modules/mavlink/pymavlink/generator/mavgen_ada.py modules/mavlink/pymavlink/generator/mavgen_c.py modules/mavlink/pymavlink/generator/mavgen_cpp11.py modules/mavlink/pymavlink/generator/mavgen_cs.py modules/mavlink/pymavlink/generator/mavgen_java.py modules/mavlink/pymavlink/generator/mavgen_javascript.py modules/mavlink/pymavlink/generator/mavgen_javascript_stable.py modules/mavlink/pymavlink/generator/mavgen_lua.py modules/mavlink/pymavlink/generator/mavgen_objc.py modules/mavlink/pymavlink/generator/mavgen_python.py modules/mavlink/pymavlink/generator/mavgen_spin2.py modules/mavlink/pymavlink/generator/mavgen_swift.py modules/mavlink/pymavlink/generator/mavgen_typescript.py modules/mavlink/pymavlink/generator/mavgen_wlua.py modules/mavlink/pymavlink/generator/mavparse.py modules/mavlink/pymavlink/generator/mavtemplate.py[0m
Validation skipped for /home/lh/Documents/joao_pessoa_2026/src/ardupilot/modules/mavlink/message_definitions/v1.0/all.xml.
Parsing /home/lh/Documents/joao_pessoa_2026/src/ardupilot/modules/mavlink/message_definitions/v1.0/all.xml
Validation skipped for /home/lh/Documents/joao_pessoa_2026/src/ardupilot/modules/mavlink/message_definitions/v1.0/ardupilotmega.xml.
Parsing /home/lh/Documents/joao_pessoa_2026/src/ardupilot/modules/mavlink/message_definitions/v1.0/ardupilotmega.xml
Validation skipped for /home/lh/Documents/joao_pessoa_2026/src/ardupilot/modules/mavlink/message_definitions/v1.0/ASLUAV.xml.
Parsing /home/lh/Documents/joao_pessoa_2026/src/ardupilot/modules/mavlink/message_definitions/v1.0/ASLUAV.xml
Validation skipped for /home/lh/Documents/joao_pessoa_2026/src/ardupilot/modules/mavlink/message_definitions/v1.0/common.xml.
Parsing /home/lh/Documents/joao_pessoa_2026/src/ardupilot/modules/mavlink/message_definitions/v1.0/common.xml
CAMERA_TRACKING_STATUS_FLAGS_IDLE has invalid values (bitmask must have powers of 2)
Validation skipped for /home/lh/Documents/joao_pessoa_2026/src/ardupilot/modules/mavlink/message_definitions/v1.0/development.xml.
Parsing /home/lh/Documents/joao_pessoa_2026/src/ardupilot/modules/mavlink/message_definitions/v1.0/development.xml
Validation skipped for /home/lh/Documents/joao_pessoa_2026/src/ardupilot/modules/mavlink/message_definitions/v1.0/icarous.xml.
Parsing /home/lh/Documents/joao_pessoa_2026/src/ardupilot/modules/mavlink/message_definitions/v1.0/icarous.xml
Validation skipped for /home/lh/Documents/joao_pessoa_2026/src/ardupilot/modules/mavlink/message_definitions/v1.0/minimal.xml.
Parsing /home/lh/Documents/joao_pessoa_2026/src/ardupilot/modules/mavlink/message_definitions/v1.0/minimal.xml
Validation skipped for /home/lh/Documents/joao_pessoa_2026/src/ardupilot/modules/mavlink/message_definitions/v1.0/python_array_test.xml.
Parsing /home/lh/Documents/joao_pessoa_2026/src/ardupilot/modules/mavlink/message_definitions/v1.0/python_array_test.xml
Validation skipped for /home/lh/Documents/joao_pessoa_2026/src/ardupilot/modules/mavlink/message_definitions/v1.0/standard.xml.
Parsing /home/lh/Documents/joao_pessoa_2026/src/ardupilot/modules/mavlink/message_definitions/v1.0/standard.xml
MAV_BOOL_FALSE has invalid values (bitmask must have powers of 2)
Validation skipped for /home/lh/Documents/joao_pessoa_2026/src/ardupilot/modules/mavlink/message_definitions/v1.0/test.xml.
Parsing /home/lh/Documents/joao_pessoa_2026/src/ardupilot/modules/mavlink/message_definitions/v1.0/test.xml
Validation skipped for /home/lh/Documents/joao_pessoa_2026/src/ardupilot/modules/mavlink/message_definitions/v1.0/ualberta.xml.
Parsing /home/lh/Documents/joao_pessoa_2026/src/ardupilot/modules/mavlink/message_definitions/v1.0/ualberta.xml
Validation skipped for /home/lh/Documents/joao_pessoa_2026/src/ardupilot/modules/mavlink/message_definitions/v1.0/uAvionix.xml.
Parsing /home/lh/Documents/joao_pessoa_2026/src/ardupilot/modules/mavlink/message_definitions/v1.0/uAvionix.xml
Validation skipped for /home/lh/Documents/joao_pessoa_2026/src/ardupilot/modules/mavlink/message_definitions/v1.0/loweheiser.xml.
Parsing /home/lh/Documents/joao_pessoa_2026/src/ardupilot/modules/mavlink/message_definitions/v1.0/loweheiser.xml
Validation skipped for /home/lh/Documents/joao_pessoa_2026/src/ardupilot/modules/mavlink/message_definitions/v1.0/storm32.xml.
Parsing /home/lh/Documents/joao_pessoa_2026/src/ardupilot/modules/mavlink/message_definitions/v1.0/storm32.xml
Validation skipped for /home/lh/Documents/joao_pessoa_2026/src/ardupilot/modules/mavlink/message_definitions/v1.0/AVSSUAS.xml.
Parsing /home/lh/Documents/joao_pessoa_2026/src/ardupilot/modules/mavlink/message_definitions/v1.0/AVSSUAS.xml
Validation skipped for /home/lh/Documents/joao_pessoa_2026/src/ardupilot/modules/mavlink/message_definitions/v1.0/cubepilot.xml.
Parsing /home/lh/Documents/joao_pessoa_2026/src/ardupilot/modules/mavlink/message_definitions/v1.0/cubepilot.xml
Validation skipped for /home/lh/Documents/joao_pessoa_2026/src/ardupilot/modules/mavlink/message_definitions/v1.0/csAirLink.xml.
Parsing /home/lh/Documents/joao_pessoa_2026/src/ardupilot/modules/mavlink/message_definitions/v1.0/csAirLink.xml
Merged enum MAV_CMD
Merged enum MAV_CMD
Merged enum MAV_CMD
Merged enum MAV_CMD
Merged enum MAV_CMD
Merged enum MAV_CMD
Found 351 MAVLink message types in 17 XML files
Generating C implementation in directory /home/lh/Documents/joao_pessoa_2026/src/ardupilot/build/sitl/libraries/GCS_MAVLink/include/mavlink/v2.0/all
Generating C implementation in directory /home/lh/Documents/joao_pessoa_2026/src/ardupilot/build/sitl/libraries/GCS_MAVLink/include/mavlink/v2.0/ardupilotmega
[12/28] Processing [01;34mdronecangen: modules/DroneCAN/DSDL/ardupilot modules/DroneCAN/DSDL/com modules/DroneCAN/DSDL/cuav modules/DroneCAN/DSDL/dronecan modules/DroneCAN/DSDL/mppt modules/DroneCAN/DSDL/tests modules/DroneCAN/DSDL/uavcan[0m
[13/28] Compiling [01;34mmodules/Micro-XRCE-DDS-Client/include/uxr/client/config.h.in[0m
[14/28] Compiling [01;34mmodules/Micro-CDR/include/ucdr/config.h.in[0m
[15/28] Processing [01;34m/home/lh/Documents/joao_pessoa_2026/src/ardupilot/build/sitl/libraries/AP_DDS/generated/ardupilot_msgs/msg/Airspeed.h,/home/lh/Documents/joao_pessoa_2026/src/ardupilot/build/sitl/libraries/AP_DDS/generated/ardupilot_msgs/msg/Airspeed.c,/home/lh/Documents/joao_pessoa_2026/src/ardupilot/build/sitl/libraries/AP_DDS/generated/ardupilot_msgs/msg/GlobalPosition.h,/home/lh/Documents/joao_pessoa_2026/src/ardupilot/build/sitl/libraries/AP_DDS/generated/ardupilot_msgs/msg/GlobalPosition.c,/home/lh/Documents/joao_pessoa_2026/src/ardupilot/build/sitl/libraries/AP_DDS/generated/ardupilot_msgs/msg/Rc.h,/home/lh/Documents/joao_pessoa_2026/src/ardupilot/build/sitl/libraries/AP_DDS/generated/ardupilot_msgs/msg/Rc.c,/home/lh/Documents/joao_pessoa_2026/src/ardupilot/build/sitl/libraries/AP_DDS/generated/ardupilot_msgs/msg/Status.h,/home/lh/Documents/joao_pessoa_2026/src/ardupilot/build/sitl/libraries/AP_DDS/generated/ardupilot_msgs/msg/Status.c: libraries/AP_DDS/Idl/ardupilot_msgs/msg/Airspeed.idl libraries/AP_DDS/Idl/ardupilot_msgs/msg/GlobalPosition.idl libraries/AP_DDS/Idl/ardupilot_msgs/msg/Rc.idl libraries/AP_DDS/Idl/ardupilot_msgs/msg/Status.idl -> build/sitl/libraries/AP_DDS/generated/ardupilot_msgs/msg/Airspeed.h build/sitl/libraries/AP_DDS/generated/ardupilot_msgs/msg/Airspeed.c build/sitl/libraries/AP_DDS/generated/ardupilot_msgs/msg/GlobalPosition.h build/sitl/libraries/AP_DDS/generated/ardupilot_msgs/msg/GlobalPosition.c build/sitl/libraries/AP_DDS/generated/ardupilot_msgs/msg/Rc.h build/sitl/libraries/AP_DDS/generated/ardupilot_msgs/msg/Rc.c build/sitl/libraries/AP_DDS/generated/ardupilot_msgs/msg/Status.h build/sitl/libraries/AP_DDS/generated/ardupilot_msgs/msg/Status.c[0m
[16/28] Processing [01;34m/home/lh/Documents/joao_pessoa_2026/src/ardupilot/build/sitl/libraries/AP_DDS/generated/ardupilot_msgs/srv/ArmMotors.h,/home/lh/Documents/joao_pessoa_2026/src/ardupilot/build/sitl/libraries/AP_DDS/generated/ardupilot_msgs/srv/ArmMotors.c,/home/lh/Documents/joao_pessoa_2026/src/ardupilot/build/sitl/libraries/AP_DDS/generated/ardupilot_msgs/srv/ModeSwitch.h,/home/lh/Documents/joao_pessoa_2026/src/ardupilot/build/sitl/libraries/AP_DDS/generated/ardupilot_msgs/srv/ModeSwitch.c,/home/lh/Documents/joao_pessoa_2026/src/ardupilot/build/sitl/libraries/AP_DDS/generated/ardupilot_msgs/srv/Takeoff.h,/home/lh/Documents/joao_pessoa_2026/src/ardupilot/build/sitl/libraries/AP_DDS/generated/ardupilot_msgs/srv/Takeoff.c: libraries/AP_DDS/Idl/ardupilot_msgs/srv/ArmMotors.idl libraries/AP_DDS/Idl/ardupilot_msgs/srv/ModeSwitch.idl libraries/AP_DDS/Idl/ardupilot_msgs/srv/Takeoff.idl -> build/sitl/libraries/AP_DDS/generated/ardupilot_msgs/srv/ArmMotors.h build/sitl/libraries/AP_DDS/generated/ardupilot_msgs/srv/ArmMotors.c build/sitl/libraries/AP_DDS/generated/ardupilot_msgs/srv/ModeSwitch.h build/sitl/libraries/AP_DDS/generated/ardupilot_msgs/srv/ModeSwitch.c build/sitl/libraries/AP_DDS/generated/ardupilot_msgs/srv/Takeoff.h build/sitl/libraries/AP_DDS/generated/ardupilot_msgs/srv/Takeoff.c[0m
[17/28] Processing [01;34m/home/lh/Documents/joao_pessoa_2026/src/ardupilot/build/sitl/libraries/AP_DDS/generated/builtin_interfaces/msg/Duration.h,/home/lh/Documents/joao_pessoa_2026/src/ardupilot/build/sitl/libraries/AP_DDS/generated/builtin_interfaces/msg/Duration.c,/home/lh/Documents/joao_pessoa_2026/src/ardupilot/build/sitl/libraries/AP_DDS/generated/builtin_interfaces/msg/Time.h,/home/lh/Documents/joao_pessoa_2026/src/ardupilot/build/sitl/libraries/AP_DDS/generated/builtin_interfaces/msg/Time.c: libraries/AP_DDS/Idl/builtin_interfaces/msg/Duration.idl libraries/AP_DDS/Idl/builtin_interfaces/msg/Time.idl -> build/sitl/libraries/AP_DDS/generated/builtin_interfaces/msg/Duration.h build/sitl/libraries/AP_DDS/generated/builtin_interfaces/msg/Duration.c build/sitl/libraries/AP_DDS/generated/builtin_interfaces/msg/Time.h build/sitl/libraries/AP_DDS/generated/builtin_interfaces/msg/Time.c[0m
[18/28] Processing [01;34m/home/lh/Documents/joao_pessoa_2026/src/ardupilot/build/sitl/libraries/AP_DDS/generated/geographic_msgs/msg/GeoPoint.h,/home/lh/Documents/joao_pessoa_2026/src/ardupilot/build/sitl/libraries/AP_DDS/generated/geographic_msgs/msg/GeoPoint.c,/home/lh/Documents/joao_pessoa_2026/src/ardupilot/build/sitl/libraries/AP_DDS/generated/geographic_msgs/msg/GeoPointStamped.h,/home/lh/Documents/joao_pessoa_2026/src/ardupilot/build/sitl/libraries/AP_DDS/generated/geographic_msgs/msg/GeoPointStamped.c,/home/lh/Documents/joao_pessoa_2026/src/ardupilot/build/sitl/libraries/AP_DDS/generated/geographic_msgs/msg/GeoPose.h,/home/lh/Documents/joao_pessoa_2026/src/ardupilot/build/sitl/libraries/AP_DDS/generated/geographic_msgs/msg/GeoPose.c,/home/lh/Documents/joao_pessoa_2026/src/ardupilot/build/sitl/libraries/AP_DDS/generated/geographic_msgs/msg/GeoPoseStamped.h,/home/lh/Documents/joao_pessoa_2026/src/ardupilot/build/sitl/libraries/AP_DDS/generated/geographic_msgs/msg/GeoPoseStamped.c: libraries/AP_DDS/Idl/geographic_msgs/msg/GeoPoint.idl libraries/AP_DDS/Idl/geographic_msgs/msg/GeoPointStamped.idl libraries/AP_DDS/Idl/geographic_msgs/msg/GeoPose.idl libraries/AP_DDS/Idl/geographic_msgs/msg/GeoPoseStamped.idl -> build/sitl/libraries/AP_DDS/generated/geographic_msgs/msg/GeoPoint.h build/sitl/libraries/AP_DDS/generated/geographic_msgs/msg/GeoPoint.c build/sitl/libraries/AP_DDS/generated/geographic_msgs/msg/GeoPointStamped.h build/sitl/libraries/AP_DDS/generated/geographic_msgs/msg/GeoPointStamped.c build/sitl/libraries/AP_DDS/generated/geographic_msgs/msg/GeoPose.h build/sitl/libraries/AP_DDS/generated/geographic_msgs/msg/GeoPose.c build/sitl/libraries/AP_DDS/generated/geographic_msgs/msg/GeoPoseStamped.h build/sitl/libraries/AP_DDS/generated/geographic_msgs/msg/GeoPoseStamped.c[0m
[19/28] Processing [01;34m/home/lh/Documents/joao_pessoa_2026/src/ardupilot/build/sitl/libraries/AP_DDS/generated/geometry_msgs/msg/Point.h,/home/lh/Documents/joao_pessoa_2026/src/ardupilot/build/sitl/libraries/AP_DDS/generated/geometry_msgs/msg/Point.c,/home/lh/Documents/joao_pessoa_2026/src/ardupilot/build/sitl/libraries/AP_DDS/generated/geometry_msgs/msg/Pose.h,/home/lh/Documents/joao_pessoa_2026/src/ardupilot/build/sitl/libraries/AP_DDS/generated/geometry_msgs/msg/Pose.c,/home/lh/Documents/joao_pessoa_2026/src/ardupilot/build/sitl/libraries/AP_DDS/generated/geometry_msgs/msg/PoseStamped.h,/home/lh/Documents/joao_pessoa_2026/src/ardupilot/build/sitl/libraries/AP_DDS/generated/geometry_msgs/msg/PoseStamped.c,/home/lh/Documents/joao_pessoa_2026/src/ardupilot/build/sitl/libraries/AP_DDS/generated/geometry_msgs/msg/Quaternion.h,/home/lh/Documents/joao_pessoa_2026/src/ardupilot/build/sitl/libraries/AP_DDS/generated/geometry_msgs/msg/Quaternion.c,/home/lh/Documents/joao_pessoa_2026/src/ardupilot/build/sitl/libraries/AP_DDS/generated/geometry_msgs/msg/Transform.h,/home/lh/Documents/joao_pessoa_2026/src/ardupilot/build/sitl/libraries/AP_DDS/generated/geometry_msgs/msg/Transform.c,/home/lh/Documents/joao_pessoa_2026/src/ardupilot/build/sitl/libraries/AP_DDS/generated/geometry_msgs/msg/TransformStamped.h,/home/lh/Documents/joao_pessoa_2026/src/ardupilot/build/sitl/libraries/AP_DDS/generated/geometry_msgs/msg/TransformStamped.c,/home/lh/Documents/joao_pessoa_2026/src/ardupilot/build/sitl/libraries/AP_DDS/generated/geometry_msgs/msg/Twist.h,/home/lh/Documents/joao_pessoa_2026/src/ardupilot/build/sitl/libraries/AP_DDS/generated/geometry_msgs/msg/Twist.c,/home/lh/Documents/joao_pessoa_2026/src/ardupilot/build/sitl/libraries/AP_DDS/generated/geometry_msgs/msg/TwistStamped.h,/home/lh/Documents/joao_pessoa_2026/src/ardupilot/build/sitl/libraries/AP_DDS/generated/geometry_msgs/msg/TwistStamped.c,/home/lh/Documents/joao_pessoa_2026/src/ardupilot/build/sitl/libraries/AP_DDS/generated/geometry_msgs/msg/Vector3.h,/home/lh/Documents/joao_pessoa_2026/src/ardupilot/build/sitl/libraries/AP_DDS/generated/geometry_msgs/msg/Vector3.c,/home/lh/Documents/joao_pessoa_2026/src/ardupilot/build/sitl/libraries/AP_DDS/generated/geometry_msgs/msg/Vector3Stamped.h,/home/lh/Documents/joao_pessoa_2026/src/ardupilot/build/sitl/libraries/AP_DDS/generated/geometry_msgs/msg/Vector3Stamped.c: libraries/AP_DDS/Idl/geometry_msgs/msg/Point.idl libraries/AP_DDS/Idl/geometry_msgs/msg/Pose.idl libraries/AP_DDS/Idl/geometry_msgs/msg/PoseStamped.idl libraries/AP_DDS/Idl/geometry_msgs/msg/Quaternion.idl libraries/AP_DDS/Idl/geometry_msgs/msg/Transform.idl libraries/AP_DDS/Idl/geometry_msgs/msg/TransformStamped.idl libraries/AP_DDS/Idl/geometry_msgs/msg/Twist.idl libraries/AP_DDS/Idl/geometry_msgs/msg/TwistStamped.idl libraries/AP_DDS/Idl/geometry_msgs/msg/Vector3.idl libraries/AP_DDS/Idl/geometry_msgs/msg/Vector3Stamped.idl -> build/sitl/libraries/AP_DDS/generated/geometry_msgs/msg/Point.h build/sitl/libraries/AP_DDS/generated/geometry_msgs/msg/Point.c build/sitl/libraries/AP_DDS/generated/geometry_msgs/msg/Pose.h build/sitl/libraries/AP_DDS/generated/geometry_msgs/msg/Pose.c build/sitl/libraries/AP_DDS/generated/geometry_msgs/msg/PoseStamped.h build/sitl/libraries/AP_DDS/generated/geometry_msgs/msg/PoseStamped.c build/sitl/libraries/AP_DDS/generated/geometry_msgs/msg/Quaternion.h build/sitl/libraries/AP_DDS/generated/geometry_msgs/msg/Quaternion.c build/sitl/libraries/AP_DDS/generated/geometry_msgs/msg/Transform.h build/sitl/libraries/AP_DDS/generated/geometry_msgs/msg/Transform.c build/sitl/libraries/AP_DDS/generated/geometry_msgs/msg/TransformStamped.h build/sitl/libraries/AP_DDS/generated/geometry_msgs/msg/TransformStamped.c build/sitl/libraries/AP_DDS/generated/geometry_msgs/msg/Twist.h build/sitl/libraries/AP_DDS/generated/geometry_msgs/msg/Twist.c build/sitl/libraries/AP_DDS/generated/geometry_msgs/msg/TwistStamped.h build/sitl/libraries/AP_DDS/generated/geometry_msgs/msg/TwistStamped.c build/sitl/libraries/AP_DDS/generated/geometry_msgs/msg/Vector3.h build/sitl/libraries/AP_DDS/generated/geometry_msgs/msg/Vector3.c build/sitl/libraries/AP_DDS/generated/geometry_msgs/msg/Vector3Stamped.h build/sitl/libraries/AP_DDS/generated/geometry_msgs/msg/Vector3Stamped.c[0m
[20/28] Processing [01;34m/home/lh/Documents/joao_pessoa_2026/src/ardupilot/build/sitl/libraries/AP_DDS/generated/rcl_interfaces/msg/Parameter.h,/home/lh/Documents/joao_pessoa_2026/src/ardupilot/build/sitl/libraries/AP_DDS/generated/rcl_interfaces/msg/Parameter.c,/home/lh/Documents/joao_pessoa_2026/src/ardupilot/build/sitl/libraries/AP_DDS/generated/rcl_interfaces/msg/ParameterType.h,/home/lh/Documents/joao_pessoa_2026/src/ardupilot/build/sitl/libraries/AP_DDS/generated/rcl_interfaces/msg/ParameterType.c,/home/lh/Documents/joao_pessoa_2026/src/ardupilot/build/sitl/libraries/AP_DDS/generated/rcl_interfaces/msg/ParameterValue.h,/home/lh/Documents/joao_pessoa_2026/src/ardupilot/build/sitl/libraries/AP_DDS/generated/rcl_interfaces/msg/ParameterValue.c,/home/lh/Documents/joao_pessoa_2026/src/ardupilot/build/sitl/libraries/AP_DDS/generated/rcl_interfaces/msg/SetParametersResult.h,/home/lh/Documents/joao_pessoa_2026/src/ardupilot/build/sitl/libraries/AP_DDS/generated/rcl_interfaces/msg/SetParametersResult.c: libraries/AP_DDS/Idl/rcl_interfaces/msg/Parameter.idl libraries/AP_DDS/Idl/rcl_interfaces/msg/ParameterType.idl libraries/AP_DDS/Idl/rcl_interfaces/msg/ParameterValue.idl libraries/AP_DDS/Idl/rcl_interfaces/msg/SetParametersResult.idl -> build/sitl/libraries/AP_DDS/generated/rcl_interfaces/msg/Parameter.h build/sitl/libraries/AP_DDS/generated/rcl_interfaces/msg/Parameter.c build/sitl/libraries/AP_DDS/generated/rcl_interfaces/msg/ParameterType.h build/sitl/libraries/AP_DDS/generated/rcl_interfaces/msg/ParameterType.c build/sitl/libraries/AP_DDS/generated/rcl_interfaces/msg/ParameterValue.h build/sitl/libraries/AP_DDS/generated/rcl_interfaces/msg/ParameterValue.c build/sitl/libraries/AP_DDS/generated/rcl_interfaces/msg/SetParametersResult.h build/sitl/libraries/AP_DDS/generated/rcl_interfaces/msg/SetParametersResult.c[0m
[21/28] Processing [01;34m/home/lh/Documents/joao_pessoa_2026/src/ardupilot/build/sitl/libraries/AP_DDS/generated/rcl_interfaces/srv/GetParameters.h,/home/lh/Documents/joao_pessoa_2026/src/ardupilot/build/sitl/libraries/AP_DDS/generated/rcl_interfaces/srv/GetParameters.c,/home/lh/Documents/joao_pessoa_2026/src/ardupilot/build/sitl/libraries/AP_DDS/generated/rcl_interfaces/srv/SetParameters.h,/home/lh/Documents/joao_pessoa_2026/src/ardupilot/build/sitl/libraries/AP_DDS/generated/rcl_interfaces/srv/SetParameters.c: libraries/AP_DDS/Idl/rcl_interfaces/srv/GetParameters.idl libraries/AP_DDS/Idl/rcl_interfaces/srv/SetParameters.idl -> build/sitl/libraries/AP_DDS/generated/rcl_interfaces/srv/GetParameters.h build/sitl/libraries/AP_DDS/generated/rcl_interfaces/srv/GetParameters.c build/sitl/libraries/AP_DDS/generated/rcl_interfaces/srv/SetParameters.h build/sitl/libraries/AP_DDS/generated/rcl_interfaces/srv/SetParameters.c[0m
[22/28] Processing [01;34mlibraries/AP_DDS/Idl/rosgraph_msgs/msg/Clock.idl[0m
[23/28] Processing [01;34m/home/lh/Documents/joao_pessoa_2026/src/ardupilot/build/sitl/libraries/AP_DDS/generated/sensor_msgs/msg/BatteryState.h,/home/lh/Documents/joao_pessoa_2026/src/ardupilot/build/sitl/libraries/AP_DDS/generated/sensor_msgs/msg/BatteryState.c,/home/lh/Documents/joao_pessoa_2026/src/ardupilot/build/sitl/libraries/AP_DDS/generated/sensor_msgs/msg/Imu.h,/home/lh/Documents/joao_pessoa_2026/src/ardupilot/build/sitl/libraries/AP_DDS/generated/sensor_msgs/msg/Imu.c,/home/lh/Documents/joao_pessoa_2026/src/ardupilot/build/sitl/libraries/AP_DDS/generated/sensor_msgs/msg/Joy.h,/home/lh/Documents/joao_pessoa_2026/src/ardupilot/build/sitl/libraries/AP_DDS/generated/sensor_msgs/msg/Joy.c,/home/lh/Documents/joao_pessoa_2026/src/ardupilot/build/sitl/libraries/AP_DDS/generated/sensor_msgs/msg/NavSatFix.h,/home/lh/Documents/joao_pessoa_2026/src/ardupilot/build/sitl/libraries/AP_DDS/generated/sensor_msgs/msg/NavSatFix.c,/home/lh/Documents/joao_pessoa_2026/src/ardupilot/build/sitl/libraries/AP_DDS/generated/sensor_msgs/msg/NavSatStatus.h,/home/lh/Documents/joao_pessoa_2026/src/ardupilot/build/sitl/libraries/AP_DDS/generated/sensor_msgs/msg/NavSatStatus.c: libraries/AP_DDS/Idl/sensor_msgs/msg/BatteryState.idl libraries/AP_DDS/Idl/sensor_msgs/msg/Imu.idl libraries/AP_DDS/Idl/sensor_msgs/msg/Joy.idl libraries/AP_DDS/Idl/sensor_msgs/msg/NavSatFix.idl libraries/AP_DDS/Idl/sensor_msgs/msg/NavSatStatus.idl -> build/sitl/libraries/AP_DDS/generated/sensor_msgs/msg/BatteryState.h build/sitl/libraries/AP_DDS/generated/sensor_msgs/msg/BatteryState.c build/sitl/libraries/AP_DDS/generated/sensor_msgs/msg/Imu.h build/sitl/libraries/AP_DDS/generated/sensor_msgs/msg/Imu.c build/sitl/libraries/AP_DDS/generated/sensor_msgs/msg/Joy.h build/sitl/libraries/AP_DDS/generated/sensor_msgs/msg/Joy.c build/sitl/libraries/AP_DDS/generated/sensor_msgs/msg/NavSatFix.h build/sitl/libraries/AP_DDS/generated/sensor_msgs/msg/NavSatFix.c build/sitl/libraries/AP_DDS/generated/sensor_msgs/msg/NavSatStatus.h build/sitl/libraries/AP_DDS/generated/sensor_msgs/msg/NavSatStatus.c[0m
[24/28] Processing [01;34mlibraries/AP_DDS/Idl/std_msgs/msg/Header.idl[0m
[25/28] Processing [01;34mlibraries/AP_DDS/Idl/std_srvs/srv/Trigger.idl[0m
[26/28] Processing [01;34mlibraries/AP_DDS/Idl/tf2_msgs/msg/TFMessage.idl[0m
[27/28] Creating [01;34mbuild/sitl/ap_version.h[0m
[28/28] Processing [01;34m/home/lh/Documents/joao_pessoa_2026/src/ardupilot/build/sitl/libraries/AP_Scripting/lua_generated_bindings.cpp,/home/lh/Documents/joao_pessoa_2026/src/ardupilot/build/sitl/libraries/AP_Scripting/lua_generated_bindings.h: libraries/AP_Scripting/generator/description/bindings.desc build/sitl/gen-bindings -> build/sitl/libraries/AP_Scripting/lua_generated_bindings.cpp build/sitl/libraries/AP_Scripting/lua_generated_bindings.h[0m
Processing /home/lh/Documents/joao_pessoa_2026/src/ardupilot/modules/Micro-XRCE-DDS-Client/include/uxr/client/config.h.in to /home/lh/Documents/joao_pessoa_2026/src/ardupilot/build/sitl/modules/Micro-XRCE-DDS-Client/include/uxr/client/config.h
[0m
Processing /home/lh/Documents/joao_pessoa_2026/src/ardupilot/modules/Micro-CDR/include/ucdr/config.h.in to /home/lh/Documents/joao_pessoa_2026/src/ardupilot/build/sitl/modules/Micro-CDR/include/ucdr/config.h
[0m
Generating C implementation in directory /home/lh/Documents/joao_pessoa_2026/src/ardupilot/build/sitl/libraries/GCS_MAVLink/include/mavlink/v2.0/ASLUAV
Generating C implementation in directory /home/lh/Documents/joao_pessoa_2026/src/ardupilot/build/sitl/libraries/GCS_MAVLink/include/mavlink/v2.0/common
Generating C implementation in directory /home/lh/Documents/joao_pessoa_2026/src/ardupilot/build/sitl/libraries/GCS_MAVLink/include/mavlink/v2.0/development
Generating C implementation in directory /home/lh/Documents/joao_pessoa_2026/src/ardupilot/build/sitl/libraries/GCS_MAVLink/include/mavlink/v2.0/icarous
Generating C implementation in directory /home/lh/Documents/joao_pessoa_2026/src/ardupilot/build/sitl/libraries/GCS_MAVLink/include/mavlink/v2.0/minimal
Generating C implementation in directory /home/lh/Documents/joao_pessoa_2026/src/ardupilot/build/sitl/libraries/GCS_MAVLink/include/mavlink/v2.0/python_array_test
Generating C implementation in directory /home/lh/Documents/joao_pessoa_2026/src/ardupilot/build/sitl/libraries/GCS_MAVLink/include/mavlink/v2.0/standard
Generating C implementation in directory /home/lh/Documents/joao_pessoa_2026/src/ardupilot/build/sitl/libraries/GCS_MAVLink/include/mavlink/v2.0/test
Generating C implementation in directory /home/lh/Documents/joao_pessoa_2026/src/ardupilot/build/sitl/libraries/GCS_MAVLink/include/mavlink/v2.0/ualberta
Generating C implementation in directory /home/lh/Documents/joao_pessoa_2026/src/ardupilot/build/sitl/libraries/GCS_MAVLink/include/mavlink/v2.0/uAvionix
Generating C implementation in directory /home/lh/Documents/joao_pessoa_2026/src/ardupilot/build/sitl/libraries/GCS_MAVLink/include/mavlink/v2.0/loweheiser
Generating C implementation in directory /home/lh/Documents/joao_pessoa_2026/src/ardupilot/build/sitl/libraries/GCS_MAVLink/include/mavlink/v2.0/storm32
Loading templates...
Processing the file /home/lh/Documents/joao_pessoa_2026/src/ardupilot/libraries/AP_DDS/Idl/std_msgs/msg/Header.idl...
Generating Type definition files...
Adding dependency project /home/lh/Documents/joao_pessoa_2026/src/ardupilot/libraries/AP_DDS/Idl/builtin_interfaces/msg/Time.idl
Processing the file /home/lh/Documents/joao_pessoa_2026/src/ardupilot/libraries/AP_DDS/Idl/builtin_interfaces/msg/Time.idl...
Generating Type definition files...
[0m
Generating C implementation in directory /home/lh/Documents/joao_pessoa_2026/src/ardupilot/build/sitl/libraries/GCS_MAVLink/include/mavlink/v2.0/AVSSUAS
Generating C implementation in directory /home/lh/Documents/joao_pessoa_2026/src/ardupilot/build/sitl/libraries/GCS_MAVLink/include/mavlink/v2.0/cubepilot
Loading templates...
Processing the file /home/lh/Documents/joao_pessoa_2026/src/ardupilot/libraries/AP_DDS/Idl/std_srvs/srv/Trigger.idl...
Generating Type definition files...
[0m
Generating C implementation in directory /home/lh/Documents/joao_pessoa_2026/src/ardupilot/build/sitl/libraries/GCS_MAVLink/include/mavlink/v2.0/csAirLink
Copying fixed headers for protocol 2.0 to /home/lh/Documents/joao_pessoa_2026/src/ardupilot/build/sitl/libraries/GCS_MAVLink/include/mavlink/v2.0
Loading templates...
Processing the file /home/lh/Documents/joao_pessoa_2026/src/ardupilot/libraries/AP_DDS/Idl/rosgraph_msgs/msg/Clock.idl...
Generating Type definition files...
Adding dependency project /home/lh/Documents/joao_pessoa_2026/src/ardupilot/libraries/AP_DDS/Idl/builtin_interfaces/msg/Time.idl
Processing the file /home/lh/Documents/joao_pessoa_2026/src/ardupilot/libraries/AP_DDS/Idl/builtin_interfaces/msg/Time.idl...
Generating Type definition files...
[0m
Loading templates...
Processing the file /home/lh/Documents/joao_pessoa_2026/src/ardupilot/libraries/AP_DDS/Idl/builtin_interfaces/msg/Duration.idl...
Generating Type definition files...
Processing the file /home/lh/Documents/joao_pessoa_2026/src/ardupilot/libraries/AP_DDS/Idl/builtin_interfaces/msg/Time.idl...
Generating Type definition files...
[0m
Loading templates...
Processing the file /home/lh/Documents/joao_pessoa_2026/src/ardupilot/libraries/AP_DDS/Idl/ardupilot_msgs/srv/ArmMotors.idl...
Generating Type definition files...
Processing the file /home/lh/Documents/joao_pessoa_2026/src/ardupilot/libraries/AP_DDS/Idl/ardupilot_msgs/srv/ModeSwitch.idl...
Generating Type definition files...
Processing the file /home/lh/Documents/joao_pessoa_2026/src/ardupilot/libraries/AP_DDS/Idl/ardupilot_msgs/srv/Takeoff.idl...
Generating Type definition files...
[0m
expanding com.hex.equipment.flow.Measurement
expanding uavcan.equipment.camera_gimbal.GEOPOICommand
expanding uavcan.protocol.DataTypeKind
expanding com.tmotor.esc.FocCtrl
expanding dronecan.protocol.Stats
expanding uavcan.equipment.air_data.TrueAirspeed
expanding uavcan.protocol.SoftwareVersion
expanding ardupilot.equipment.trafficmonitor.TrafficReport
expanding com.hobbywing.esc.SetID
expanding dronecan.remoteid.SelfID
expanding dronecan.protocol.FlexDebug
expanding uavcan.equipment.camera_gimbal.Mode
expanding uavcan.equipment.esc.RawCommand
expanding uavcan.equipment.gnss.ECEFPositionVelocity
expanding uavcan.tunnel.Protocol
expanding uavcan.protocol.file.EntryType
expanding com.hobbywing.esc.SetDirection
expanding uavcan.equipment.actuator.Status
expanding uavcan.protocol.param.Empty
expanding com.tmotor.esc.PUSHCAN
expanding uavcan.equipment.ahrs.RawIMU
expanding uavcan.protocol.enumeration.Indication
expanding ardupilot.equipment.proximity_sensor.Proximity
expanding ardupilot.gnss.Status
expanding com.himark.servo.ServoCmd
expanding dronecan.sensors.rc.RCInput
expanding uavcan.Timestamp
expanding uavcan.equipment.indication.BeepCommand
expanding uavcan.protocol.GetNodeInfo
expanding ardupilot.gnss.Heading
expanding dronecan.remoteid.System
expanding uavcan.equipment.gnss.Fix
expanding uavcan.protocol.GlobalTimeSync
expanding uavcan.protocol.debug.LogLevel
expanding com.hobbywing.esc.GetMajorConfig
expanding uavcan.protocol.param.NumericValue
expanding com.hobbywing.esc.StatusMsg2
expanding uavcan.equipment.ahrs.MagneticFieldStrength
expanding uavcan.equipment.air_data.RawAirData
expanding uavcan.protocol.dynamic_node_id.Allocation
expanding com.hobbywing.esc.StatusMsg1
expanding uavcan.equipment.ahrs.MagneticFieldStrength2
expanding uavcan.protocol.GetTransportStats
expanding ardupilot.indication.Button
expanding com.hobbywing.esc.SetAngle
expanding uavcan.equipment.air_data.StaticTemperature
expanding uavcan.protocol.dynamic_node_id.server.Entry
expanding com.xacti.GimbalControlData
expanding dronecan.sensors.magnetometer.MagneticFieldStrengthHiRes
expanding uavcan.equipment.esc.RPMCommand
expanding uavcan.equipment.air_data.StaticPressure
expanding uavcan.protocol.file.Error
expanding com.xacti.GnssStatusReq
expanding uavcan.equipment.gnss.RTCMStream
expanding uavcan.protocol.NodeStatus
expanding uavcan.protocol.file.Path
expanding ardupilot.indication.SafetyState
expanding com.hobbywing.esc.SetThrottleSource
expanding uavcan.equipment.camera_gimbal.AngularCommand
expanding uavcan.equipment.indication.SingleLightCommand
expanding uavcan.protocol.param.Value
expanding com.volz.servo.ActuatorStatus
expanding uavcan.equipment.power.PrimaryPowerSupplyStatus
expanding uavcan.protocol.AccessCommandShell
expanding com.hobbywing.esc.SetReportingFrequency
expanding uavcan.protocol.CANIfaceStats
expanding uavcan.protocol.file.Delete
expanding ardupilot.gnss.MovingBaselineData
expanding dronecan.remoteid.SecureCommand
expanding uavcan.equipment.actuator.ArrayCommand
expanding uavcan.protocol.GetDataTypeInfo
expanding uavcan.navigation.GlobalNavigationSolution
expanding com.tmotor.esc.ParamGet
expanding dronecan.sensors.rpm.RPM
expanding dronecan.protocol.GlobalTime
expanding uavcan.equipment.power.CircuitStatus
expanding uavcan.tunnel.SerialConfig
expanding uavcan.protocol.dynamic_node_id.server.AppendEntries
expanding com.xacti.GnssStatus
expanding uavcan.equipment.gnss.Fix2
expanding uavcan.equipment.ice.reciprocating.Status
expanding uavcan.equipment.actuator.Command
expanding uavcan.protocol.dynamic_node_id.server.RequestVote
expanding ardupilot.equipment.power.BatteryTag
expanding com.himark.servo.ServoInfo
expanding dronecan.protocol.CanStats
expanding uavcan.equipment.power.BatteryInfo
expanding uavcan.tunnel.Broadcast
expanding uavcan.protocol.debug.KeyValue
expanding ardupilot.indication.NotifyState
expanding dronecan.remoteid.Location
expanding uavcan.equipment.ice.reciprocating.CylinderStatus
expanding uavcan.protocol.file.GetDirectoryEntryInfo
expanding com.hobbywing.esc.SetBaud
expanding uavcan.protocol.Panic
expanding uavcan.protocol.param.ExecuteOpcode
expanding com.tmotor.esc.PUSHSCI
expanding dronecan.sensors.hygrometer.Hygrometer
expanding uavcan.equipment.esc.Status
expanding uavcan.equipment.ice.FuelTankStatus
expanding uavcan.equipment.air_data.IndicatedAirspeed
expanding uavcan.protocol.HardwareVersion
expanding uavcan.protocol.debug.LogMessage
expanding ardupilot.equipment.power.BatteryContinuous
expanding com.hobbywing.esc.GetEscID
expanding uavcan.equipment.device.Temperature
expanding uavcan.equipment.air_data.Sideslip
expanding uavcan.protocol.dynamic_node_id.server.Discovery
expanding com.hobbywing.esc.StatusMsg3
expanding uavcan.equipment.esc.StatusExtended
expanding uavcan.tunnel.Targetted
expanding uavcan.protocol.file.Read
expanding com.xacti.GimbalAttitudeStatus
expanding cuav.equipment.power.CBAT
expanding uavcan.equipment.indication.RGB565
expanding uavcan.protocol.file.Write
expanding ardupilot.equipment.power.BatteryInfoAux
expanding com.hobbywing.esc.SetLED
expanding mppt.OutputEnable
expanding uavcan.equipment.hardpoint.Status
expanding uavcan.equipment.air_data.AngleOfAttack
expanding uavcan.protocol.file.BeginFirmwareUpdate
expanding ardupilot.equipment.power.BatteryCells
expanding com.xacti.CopterAttStatus
expanding com.hobbywing.esc.GetMaintenanceInformation
expanding dronecan.remoteid.BasicID
expanding mppt.Stream
expanding uavcan.equipment.camera_gimbal.Status
expanding uavcan.equipment.hardpoint.Command
expanding uavcan.protocol.RestartNode
expanding com.tmotor.esc.ParamCfg
expanding dronecan.remoteid.ArmStatus
expanding uavcan.equipment.ahrs.Solution
expanding uavcan.equipment.indication.LightsCommand
expanding uavcan.protocol.file.GetInfo
expanding ardupilot.gnss.RelPosHeading
expanding dronecan.remoteid.OperatorID
expanding uavcan.equipment.range_sensor.Measurement
expanding uavcan.tunnel.Call
expanding com.hobbywing.esc.RawCommand
expanding uavcan.CoarseOrientation
expanding uavcan.equipment.safety.ArmingStatus
expanding uavcan.protocol.param.GetSet
expanding ardupilot.equipment.power.BatteryPeriodic
expanding com.hobbywing.esc.SelfTest
expanding uavcan.equipment.gnss.Auxiliary
expanding uavcan.protocol.enumeration.Begin
[0m
Loading templates...
Processing the file /home/lh/Documents/joao_pessoa_2026/src/ardupilot/libraries/AP_DDS/Idl/rcl_interfaces/msg/Parameter.idl...
Generating Type definition files...
Adding dependency project /home/lh/Documents/joao_pessoa_2026/src/ardupilot/libraries/AP_DDS/Idl/rcl_interfaces/msg/ParameterValue.idl
Processing the file /home/lh/Documents/joao_pessoa_2026/src/ardupilot/libraries/AP_DDS/Idl/rcl_interfaces/msg/ParameterValue.idl...
Generating Type definition files...
Processing the file /home/lh/Documents/joao_pessoa_2026/src/ardupilot/libraries/AP_DDS/Idl/rcl_interfaces/msg/ParameterType.idl...
Generating Type definition files...
Processing the file /home/lh/Documents/joao_pessoa_2026/src/ardupilot/libraries/AP_DDS/Idl/rcl_interfaces/msg/ParameterValue.idl...
Generating Type definition files...
Processing the file /home/lh/Documents/joao_pessoa_2026/src/ardupilot/libraries/AP_DDS/Idl/rcl_interfaces/msg/SetParametersResult.idl...
Generating Type definition files...
[0m
Loading templates...
Processing the file /home/lh/Documents/joao_pessoa_2026/src/ardupilot/libraries/AP_DDS/Idl/rcl_interfaces/srv/GetParameters.idl...
Generating Type definition files...
Adding dependency project /home/lh/Documents/joao_pessoa_2026/src/ardupilot/libraries/AP_DDS/Idl/rcl_interfaces/msg/ParameterValue.idl
Processing the file /home/lh/Documents/joao_pessoa_2026/src/ardupilot/libraries/AP_DDS/Idl/rcl_interfaces/msg/ParameterValue.idl...
Generating Type definition files...
Processing the file /home/lh/Documents/joao_pessoa_2026/src/ardupilot/libraries/AP_DDS/Idl/rcl_interfaces/srv/SetParameters.idl...
Generating Type definition files...
Adding dependency project /home/lh/Documents/joao_pessoa_2026/src/ardupilot/libraries/AP_DDS/Idl/rcl_interfaces/msg/SetParametersResult.idl
Processing the file /home/lh/Documents/joao_pessoa_2026/src/ardupilot/libraries/AP_DDS/Idl/rcl_interfaces/msg/SetParametersResult.idl...
Generating Type definition files...
Adding dependency project /home/lh/Documents/joao_pessoa_2026/src/ardupilot/libraries/AP_DDS/Idl/rcl_interfaces/msg/Parameter.idl
Processing the file /home/lh/Documents/joao_pessoa_2026/src/ardupilot/libraries/AP_DDS/Idl/rcl_interfaces/msg/Parameter.idl...
Generating Type definition files...
Adding dependency project /home/lh/Documents/joao_pessoa_2026/src/ardupilot/libraries/AP_DDS/Idl/rcl_interfaces/msg/ParameterValue.idl
Processing the file /home/lh/Documents/joao_pessoa_2026/src/ardupilot/libraries/AP_DDS/Idl/rcl_interfaces/msg/ParameterValue.idl...
Generating Type definition files...
[0m
Loading templates...
Processing the file /home/lh/Documents/joao_pessoa_2026/src/ardupilot/libraries/AP_DDS/Idl/tf2_msgs/msg/TFMessage.idl...
Generating Type definition files...
Adding dependency project /home/lh/Documents/joao_pessoa_2026/src/ardupilot/libraries/AP_DDS/Idl/geometry_msgs/msg/TransformStamped.idl
Processing the file /home/lh/Documents/joao_pessoa_2026/src/ardupilot/libraries/AP_DDS/Idl/geometry_msgs/msg/TransformStamped.idl...
Generating Type definition files...
Adding dependency project /home/lh/Documents/joao_pessoa_2026/src/ardupilot/libraries/AP_DDS/Idl/std_msgs/msg/Header.idl
Processing the file /home/lh/Documents/joao_pessoa_2026/src/ardupilot/libraries/AP_DDS/Idl/std_msgs/msg/Header.idl...
Generating Type definition files...
Adding dependency project /home/lh/Documents/joao_pessoa_2026/src/ardupilot/libraries/AP_DDS/Idl/builtin_interfaces/msg/Time.idl
Processing the file /home/lh/Documents/joao_pessoa_2026/src/ardupilot/libraries/AP_DDS/Idl/builtin_interfaces/msg/Time.idl...
Generating Type definition files...
Adding dependency project /home/lh/Documents/joao_pessoa_2026/src/ardupilot/libraries/AP_DDS/Idl/geometry_msgs/msg/Transform.idl
Processing the file /home/lh/Documents/joao_pessoa_2026/src/ardupilot/libraries/AP_DDS/Idl/geometry_msgs/msg/Transform.idl...
Generating Type definition files...
Adding dependency project /home/lh/Documents/joao_pessoa_2026/src/ardupilot/libraries/AP_DDS/Idl/geometry_msgs/msg/Vector3.idl
Processing the file /home/lh/Documents/joao_pessoa_2026/src/ardupilot/libraries/AP_DDS/Idl/geometry_msgs/msg/Vector3.idl...
Generating Type definition files...
Adding dependency project /home/lh/Documents/joao_pessoa_2026/src/ardupilot/libraries/AP_DDS/Idl/geometry_msgs/msg/Quaternion.idl
Processing the file /home/lh/Documents/joao_pessoa_2026/src/ardupilot/libraries/AP_DDS/Idl/geometry_msgs/msg/Quaternion.idl...
Generating Type definition files...
[0m
Loading templates...
Processing the file /home/lh/Documents/joao_pessoa_2026/src/ardupilot/libraries/AP_DDS/Idl/geographic_msgs/msg/GeoPoint.idl...
WARNING (File GeoPoint, Line 14): Annotation unit not supported. Ignoring...
WARNING (File GeoPoint, Line 21): Annotation unit not supported. Ignoring...
WARNING (File GeoPoint, Line 26): Annotation unit not supported. Ignoring...
Generating Type definition files...
Processing the file /home/lh/Documents/joao_pessoa_2026/src/ardupilot/libraries/AP_DDS/Idl/geographic_msgs/msg/GeoPointStamped.idl...
WARNING (File GeoPointStamped, Line 14): Annotation unit not supported. Ignoring...
WARNING (File GeoPointStamped, Line 21): Annotation unit not supported. Ignoring...
WARNING (File GeoPointStamped, Line 26): Annotation unit not supported. Ignoring...
Generating Type definition files...
Adding dependency project /home/lh/Documents/joao_pessoa_2026/src/ardupilot/libraries/AP_DDS/Idl/std_msgs/msg/Header.idl
Processing the file /home/lh/Documents/joao_pessoa_2026/src/ardupilot/libraries/AP_DDS/Idl/std_msgs/msg/Header.idl...
Generating Type definition files...
Adding dependency project /home/lh/Documents/joao_pessoa_2026/src/ardupilot/libraries/AP_DDS/Idl/builtin_interfaces/msg/Time.idl
Processing the file /home/lh/Documents/joao_pessoa_2026/src/ardupilot/libraries/AP_DDS/Idl/builtin_interfaces/msg/Time.idl...
Generating Type definition files...
Adding dependency project /home/lh/Documents/joao_pessoa_2026/src/ardupilot/libraries/AP_DDS/Idl/geographic_msgs/msg/GeoPoint.idl
Processing the file /home/lh/Documents/joao_pessoa_2026/src/ardupilot/libraries/AP_DDS/Idl/geographic_msgs/msg/GeoPoint.idl...
WARNING (File GeoPoint, Line 14): Annotation unit not supported. Ignoring...
WARNING (File GeoPoint, Line 21): Annotation unit not supported. Ignoring...
WARNING (File GeoPoint, Line 26): Annotation unit not supported. Ignoring...
Generating Type definition files...
Processing the file /home/lh/Documents/joao_pessoa_2026/src/ardupilot/libraries/AP_DDS/Idl/geographic_msgs/msg/GeoPose.idl...
WARNING (File GeoPose, Line 14): Annotation unit not supported. Ignoring...
WARNING (File GeoPose, Line 21): Annotation unit not supported. Ignoring...
WARNING (File GeoPose, Line 26): Annotation unit not supported. Ignoring...
Generating Type definition files...
Adding dependency project /home/lh/Documents/joao_pessoa_2026/src/ardupilot/libraries/AP_DDS/Idl/geographic_msgs/msg/GeoPoint.idl
Processing the file /home/lh/Documents/joao_pessoa_2026/src/ardupilot/libraries/AP_DDS/Idl/geographic_msgs/msg/GeoPoint.idl...
WARNING (File GeoPoint, Line 14): Annotation unit not supported. Ignoring...
WARNING (File GeoPoint, Line 21): Annotation unit not supported. Ignoring...
WARNING (File GeoPoint, Line 26): Annotation unit not supported. Ignoring...
Generating Type definition files...
Adding dependency project /home/lh/Documents/joao_pessoa_2026/src/ardupilot/libraries/AP_DDS/Idl/geometry_msgs/msg/Quaternion.idl
Processing the file /home/lh/Documents/joao_pessoa_2026/src/ardupilot/libraries/AP_DDS/Idl/geometry_msgs/msg/Quaternion.idl...
Generating Type definition files...
Processing the file /home/lh/Documents/joao_pessoa_2026/src/ardupilot/libraries/AP_DDS/Idl/geographic_msgs/msg/GeoPoseStamped.idl...
WARNING (File GeoPoseStamped, Line 14): Annotation unit not supported. Ignoring...
WARNING (File GeoPoseStamped, Line 21): Annotation unit not supported. Ignoring...
WARNING (File GeoPoseStamped, Line 26): Annotation unit not supported. Ignoring...
Generating Type definition files...
Adding dependency project /home/lh/Documents/joao_pessoa_2026/src/ardupilot/libraries/AP_DDS/Idl/std_msgs/msg/Header.idl
Processing the file /home/lh/Documents/joao_pessoa_2026/src/ardupilot/libraries/AP_DDS/Idl/std_msgs/msg/Header.idl...
Generating Type definition files...
Adding dependency project /home/lh/Documents/joao_pessoa_2026/src/ardupilot/libraries/AP_DDS/Idl/builtin_interfaces/msg/Time.idl
Processing the file /home/lh/Documents/joao_pessoa_2026/src/ardupilot/libraries/AP_DDS/Idl/builtin_interfaces/msg/Time.idl...
Generating Type definition files...
Adding dependency project /home/lh/Documents/joao_pessoa_2026/src/ardupilot/libraries/AP_DDS/Idl/geographic_msgs/msg/GeoPose.idl
Processing the file /home/lh/Documents/joao_pessoa_2026/src/ardupilot/libraries/AP_DDS/Idl/geographic_msgs/msg/GeoPose.idl...
WARNING (File GeoPose, Line 14): Annotation unit not supported. Ignoring...
WARNING (File GeoPose, Line 21): Annotation unit not supported. Ignoring...
WARNING (File GeoPose, Line 26): Annotation unit not supported. Ignoring...
Generating Type definition files...
Adding dependency project /home/lh/Documents/joao_pessoa_2026/src/ardupilot/libraries/AP_DDS/Idl/geographic_msgs/msg/GeoPoint.idl
Processing the file /home/lh/Documents/joao_pessoa_2026/src/ardupilot/libraries/AP_DDS/Idl/geographic_msgs/msg/GeoPoint.idl...
WARNING (File GeoPoint, Line 14): Annotation unit not supported. Ignoring...
WARNING (File GeoPoint, Line 21): Annotation unit not supported. Ignoring...
WARNING (File GeoPoint, Line 26): Annotation unit not supported. Ignoring...
Generating Type definition files...
Adding dependency project /home/lh/Documents/joao_pessoa_2026/src/ardupilot/libraries/AP_DDS/Idl/geometry_msgs/msg/Quaternion.idl
Processing the file /home/lh/Documents/joao_pessoa_2026/src/ardupilot/libraries/AP_DDS/Idl/geometry_msgs/msg/Quaternion.idl...
Generating Type definition files...
[0m
Loading templates...
Processing the file /home/lh/Documents/joao_pessoa_2026/src/ardupilot/libraries/AP_DDS/Idl/ardupilot_msgs/msg/Airspeed.idl...
Generating Type definition files...
Adding dependency project /home/lh/Documents/joao_pessoa_2026/src/ardupilot/libraries/AP_DDS/Idl/std_msgs/msg/Header.idl
Processing the file /home/lh/Documents/joao_pessoa_2026/src/ardupilot/libraries/AP_DDS/Idl/std_msgs/msg/Header.idl...
Generating Type definition files...
Adding dependency project /home/lh/Documents/joao_pessoa_2026/src/ardupilot/libraries/AP_DDS/Idl/builtin_interfaces/msg/Time.idl
Processing the file /home/lh/Documents/joao_pessoa_2026/src/ardupilot/libraries/AP_DDS/Idl/builtin_interfaces/msg/Time.idl...
Generating Type definition files...
Adding dependency project /home/lh/Documents/joao_pessoa_2026/src/ardupilot/libraries/AP_DDS/Idl/geometry_msgs/msg/Vector3.idl
Processing the file /home/lh/Documents/joao_pessoa_2026/src/ardupilot/libraries/AP_DDS/Idl/geometry_msgs/msg/Vector3.idl...
Generating Type definition files...
Processing the file /home/lh/Documents/joao_pessoa_2026/src/ardupilot/libraries/AP_DDS/Idl/ardupilot_msgs/msg/GlobalPosition.idl...
Generating Type definition files...
Adding dependency project /home/lh/Documents/joao_pessoa_2026/src/ardupilot/libraries/AP_DDS/Idl/std_msgs/msg/Header.idl
Processing the file /home/lh/Documents/joao_pessoa_2026/src/ardupilot/libraries/AP_DDS/Idl/std_msgs/msg/Header.idl...
Generating Type definition files...
Adding dependency project /home/lh/Documents/joao_pessoa_2026/src/ardupilot/libraries/AP_DDS/Idl/builtin_interfaces/msg/Time.idl
Processing the file /home/lh/Documents/joao_pessoa_2026/src/ardupilot/libraries/AP_DDS/Idl/builtin_interfaces/msg/Time.idl...
Generating Type definition files...
Adding dependency project /home/lh/Documents/joao_pessoa_2026/src/ardupilot/libraries/AP_DDS/Idl/geometry_msgs/msg/Twist.idl
Processing the file /home/lh/Documents/joao_pessoa_2026/src/ardupilot/libraries/AP_DDS/Idl/geometry_msgs/msg/Twist.idl...
Generating Type definition files...
Adding dependency project /home/lh/Documents/joao_pessoa_2026/src/ardupilot/libraries/AP_DDS/Idl/geometry_msgs/msg/Vector3.idl
Processing the file /home/lh/Documents/joao_pessoa_2026/src/ardupilot/libraries/AP_DDS/Idl/geometry_msgs/msg/Vector3.idl...
Generating Type definition files...
Processing the file /home/lh/Documents/joao_pessoa_2026/src/ardupilot/libraries/AP_DDS/Idl/ardupilot_msgs/msg/Rc.idl...
Generating Type definition files...
Adding dependency project /home/lh/Documents/joao_pessoa_2026/src/ardupilot/libraries/AP_DDS/Idl/std_msgs/msg/Header.idl
Processing the file /home/lh/Documents/joao_pessoa_2026/src/ardupilot/libraries/AP_DDS/Idl/std_msgs/msg/Header.idl...
Generating Type definition files...
Adding dependency project /home/lh/Documents/joao_pessoa_2026/src/ardupilot/libraries/AP_DDS/Idl/builtin_interfaces/msg/Time.idl
Processing the file /home/lh/Documents/joao_pessoa_2026/src/ardupilot/libraries/AP_DDS/Idl/builtin_interfaces/msg/Time.idl...
Generating Type definition files...
Processing the file /home/lh/Documents/joao_pessoa_2026/src/ardupilot/libraries/AP_DDS/Idl/ardupilot_msgs/msg/Status.idl...
Generating Type definition files...
Adding dependency project /home/lh/Documents/joao_pessoa_2026/src/ardupilot/libraries/AP_DDS/Idl/std_msgs/msg/Header.idl
Processing the file /home/lh/Documents/joao_pessoa_2026/src/ardupilot/libraries/AP_DDS/Idl/std_msgs/msg/Header.idl...
Generating Type definition files...
Adding dependency project /home/lh/Documents/joao_pessoa_2026/src/ardupilot/libraries/AP_DDS/Idl/builtin_interfaces/msg/Time.idl
Processing the file /home/lh/Documents/joao_pessoa_2026/src/ardupilot/libraries/AP_DDS/Idl/builtin_interfaces/msg/Time.idl...
Generating Type definition files...
[0m
Loading templates...
Processing the file /home/lh/Documents/joao_pessoa_2026/src/ardupilot/libraries/AP_DDS/Idl/sensor_msgs/msg/BatteryState.idl...
Generating Type definition files...
Adding dependency project /home/lh/Documents/joao_pessoa_2026/src/ardupilot/libraries/AP_DDS/Idl/std_msgs/msg/Header.idl
Processing the file /home/lh/Documents/joao_pessoa_2026/src/ardupilot/libraries/AP_DDS/Idl/std_msgs/msg/Header.idl...
Generating Type definition files...
Adding dependency project /home/lh/Documents/joao_pessoa_2026/src/ardupilot/libraries/AP_DDS/Idl/builtin_interfaces/msg/Time.idl
Processing the file /home/lh/Documents/joao_pessoa_2026/src/ardupilot/libraries/AP_DDS/Idl/builtin_interfaces/msg/Time.idl...
Generating Type definition files...
Processing the file /home/lh/Documents/joao_pessoa_2026/src/ardupilot/libraries/AP_DDS/Idl/sensor_msgs/msg/Imu.idl...
Generating Type definition files...
Adding dependency project /home/lh/Documents/joao_pessoa_2026/src/ardupilot/libraries/AP_DDS/Idl/std_msgs/msg/Header.idl
Processing the file /home/lh/Documents/joao_pessoa_2026/src/ardupilot/libraries/AP_DDS/Idl/std_msgs/msg/Header.idl...
Generating Type definition files...
Adding dependency project /home/lh/Documents/joao_pessoa_2026/src/ardupilot/libraries/AP_DDS/Idl/builtin_interfaces/msg/Time.idl
Processing the file /home/lh/Documents/joao_pessoa_2026/src/ardupilot/libraries/AP_DDS/Idl/builtin_interfaces/msg/Time.idl...
Generating Type definition files...
Adding dependency project /home/lh/Documents/joao_pessoa_2026/src/ardupilot/libraries/AP_DDS/Idl/geometry_msgs/msg/Vector3.idl
Processing the file /home/lh/Documents/joao_pessoa_2026/src/ardupilot/libraries/AP_DDS/Idl/geometry_msgs/msg/Vector3.idl...
Generating Type definition files...
Adding dependency project /home/lh/Documents/joao_pessoa_2026/src/ardupilot/libraries/AP_DDS/Idl/geometry_msgs/msg/Quaternion.idl
Processing the file /home/lh/Documents/joao_pessoa_2026/src/ardupilot/libraries/AP_DDS/Idl/geometry_msgs/msg/Quaternion.idl...
Generating Type definition files...
Processing the file /home/lh/Documents/joao_pessoa_2026/src/ardupilot/libraries/AP_DDS/Idl/sensor_msgs/msg/Joy.idl...
Generating Type definition files...
Adding dependency project /home/lh/Documents/joao_pessoa_2026/src/ardupilot/libraries/AP_DDS/Idl/std_msgs/msg/Header.idl
Processing the file /home/lh/Documents/joao_pessoa_2026/src/ardupilot/libraries/AP_DDS/Idl/std_msgs/msg/Header.idl...
Generating Type definition files...
Adding dependency project /home/lh/Documents/joao_pessoa_2026/src/ardupilot/libraries/AP_DDS/Idl/builtin_interfaces/msg/Time.idl
Processing the file /home/lh/Documents/joao_pessoa_2026/src/ardupilot/libraries/AP_DDS/Idl/builtin_interfaces/msg/Time.idl...
Generating Type definition files...
Processing the file /home/lh/Documents/joao_pessoa_2026/src/ardupilot/libraries/AP_DDS/Idl/sensor_msgs/msg/NavSatFix.idl...
WARNING (File NavSatFix, Line 41): Annotation unit not supported. Ignoring...
WARNING (File NavSatFix, Line 46): Annotation unit not supported. Ignoring...
WARNING (File NavSatFix, Line 52): Annotation unit not supported. Ignoring...
WARNING (File NavSatFix, Line 61): Annotation unit not supported. Ignoring...
Generating Type definition files...
Adding dependency project /home/lh/Documents/joao_pessoa_2026/src/ardupilot/libraries/AP_DDS/Idl/std_msgs/msg/Header.idl
Processing the file /home/lh/Documents/joao_pessoa_2026/src/ardupilot/libraries/AP_DDS/Idl/std_msgs/msg/Header.idl...
Generating Type definition files...
Adding dependency project /home/lh/Documents/joao_pessoa_2026/src/ardupilot/libraries/AP_DDS/Idl/builtin_interfaces/msg/Time.idl
Processing the file /home/lh/Documents/joao_pessoa_2026/src/ardupilot/libraries/AP_DDS/Idl/builtin_interfaces/msg/Time.idl...
Generating Type definition files...
Adding dependency project /home/lh/Documents/joao_pessoa_2026/src/ardupilot/libraries/AP_DDS/Idl/sensor_msgs/msg/NavSatStatus.idl
Processing the file /home/lh/Documents/joao_pessoa_2026/src/ardupilot/libraries/AP_DDS/Idl/sensor_msgs/msg/NavSatStatus.idl...
Generating Type definition files...
Processing the file /home/lh/Documents/joao_pessoa_2026/src/ardupilot/libraries/AP_DDS/Idl/sensor_msgs/msg/NavSatStatus.idl...
Generating Type definition files...
[0m
Loading templates...
Processing the file /home/lh/Documents/joao_pessoa_2026/src/ardupilot/libraries/AP_DDS/Idl/geometry_msgs/msg/Point.idl...
Generating Type definition files...
Processing the file /home/lh/Documents/joao_pessoa_2026/src/ardupilot/libraries/AP_DDS/Idl/geometry_msgs/msg/Pose.idl...
Generating Type definition files...
Adding dependency project /home/lh/Documents/joao_pessoa_2026/src/ardupilot/libraries/AP_DDS/Idl/geometry_msgs/msg/Quaternion.idl
Processing the file /home/lh/Documents/joao_pessoa_2026/src/ardupilot/libraries/AP_DDS/Idl/geometry_msgs/msg/Quaternion.idl...
Generating Type definition files...
Adding dependency project /home/lh/Documents/joao_pessoa_2026/src/ardupilot/libraries/AP_DDS/Idl/geometry_msgs/msg/Point.idl
Processing the file /home/lh/Documents/joao_pessoa_2026/src/ardupilot/libraries/AP_DDS/Idl/geometry_msgs/msg/Point.idl...
Generating Type definition files...
Processing the file /home/lh/Documents/joao_pessoa_2026/src/ardupilot/libraries/AP_DDS/Idl/geometry_msgs/msg/PoseStamped.idl...
Generating Type definition files...
Adding dependency project /home/lh/Documents/joao_pessoa_2026/src/ardupilot/libraries/AP_DDS/Idl/std_msgs/msg/Header.idl
Processing the file /home/lh/Documents/joao_pessoa_2026/src/ardupilot/libraries/AP_DDS/Idl/std_msgs/msg/Header.idl...
Generating Type definition files...
Adding dependency project /home/lh/Documents/joao_pessoa_2026/src/ardupilot/libraries/AP_DDS/Idl/builtin_interfaces/msg/Time.idl
Processing the file /home/lh/Documents/joao_pessoa_2026/src/ardupilot/libraries/AP_DDS/Idl/builtin_interfaces/msg/Time.idl...
Generating Type definition files...
Adding dependency project /home/lh/Documents/joao_pessoa_2026/src/ardupilot/libraries/AP_DDS/Idl/geometry_msgs/msg/Pose.idl
Processing the file /home/lh/Documents/joao_pessoa_2026/src/ardupilot/libraries/AP_DDS/Idl/geometry_msgs/msg/Pose.idl...
Generating Type definition files...
Adding dependency project /home/lh/Documents/joao_pessoa_2026/src/ardupilot/libraries/AP_DDS/Idl/geometry_msgs/msg/Quaternion.idl
Processing the file /home/lh/Documents/joao_pessoa_2026/src/ardupilot/libraries/AP_DDS/Idl/geometry_msgs/msg/Quaternion.idl...
Generating Type definition files...
Adding dependency project /home/lh/Documents/joao_pessoa_2026/src/ardupilot/libraries/AP_DDS/Idl/geometry_msgs/msg/Point.idl
Processing the file /home/lh/Documents/joao_pessoa_2026/src/ardupilot/libraries/AP_DDS/Idl/geometry_msgs/msg/Point.idl...
Generating Type definition files...
Processing the file /home/lh/Documents/joao_pessoa_2026/src/ardupilot/libraries/AP_DDS/Idl/geometry_msgs/msg/Quaternion.idl...
Generating Type definition files...
Processing the file /home/lh/Documents/joao_pessoa_2026/src/ardupilot/libraries/AP_DDS/Idl/geometry_msgs/msg/Transform.idl...
Generating Type definition files...
Adding dependency project /home/lh/Documents/joao_pessoa_2026/src/ardupilot/libraries/AP_DDS/Idl/geometry_msgs/msg/Vector3.idl
Processing the file /home/lh/Documents/joao_pessoa_2026/src/ardupilot/libraries/AP_DDS/Idl/geometry_msgs/msg/Vector3.idl...
Generating Type definition files...
Adding dependency project /home/lh/Documents/joao_pessoa_2026/src/ardupilot/libraries/AP_DDS/Idl/geometry_msgs/msg/Quaternion.idl
Processing the file /home/lh/Documents/joao_pessoa_2026/src/ardupilot/libraries/AP_DDS/Idl/geometry_msgs/msg/Quaternion.idl...
Generating Type definition files...
Processing the file /home/lh/Documents/joao_pessoa_2026/src/ardupilot/libraries/AP_DDS/Idl/geometry_msgs/msg/TransformStamped.idl...
Generating Type definition files...
Adding dependency project /home/lh/Documents/joao_pessoa_2026/src/ardupilot/libraries/AP_DDS/Idl/std_msgs/msg/Header.idl
Processing the file /home/lh/Documents/joao_pessoa_2026/src/ardupilot/libraries/AP_DDS/Idl/std_msgs/msg/Header.idl...
Generating Type definition files...
Adding dependency project /home/lh/Documents/joao_pessoa_2026/src/ardupilot/libraries/AP_DDS/Idl/builtin_interfaces/msg/Time.idl
Processing the file /home/lh/Documents/joao_pessoa_2026/src/ardupilot/libraries/AP_DDS/Idl/builtin_interfaces/msg/Time.idl...
Generating Type definition files...
Adding dependency project /home/lh/Documents/joao_pessoa_2026/src/ardupilot/libraries/AP_DDS/Idl/geometry_msgs/msg/Transform.idl
Processing the file /home/lh/Documents/joao_pessoa_2026/src/ardupilot/libraries/AP_DDS/Idl/geometry_msgs/msg/Transform.idl...
Generating Type definition files...
Adding dependency project /home/lh/Documents/joao_pessoa_2026/src/ardupilot/libraries/AP_DDS/Idl/geometry_msgs/msg/Vector3.idl
Processing the file /home/lh/Documents/joao_pessoa_2026/src/ardupilot/libraries/AP_DDS/Idl/geometry_msgs/msg/Vector3.idl...
Generating Type definition files...
Adding dependency project /home/lh/Documents/joao_pessoa_2026/src/ardupilot/libraries/AP_DDS/Idl/geometry_msgs/msg/Quaternion.idl
Processing the file /home/lh/Documents/joao_pessoa_2026/src/ardupilot/libraries/AP_DDS/Idl/geometry_msgs/msg/Quaternion.idl...
Generating Type definition files...
Processing the file /home/lh/Documents/joao_pessoa_2026/src/ardupilot/libraries/AP_DDS/Idl/geometry_msgs/msg/Twist.idl...
Generating Type definition files...
Adding dependency project /home/lh/Documents/joao_pessoa_2026/src/ardupilot/libraries/AP_DDS/Idl/geometry_msgs/msg/Vector3.idl
Processing the file /home/lh/Documents/joao_pessoa_2026/src/ardupilot/libraries/AP_DDS/Idl/geometry_msgs/msg/Vector3.idl...
Generating Type definition files...
Processing the file /home/lh/Documents/joao_pessoa_2026/src/ardupilot/libraries/AP_DDS/Idl/geometry_msgs/msg/TwistStamped.idl...
Generating Type definition files...
Adding dependency project /home/lh/Documents/joao_pessoa_2026/src/ardupilot/libraries/AP_DDS/Idl/std_msgs/msg/Header.idl
Processing the file /home/lh/Documents/joao_pessoa_2026/src/ardupilot/libraries/AP_DDS/Idl/std_msgs/msg/Header.idl...
Generating Type definition files...
Adding dependency project /home/lh/Documents/joao_pessoa_2026/src/ardupilot/libraries/AP_DDS/Idl/builtin_interfaces/msg/Time.idl
Processing the file /home/lh/Documents/joao_pessoa_2026/src/ardupilot/libraries/AP_DDS/Idl/builtin_interfaces/msg/Time.idl...
Generating Type definition files...
Adding dependency project /home/lh/Documents/joao_pessoa_2026/src/ardupilot/libraries/AP_DDS/Idl/geometry_msgs/msg/Twist.idl
Processing the file /home/lh/Documents/joao_pessoa_2026/src/ardupilot/libraries/AP_DDS/Idl/geometry_msgs/msg/Twist.idl...
Generating Type definition files...
Adding dependency project /home/lh/Documents/joao_pessoa_2026/src/ardupilot/libraries/AP_DDS/Idl/geometry_msgs/msg/Vector3.idl
Processing the file /home/lh/Documents/joao_pessoa_2026/src/ardupilot/libraries/AP_DDS/Idl/geometry_msgs/msg/Vector3.idl...
Generating Type definition files...
Processing the file /home/lh/Documents/joao_pessoa_2026/src/ardupilot/libraries/AP_DDS/Idl/geometry_msgs/msg/Vector3.idl...
Generating Type definition files...
Processing the file /home/lh/Documents/joao_pessoa_2026/src/ardupilot/libraries/AP_DDS/Idl/geometry_msgs/msg/Vector3Stamped.idl...
Generating Type definition files...
Adding dependency project /home/lh/Documents/joao_pessoa_2026/src/ardupilot/libraries/AP_DDS/Idl/std_msgs/msg/Header.idl
Processing the file /home/lh/Documents/joao_pessoa_2026/src/ardupilot/libraries/AP_DDS/Idl/std_msgs/msg/Header.idl...
Generating Type definition files...
Adding dependency project /home/lh/Documents/joao_pessoa_2026/src/ardupilot/libraries/AP_DDS/Idl/builtin_interfaces/msg/Time.idl
Processing the file /home/lh/Documents/joao_pessoa_2026/src/ardupilot/libraries/AP_DDS/Idl/builtin_interfaces/msg/Time.idl...
Generating Type definition files...
Adding dependency project /home/lh/Documents/joao_pessoa_2026/src/ardupilot/libraries/AP_DDS/Idl/geometry_msgs/msg/Vector3.idl
Processing the file /home/lh/Documents/joao_pessoa_2026/src/ardupilot/libraries/AP_DDS/Idl/geometry_msgs/msg/Vector3.idl...
Generating Type definition files...
[0m
[32mNo target_list file found, creating[0m
[32mGenerating compile_commands.json[0m
[32mGenerating compile_commands.json[0m
[32mGenerating compile_commands.json[0m
[32mGenerating compile_commands.json[0m
[32mGenerating compile_commands.json[0m
[32mGenerating compile_commands.json[0m
[32mGenerating compile_commands.json[0m
[32mBuild commands will be stored in build/sitl/compile_commands.json[0m
[32mGenerating compile_commands.json[0m
[32mBuild commands will be stored in build/sitl/compile_commands.json[0m
[32mBuild commands will be stored in build/sitl/compile_commands.json[0m
[32mGenerating compile_commands.json[0m
[32mBuild commands will be stored in build/sitl/compile_commands.json[0m
[32mBuild commands will be stored in build/sitl/compile_commands.json[0m
[32mGenerating compile_commands.json[0m
[32mBuild commands will be stored in build/sitl/compile_commands.json[0m
[32mBuild commands will be stored in build/sitl/compile_commands.json[0m
[32mGenerating compile_commands.json[0m
[32mBuild commands will be stored in build/sitl/compile_commands.json[0m
[32mBuild commands will be stored in build/sitl/compile_commands.json[0m
[32mBuild commands will be stored in build/sitl/compile_commands.json[0m
[32mGenerating compile_commands.json[0m
[32mBuild commands will be stored in build/sitl/compile_commands.json[0m
[32mBuild commands will be stored in build/sitl/compile_commands.json[0m
[32mGenerating compile_commands.json[0m
[32mBuild commands will be stored in build/sitl/compile_commands.json[0m
[  29/2351] Compiling [32mbuild/sitl/modules/DroneCAN/libcanard/dsdlc_generated/src/uavcan.protocol.GetTransportStats_req.c[0m
[  30/2351] Compiling [32mbuild/sitl/modules/DroneCAN/libcanard/dsdlc_generated/src/dronecan.remoteid.SecureCommand_req.c[0m
[  31/2351] Compiling [32mbuild/sitl/modules/DroneCAN/libcanard/dsdlc_generated/src/com.hex.equipment.flow.Measurement.c[0m
[  32/2351] Compiling [32mbuild/sitl/modules/DroneCAN/libcanard/dsdlc_generated/src/uavcan.protocol.GetNodeInfo_res.c[0m
[  33/2351] Compiling [32mbuild/sitl/modules/DroneCAN/libcanard/dsdlc_generated/src/uavcan.protocol.GetNodeInfo_req.c[0m
[  34/2351] Compiling [32mbuild/sitl/modules/DroneCAN/libcanard/dsdlc_generated/src/uavcan.protocol.GetDataTypeInfo_req.c[0m
[  35/2351] Compiling [32mbuild/sitl/modules/DroneCAN/libcanard/dsdlc_generated/src/dronecan.remoteid.Location.c[0m
[  36/2351] Compiling [32mbuild/sitl/modules/DroneCAN/libcanard/dsdlc_generated/src/uavcan.protocol.AccessCommandShell_req.c[0m
[  37/2351] Compiling [32mbuild/sitl/modules/DroneCAN/libcanard/dsdlc_generated/src/ardupilot.indication.SafetyState.c[0m
[  38/2351] Compiling [32mbuild/sitl/modules/DroneCAN/libcanard/dsdlc_generated/src/uavcan.equipment.safety.ArmingStatus.c[0m
[  39/2351] Compiling [32mbuild/sitl/modules/DroneCAN/libcanard/dsdlc_generated/src/uavcan.equipment.range_sensor.Measurement.c[0m
[  40/2351] Compiling [32mbuild/sitl/modules/DroneCAN/libcanard/dsdlc_generated/src/dronecan.protocol.GlobalTime.c[0m
[  41/2351] Compiling [32mbuild/sitl/modules/DroneCAN/libcanard/dsdlc_generated/src/uavcan.equipment.indication.LightsCommand.c[0m
[  42/2351] Compiling [32mbuild/sitl/modules/DroneCAN/libcanard/dsdlc_generated/src/uavcan.equipment.indication.BeepCommand.c[0m
[  43/2351] Compiling [32mbuild/sitl/modules/DroneCAN/libcanard/dsdlc_generated/src/uavcan.equipment.ice.reciprocating.Status.c[0m
[  44/2351] Compiling [32mbuild/sitl/modules/DroneCAN/libcanard/dsdlc_generated/src/cuav.equipment.power.CBAT.c[0m
[  45/2351] Compiling [32mbuild/sitl/modules/DroneCAN/libcanard/dsdlc_generated/src/ardupilot.equipment.proximity_sensor.Proximity.c[0m
[  46/2351] Compiling [32mbuild/sitl/modules/DroneCAN/libcanard/dsdlc_generated/src/uavcan.equipment.ice.reciprocating.CylinderStatus.c[0m
[  47/2351] Compiling [32mbuild/sitl/modules/DroneCAN/libcanard/dsdlc_generated/src/com.xacti.GnssStatusReq.c[0m
[  48/2351] Compiling [32mbuild/sitl/modules/DroneCAN/libcanard/dsdlc_generated/src/com.hobbywing.esc.SetAngle_req.c[0m
[  49/2351] Compiling [32mbuild/sitl/modules/DroneCAN/libcanard/dsdlc_generated/src/uavcan.equipment.ice.FuelTankStatus.c[0m
[  50/2351] Compiling [32mbuild/sitl/modules/DroneCAN/libcanard/dsdlc_generated/src/uavcan.equipment.hardpoint.Status.c[0m
[  51/2351] Compiling [32mbuild/sitl/modules/DroneCAN/libcanard/dsdlc_generated/src/ardupilot.indication.NotifyState.c[0m
[  52/2351] Compiling [32mbuild/sitl/modules/DroneCAN/libcanard/dsdlc_generated/src/uavcan.equipment.hardpoint.Command.c[0m
[  53/2351] Compiling [32mbuild/sitl/modules/DroneCAN/libcanard/dsdlc_generated/src/uavcan.equipment.gnss.RTCMStream.c[0m
[  54/2351] Compiling [32mbuild/sitl/modules/DroneCAN/libcanard/dsdlc_generated/src/com.xacti.GimbalControlData.c[0m
[  55/2351] Compiling [32mbuild/sitl/modules/DroneCAN/libcanard/dsdlc_generated/src/com.hobbywing.esc.SelfTest_res.c[0m
[  56/2351] Compiling [32mbuild/sitl/modules/DroneCAN/libcanard/dsdlc_generated/src/ardupilot.indication.Button.c[0m
[  57/2351] Compiling [32mbuild/sitl/modules/DroneCAN/libcanard/dsdlc_generated/src/uavcan.equipment.gnss.Fix2.c[0m
[  58/2351] Compiling [32mbuild/sitl/modules/DroneCAN/libcanard/dsdlc_generated/src/uavcan.equipment.gnss.Fix.c[0m
[  59/2351] Compiling [32mbuild/sitl/modules/DroneCAN/libcanard/dsdlc_generated/src/com.xacti.GnssStatus.c[0m
[  60/2351] Compiling [32mbuild/sitl/modules/DroneCAN/libcanard/dsdlc_generated/src/com.xacti.GimbalAttitudeStatus.c[0m
[  61/2351] Compiling [32mbuild/sitl/modules/DroneCAN/libcanard/dsdlc_generated/src/uavcan.equipment.gnss.ECEFPositionVelocity.c[0m
[  62/2351] Compiling [32mbuild/sitl/modules/DroneCAN/libcanard/dsdlc_generated/src/com.hobbywing.esc.SetAngle_res.c[0m
[  63/2351] Compiling [32mbuild/sitl/modules/DroneCAN/libcanard/dsdlc_generated/src/uavcan.equipment.gnss.Auxiliary.c[0m
[  64/2351] Compiling [32mbuild/sitl/modules/DroneCAN/libcanard/dsdlc_generated/src/com.hobbywing.esc.SelfTest_req.c[0m
[  65/2351] Compiling [32mbuild/sitl/modules/DroneCAN/libcanard/dsdlc_generated/src/uavcan.equipment.esc.StatusExtended.c[0m
[  66/2351] Compiling [32mbuild/sitl/modules/DroneCAN/libcanard/dsdlc_generated/src/uavcan.equipment.esc.Status.c[0m
[  67/2351] Compiling [32mbuild/sitl/modules/DroneCAN/libcanard/dsdlc_generated/src/com.volz.servo.ActuatorStatus.c[0m
[  68/2351] Compiling [32mbuild/sitl/modules/DroneCAN/libcanard/dsdlc_generated/src/com.xacti.CopterAttStatus.c[0m
[  69/2351] Compiling [32mbuild/sitl/modules/DroneCAN/libcanard/dsdlc_generated/src/com.tmotor.esc.ParamGet.c[0m
[  70/2351] Compiling [32mbuild/sitl/modules/DroneCAN/libcanard/dsdlc_generated/src/com.hobbywing.esc.RawCommand.c[0m
[  71/2351] Compiling [32mbuild/sitl/modules/DroneCAN/libcanard/dsdlc_generated/src/ardupilot.gnss.Status.c[0m
[  72/2351] Compiling [32mbuild/sitl/modules/DroneCAN/libcanard/dsdlc_generated/src/ardupilot.equipment.power.BatteryTag.c[0m
[  73/2351] Compiling [32mbuild/sitl/modules/DroneCAN/libcanard/dsdlc_generated/src/ardupilot.equipment.power.BatteryContinuous.c[0m
[  74/2351] Compiling [32mbuild/sitl/modules/DroneCAN/libcanard/dsdlc_generated/src/uavcan.equipment.device.Temperature.c[0m
[  75/2351] Compiling [32mbuild/sitl/modules/DroneCAN/libcanard/dsdlc_generated/src/uavcan.equipment.esc.RPMCommand.c[0m
[  76/2351] Compiling [32mbuild/sitl/modules/DroneCAN/libcanard/dsdlc_generated/src/uavcan.equipment.esc.RawCommand.c[0m
[  77/2351] Compiling [32mbuild/sitl/modules/DroneCAN/libcanard/dsdlc_generated/src/dronecan.protocol.CanStats.c[0m
[  78/2351] Compiling [32mbuild/sitl/modules/DroneCAN/libcanard/dsdlc_generated/src/uavcan.equipment.camera_gimbal.Status.c[0m
[  79/2351] Compiling [32mbuild/sitl/modules/DroneCAN/libcanard/dsdlc_generated/src/uavcan.equipment.indication.RGB565.c[0m
[  80/2351] Compiling [32mbuild/sitl/modules/DroneCAN/libcanard/dsdlc_generated/src/uavcan.equipment.indication.SingleLightCommand.c[0m
[  81/2351] Compiling [32mbuild/sitl/modules/DroneCAN/libcanard/dsdlc_generated/src/uavcan.equipment.camera_gimbal.Mode.c[0m
[  82/2351] Compiling [32mbuild/sitl/modules/DroneCAN/libcanard/dsdlc_generated/src/uavcan.equipment.camera_gimbal.GEOPOICommand.c[0m
[  83/2351] Compiling [32mbuild/sitl/modules/DroneCAN/libcanard/dsdlc_generated/src/com.tmotor.esc.ParamCfg.c[0m
[  84/2351] Compiling [32mbuild/sitl/modules/DroneCAN/libcanard/dsdlc_generated/src/dronecan.protocol.FlexDebug.c[0m
[  85/2351] Compiling [32mbuild/sitl/modules/DroneCAN/libcanard/dsdlc_generated/src/com.tmotor.esc.PUSHSCI.c[0m
[  86/2351] Compiling [32mbuild/sitl/modules/DroneCAN/libcanard/dsdlc_generated/src/uavcan.equipment.power.BatteryInfo.c[0m
[  87/2351] Compiling [32mbuild/sitl/modules/DroneCAN/libcanard/dsdlc_generated/src/uavcan.equipment.power.CircuitStatus.c[0m
[  88/2351] Compiling [32mbuild/sitl/modules/DroneCAN/libcanard/dsdlc_generated/src/com.hobbywing.esc.GetMajorConfig_res.c[0m
[  89/2351] Compiling [32mbuild/sitl/modules/DroneCAN/libcanard/dsdlc_generated/src/com.hobbywing.esc.SetBaud_req.c[0m
[  90/2351] Compiling [32mbuild/sitl/modules/DroneCAN/libcanard/dsdlc_generated/src/uavcan.equipment.camera_gimbal.AngularCommand.c[0m
[  91/2351] Compiling [32mbuild/sitl/modules/DroneCAN/libcanard/dsdlc_generated/src/uavcan.equipment.power.PrimaryPowerSupplyStatus.c[0m
[  92/2351] Compiling [32mbuild/sitl/modules/DroneCAN/libcanard/dsdlc_generated/src/uavcan.equipment.air_data.TrueAirspeed.c[0m
[  93/2351] Compiling [32mbuild/sitl/modules/DroneCAN/libcanard/dsdlc_generated/src/dronecan.protocol.Stats.c[0m
[  94/2351] Compiling [32mbuild/sitl/modules/DroneCAN/libcanard/dsdlc_generated/src/com.tmotor.esc.PUSHCAN.c[0m
[  95/2351] Compiling [32mbuild/sitl/modules/DroneCAN/libcanard/dsdlc_generated/src/uavcan.tunnel.Targetted.c[0m
[  96/2351] Compiling [32mbuild/sitl/modules/DroneCAN/libcanard/dsdlc_generated/src/uavcan.tunnel.SerialConfig.c[0m
[  97/2351] Compiling [32mbuild/sitl/modules/DroneCAN/libcanard/dsdlc_generated/src/uavcan.equipment.air_data.StaticTemperature.c[0m
[  98/2351] Compiling [32mbuild/sitl/modules/DroneCAN/libcanard/dsdlc_generated/src/com.hobbywing.esc.GetMajorConfig_req.c[0m
[  99/2351] Compiling [32mbuild/sitl/modules/DroneCAN/libcanard/dsdlc_generated/src/com.tmotor.esc.FocCtrl.c[0m
[ 100/2351] Compiling [32mbuild/sitl/modules/DroneCAN/libcanard/dsdlc_generated/src/ardupilot.gnss.RelPosHeading.c[0m
[ 101/2351] Compiling [32mbuild/sitl/modules/DroneCAN/libcanard/dsdlc_generated/src/uavcan.equipment.air_data.StaticPressure.c[0m
[ 102/2351] Compiling [32mbuild/sitl/modules/DroneCAN/libcanard/dsdlc_generated/src/uavcan.tunnel.Protocol.c[0m
[ 103/2351] Compiling [32mbuild/sitl/modules/DroneCAN/libcanard/dsdlc_generated/src/uavcan.tunnel.Call_res.c[0m
[ 104/2351] Compiling [32mbuild/sitl/modules/DroneCAN/libcanard/dsdlc_generated/src/uavcan.tunnel.Broadcast.c[0m
[ 105/2351] Compiling [32mbuild/sitl/modules/DroneCAN/libcanard/dsdlc_generated/src/uavcan.protocol.param.Value.c[0m
[ 106/2351] Compiling [32mbuild/sitl/modules/DroneCAN/libcanard/dsdlc_generated/src/com.hobbywing.esc.StatusMsg3.c[0m
[ 107/2351] Compiling [32mbuild/sitl/modules/DroneCAN/libcanard/dsdlc_generated/src/uavcan.equipment.air_data.IndicatedAirspeed.c[0m
[ 108/2351] Compiling [32mbuild/sitl/modules/DroneCAN/libcanard/dsdlc_generated/src/uavcan.protocol.param.GetSet_res.c[0m
[ 109/2351] Compiling [32mbuild/sitl/modules/DroneCAN/libcanard/dsdlc_generated/src/uavcan.protocol.param.NumericValue.c[0m
[ 110/2351] Compiling [32mbuild/sitl/modules/DroneCAN/libcanard/dsdlc_generated/src/uavcan.equipment.air_data.RawAirData.c[0m
[ 111/2351] Compiling [32mbuild/sitl/modules/DroneCAN/libcanard/dsdlc_generated/src/uavcan.tunnel.Call_req.c[0m
[ 112/2351] Compiling [32mbuild/sitl/modules/DroneCAN/libcanard/dsdlc_generated/src/uavcan.equipment.air_data.AngleOfAttack.c[0m
[ 113/2351] Compiling [32mbuild/sitl/modules/DroneCAN/libcanard/dsdlc_generated/src/com.hobbywing.esc.GetMaintenanceInformation_res.c[0m
[ 114/2351] Compiling [32mbuild/sitl/modules/DroneCAN/libcanard/dsdlc_generated/src/com.hobbywing.esc.StatusMsg2.c[0m
[ 115/2351] Compiling [32mbuild/sitl/modules/DroneCAN/libcanard/dsdlc_generated/src/uavcan.equipment.ahrs.Solution.c[0m
[ 116/2351] Compiling [32mbuild/sitl/modules/DroneCAN/libcanard/dsdlc_generated/src/uavcan.protocol.file.Write_res.c[0m
[ 117/2351] Compiling [32mbuild/sitl/modules/DroneCAN/libcanard/dsdlc_generated/src/uavcan.protocol.param.Empty.c[0m
[ 118/2351] Compiling [32mbuild/sitl/modules/DroneCAN/libcanard/dsdlc_generated/src/uavcan.protocol.file.Write_req.c[0m
[ 119/2351] Compiling [32mbuild/sitl/modules/DroneCAN/libcanard/dsdlc_generated/src/uavcan.equipment.ahrs.MagneticFieldStrength2.c[0m
[ 120/2351] Compiling [32mbuild/sitl/modules/DroneCAN/libcanard/dsdlc_generated/src/uavcan.protocol.file.Read_res.c[0m
[ 121/2351] Compiling [32mbuild/sitl/modules/DroneCAN/libcanard/dsdlc_generated/src/uavcan.protocol.file.Read_req.c[0m
[ 122/2351] Compiling [32mbuild/sitl/modules/DroneCAN/libcanard/dsdlc_generated/src/com.hobbywing.esc.StatusMsg1.c[0m
[ 123/2351] Compiling [32mbuild/sitl/modules/DroneCAN/libcanard/dsdlc_generated/src/uavcan.protocol.file.Path.c[0m
[ 124/2351] Compiling [32mbuild/sitl/modules/DroneCAN/libcanard/dsdlc_generated/src/uavcan.equipment.ahrs.RawIMU.c[0m
[ 125/2351] Compiling [32mbuild/sitl/modules/DroneCAN/libcanard/dsdlc_generated/src/uavcan.equipment.ahrs.MagneticFieldStrength.c[0m
[ 126/2351] Compiling [32mbuild/sitl/modules/DroneCAN/libcanard/dsdlc_generated/src/uavcan.protocol.param.ExecuteOpcode_req.c[0m
[ 127/2351] Compiling [32mbuild/sitl/modules/DroneCAN/libcanard/dsdlc_generated/src/com.hobbywing.esc.SetThrottleSource_res.c[0m
[ 128/2351] Compiling [32mbuild/sitl/modules/DroneCAN/libcanard/dsdlc_generated/src/com.hobbywing.esc.GetMaintenanceInformation_req.c[0m
[ 129/2351] Compiling [32mbuild/sitl/modules/DroneCAN/libcanard/dsdlc_generated/src/ardupilot.equipment.power.BatteryPeriodic.c[0m
[ 130/2351] Compiling [32mbuild/sitl/modules/DroneCAN/libcanard/dsdlc_generated/src/ardupilot.gnss.MovingBaselineData.c[0m
[ 131/2351] Compiling [32mbuild/sitl/modules/DroneCAN/libcanard/dsdlc_generated/src/uavcan.protocol.file.GetInfo_res.c[0m
[ 132/2351] Compiling [32mbuild/sitl/modules/DroneCAN/libcanard/dsdlc_generated/src/uavcan.protocol.param.ExecuteOpcode_res.c[0m
[ 133/2351] Compiling [32mbuild/sitl/modules/DroneCAN/libcanard/dsdlc_generated/src/uavcan.protocol.file.GetInfo_req.c[0m
[ 134/2351] Compiling [32mbuild/sitl/modules/DroneCAN/libcanard/dsdlc_generated/src/uavcan.equipment.actuator.Status.c[0m
[ 135/2351] Compiling [32mbuild/sitl/modules/DroneCAN/libcanard/dsdlc_generated/src/uavcan.protocol.file.GetDirectoryEntryInfo_res.c[0m
[ 136/2351] Compiling [32mbuild/sitl/modules/DroneCAN/libcanard/dsdlc_generated/src/uavcan.protocol.param.GetSet_req.c[0m
[ 137/2351] Compiling [32mbuild/sitl/modules/DroneCAN/libcanard/dsdlc_generated/src/uavcan.protocol.file.GetDirectoryEntryInfo_req.c[0m
[ 138/2351] Compiling [32mbuild/sitl/modules/DroneCAN/libcanard/dsdlc_generated/src/uavcan.equipment.actuator.Command.c[0m
[ 139/2351] Compiling [32mbuild/sitl/modules/DroneCAN/libcanard/dsdlc_generated/src/com.hobbywing.esc.SetThrottleSource_req.c[0m
[ 140/2351] Compiling [32mbuild/sitl/modules/DroneCAN/libcanard/dsdlc_generated/src/uavcan.equipment.air_data.Sideslip.c[0m
[ 141/2351] Compiling [32mbuild/sitl/modules/DroneCAN/libcanard/dsdlc_generated/src/uavcan.navigation.GlobalNavigationSolution.c[0m
[ 142/2351] Compiling [32mbuild/sitl/modules/DroneCAN/libcanard/dsdlc_generated/src/com.hobbywing.esc.GetEscID.c[0m
[ 143/2351] Compiling [32mbuild/sitl/modules/DroneCAN/libcanard/dsdlc_generated/src/com.hobbywing.esc.SetReportingFrequency_res.c[0m
[ 144/2351] Compiling [32mbuild/sitl/modules/DroneCAN/libcanard/dsdlc_generated/src/uavcan.protocol.enumeration.Begin_req.c[0m
[ 145/2351] Compiling [32mbuild/sitl/modules/DroneCAN/libcanard/dsdlc_generated/src/uavcan.protocol.dynamic_node_id.server.Entry.c[0m
[ 146/2351] Compiling [32mbuild/sitl/modules/DroneCAN/libcanard/dsdlc_generated/src/uavcan.protocol.dynamic_node_id.server.RequestVote_req.c[0m
[ 147/2351] Compiling [32mbuild/sitl/modules/DroneCAN/libcanard/dsdlc_generated/src/mppt.OutputEnable_req.c[0m
[ 148/2351] Compiling [32mbuild/sitl/modules/DroneCAN/libcanard/dsdlc_generated/src/com.himark.servo.ServoInfo.c[0m
[ 149/2351] Compiling [32mbuild/sitl/modules/DroneCAN/libcanard/dsdlc_generated/src/ardupilot.gnss.Heading.c[0m
[ 150/2351] Compiling [32mbuild/sitl/modules/DroneCAN/libcanard/dsdlc_generated/src/com.hobbywing.esc.SetLED_res.c[0m
[ 151/2351] Compiling [32mbuild/sitl/modules/DroneCAN/libcanard/dsdlc_generated/src/uavcan.protocol.dynamic_node_id.server.Discovery.c[0m
[ 152/2351] Compiling [32mbuild/sitl/modules/DroneCAN/libcanard/dsdlc_generated/src/uavcan.protocol.dynamic_node_id.server.AppendEntries_res.c[0m
[ 153/2351] Compiling [32mbuild/sitl/modules/DroneCAN/libcanard/dsdlc_generated/src/dronecan.sensors.rpm.RPM.c[0m
[ 154/2351] Compiling [32mbuild/sitl/modules/DroneCAN/libcanard/dsdlc_generated/src/uavcan.protocol.dynamic_node_id.Allocation.c[0m
[ 155/2351] Compiling [32mbuild/sitl/modules/DroneCAN/libcanard/dsdlc_generated/src/uavcan.protocol.dynamic_node_id.server.AppendEntries_req.c[0m
[ 156/2351] Compiling [32mbuild/sitl/modules/DroneCAN/libcanard/dsdlc_generated/src/com.hobbywing.esc.SetLED_req.c[0m
[ 157/2351] Compiling [32mbuild/sitl/modules/DroneCAN/libcanard/dsdlc_generated/src/uavcan.protocol.debug.LogMessage.c[0m
[ 158/2351] Compiling [32mbuild/sitl/modules/DroneCAN/libcanard/dsdlc_generated/src/dronecan.sensors.magnetometer.MagneticFieldStrengthHiRes.c[0m
[ 159/2351] Compiling [32mbuild/sitl/modules/DroneCAN/libcanard/dsdlc_generated/src/uavcan.protocol.debug.KeyValue.c[0m
[ 160/2351] Compiling [32mbuild/sitl/modules/DroneCAN/libcanard/dsdlc_generated/src/com.hobbywing.esc.SetID_res.c[0m
[ 161/2351] Compiling [32mbuild/sitl/modules/DroneCAN/libcanard/dsdlc_generated/src/com.himark.servo.ServoCmd.c[0m
[ 162/2351] Compiling [32mbuild/sitl/modules/DroneCAN/libcanard/dsdlc_generated/src/uavcan.protocol.RestartNode_res.c[0m
[ 163/2351] Compiling [32mbuild/sitl/modules/DroneCAN/libcanard/dsdlc_generated/src/dronecan.sensors.hygrometer.Hygrometer.c[0m
[ 164/2351] Compiling [32mbuild/sitl/modules/DroneCAN/libcanard/dsdlc_generated/src/uavcan.protocol.RestartNode_req.c[0m
[ 165/2351] Compiling [32mbuild/sitl/modules/DroneCAN/libcanard/dsdlc_generated/src/dronecan.remoteid.System.c[0m
[ 166/2351] Compiling [32mbuild/sitl/modules/DroneCAN/libcanard/dsdlc_generated/src/uavcan.protocol.NodeStatus.c[0m
[ 167/2351] Compiling [32mbuild/sitl/modules/DroneCAN/libcanard/dsdlc_generated/src/dronecan.remoteid.SelfID.c[0m
[ 168/2351] Compiling [32mbuild/sitl/modules/DroneCAN/libcanard/dsdlc_generated/src/com.hobbywing.esc.SetID_req.c[0m
[ 169/2351] Compiling [32mbuild/sitl/modules/DroneCAN/libcanard/dsdlc_generated/src/uavcan.protocol.Panic.c[0m
[ 170/2351] Compiling [32mbuild/sitl/modules/DroneCAN/libcanard/dsdlc_generated/src/uavcan.protocol.SoftwareVersion.c[0m
[ 171/2351] Compiling [32mbuild/sitl/modules/DroneCAN/libcanard/dsdlc_generated/src/uavcan.protocol.HardwareVersion.c[0m
[ 172/2351] Compiling [32mbuild/sitl/modules/DroneCAN/libcanard/dsdlc_generated/src/uavcan.protocol.GlobalTimeSync.c[0m
[ 173/2351] Compiling [32mbuild/sitl/modules/DroneCAN/libcanard/dsdlc_generated/src/uavcan.protocol.debug.LogLevel.c[0m
[ 174/2351] Compiling [32mbuild/sitl/modules/DroneCAN/libcanard/dsdlc_generated/src/dronecan.remoteid.SecureCommand_res.c[0m
[ 175/2351] Compiling [32mbuild/sitl/modules/DroneCAN/libcanard/dsdlc_generated/src/dronecan.sensors.rc.RCInput.c[0m
[ 176/2351] Compiling [32mbuild/sitl/modules/DroneCAN/libcanard/dsdlc_generated/src/uavcan.protocol.GetTransportStats_res.c[0m
[ 177/2351] Compiling [32mbuild/sitl/modules/DroneCAN/libcanard/dsdlc_generated/src/com.hobbywing.esc.SetReportingFrequency_req.c[0m
[ 178/2351] Compiling [32mbuild/sitl/modules/DroneCAN/libcanard/dsdlc_generated/src/mppt.OutputEnable_res.c[0m
[ 179/2351] Compiling [32mbuild/sitl/modules/DroneCAN/libcanard/dsdlc_generated/src/uavcan.protocol.AccessCommandShell_res.c[0m
[ 180/2351] Compiling [32mbuild/sitl/modules/DroneCAN/libcanard/dsdlc_generated/src/mppt.Stream.c[0m
[ 181/2351] Compiling [32mbuild/sitl/modules/DroneCAN/libcanard/dsdlc_generated/src/uavcan.protocol.enumeration.Begin_res.c[0m
[ 182/2351] Compiling [32mbuild/sitl/modules/DroneCAN/libcanard/dsdlc_generated/src/ardupilot.equipment.power.BatteryCells.c[0m
[ 183/2351] Compiling [32mbuild/sitl/modules/DroneCAN/libcanard/dsdlc_generated/src/dronecan.remoteid.BasicID.c[0m
[ 184/2351] Compiling [32mbuild/sitl/modules/DroneCAN/libcanard/dsdlc_generated/src/uavcan.protocol.enumeration.Indication.c[0m
[ 185/2351] Compiling [32mbuild/sitl/modules/DroneCAN/libcanard/dsdlc_generated/src/uavcan.CoarseOrientation.c[0m
[ 186/2351] Compiling [32mbuild/sitl/modules/DroneCAN/libcanard/dsdlc_generated/src/uavcan.protocol.CANIfaceStats.c[0m
[ 187/2351] Compiling [32mbuild/sitl/modules/DroneCAN/libcanard/dsdlc_generated/src/uavcan.protocol.file.BeginFirmwareUpdate_req.c[0m
[ 188/2351] Compiling [32mbuild/sitl/modules/DroneCAN/libcanard/dsdlc_generated/src/uavcan.protocol.file.BeginFirmwareUpdate_res.c[0m
[ 189/2351] Compiling [32mbuild/sitl/modules/DroneCAN/libcanard/dsdlc_generated/src/com.hobbywing.esc.SetDirection_res.c[0m
[ 190/2351] Compiling [32mbuild/sitl/modules/DroneCAN/libcanard/dsdlc_generated/src/ardupilot.equipment.power.BatteryInfoAux.c[0m
[ 191/2351] Compiling [32mbuild/sitl/modules/DroneCAN/libcanard/dsdlc_generated/src/uavcan.protocol.DataTypeKind.c[0m
[ 192/2351] Compiling [32mbuild/sitl/modules/DroneCAN/libcanard/dsdlc_generated/src/uavcan.Timestamp.c[0m
[ 193/2351] Compiling [32mbuild/sitl/modules/DroneCAN/libcanard/dsdlc_generated/src/uavcan.protocol.file.Delete_req.c[0m
[ 194/2351] Compiling [32mbuild/sitl/modules/DroneCAN/libcanard/dsdlc_generated/src/uavcan.protocol.dynamic_node_id.server.RequestVote_res.c[0m
[ 195/2351] Compiling [32mbuild/sitl/modules/DroneCAN/libcanard/dsdlc_generated/src/com.hobbywing.esc.SetDirection_req.c[0m
[ 196/2351] Compiling [32mbuild/sitl/modules/DroneCAN/libcanard/dsdlc_generated/src/uavcan.protocol.file.Delete_res.c[0m
[ 197/2351] Compiling [32mbuild/sitl/modules/DroneCAN/libcanard/dsdlc_generated/src/uavcan.equipment.actuator.ArrayCommand.c[0m
[ 198/2351] Compiling [32mbuild/sitl/modules/DroneCAN/libcanard/dsdlc_generated/src/ardupilot.equipment.trafficmonitor.TrafficReport.c[0m
[ 199/2351] Compiling [32mbuild/sitl/modules/DroneCAN/libcanard/dsdlc_generated/src/uavcan.protocol.GetDataTypeInfo_res.c[0m
[ 200/2351] Compiling [32mbuild/sitl/modules/DroneCAN/libcanard/dsdlc_generated/src/uavcan.protocol.file.EntryType.c[0m
[ 201/2351] Compiling [32mbuild/sitl/modules/DroneCAN/libcanard/dsdlc_generated/src/uavcan.protocol.file.Error.c[0m
[ 202/2351] Compiling [32mbuild/sitl/modules/DroneCAN/libcanard/dsdlc_generated/src/dronecan.remoteid.OperatorID.c[0m
[ 203/2351] Compiling [32mbuild/sitl/modules/DroneCAN/libcanard/dsdlc_generated/src/com.hobbywing.esc.SetBaud_res.c[0m
[ 204/2351] Compiling [32mbuild/sitl/modules/DroneCAN/libcanard/dsdlc_generated/src/dronecan.remoteid.ArmStatus.c[0m
[ 205/2351] Compiling [32mlibraries/AC_Avoidance/AP_OAVisGraph.cpp[0m
[ 206/2351] Compiling [32mlibraries/AC_Avoidance/AC_Avoidance_Logging.cpp[0m
[ 207/2351] Compiling [32mlibraries/AC_Avoidance/AP_OADijkstra.cpp[0m
[ 208/2351] Compiling [32mlibraries/AC_Avoidance/AP_OAPathPlanner.cpp[0m
[ 209/2351] Compiling [32mlibraries/AC_CustomControl/AC_CustomControl.cpp[0m
[ 210/2351] Compiling [32mlibraries/AC_CustomControl/AC_CustomControl_Empty.cpp[0m
[ 211/2351] Compiling [32mlibraries/AC_CustomControl/AC_CustomControl_PID.cpp[0m
[ 212/2351] Compiling [32mlibraries/AC_PID/AC_PID_Basic.cpp[0m
[ 213/2351] Compiling [32mlibraries/AC_PID/AC_PID.cpp[0m
[ 214/2351] Compiling [32mlibraries/AC_PID/AC_PI_2D.cpp[0m
[ 215/2351] Compiling [32mlibraries/AC_PID/AC_PID_2D.cpp[0m
[ 216/2351] Compiling [32mlibraries/AC_PID/AC_P.cpp[0m
[ 217/2351] Compiling [32mlibraries/AC_PID/AC_PI.cpp[0m
[ 218/2351] Compiling [32mlibraries/AC_PID/AC_P_1D.cpp[0m
[ 219/2351] Compiling [32mlibraries/AC_PID/AC_HELI_PID.cpp[0m
[ 220/2351] Compiling [32mlibraries/AC_PID/AC_P_2D.cpp[0m
[ 221/2351] Compiling [32mlibraries/AC_Sprayer/AC_Sprayer.cpp[0m
[ 222/2351] Compiling [32mlibraries/AP_ADC/AP_ADC_ADS1115.cpp[0m
[ 223/2351] Compiling [32mlibraries/AP_ADSB/AP_ADSB_uAvionix_MAVLink.cpp[0m
[ 224/2351] Compiling [32mlibraries/AP_ADSB/AP_ADSB_Sagetech.cpp[0m
[ 225/2351] Compiling [32mlibraries/AP_ADSB/AP_ADSB_uAvionix_UCP.cpp[0m
[ 226/2351] Compiling [32mlibraries/AP_ADSB/AP_ADSB_Backend.cpp[0m
[ 227/2351] Compiling [32mlibraries/AP_AHRS/AP_AHRS_External.cpp[0m
[ 228/2351] Compiling [32mlibraries/AP_AHRS/AP_AHRS_View.cpp[0m
[ 229/2351] Compiling [32mlibraries/AP_AHRS/AP_AHRS_Logging.cpp[0m
[ 230/2351] Compiling [32mlibraries/AP_AHRS/AP_AHRS_NavEKF3.cpp[0m
[ 231/2351] Compiling [32mlibraries/AP_AHRS/AP_AHRS_NavEKF2.cpp[0m
[ 232/2351] Compiling [32mlibraries/AP_AHRS/AP_AHRS_SIM.cpp[0m
[ 233/2351] Compiling [32mlibraries/AP_AIS/AP_AIS_Vessel.cpp[0m
[ 234/2351] Compiling [32mlibraries/AP_AccelCal/AccelCalibrator.cpp[0m
[ 235/2351] Compiling [32mlibraries/AP_AccelCal/AP_AccelCal.cpp[0m
[ 236/2351] Compiling [32mlibraries/AP_Airspeed/AP_Airspeed_DroneCAN.cpp[0m
[ 237/2351] Compiling [32mlibraries/AP_Airspeed/AP_Airspeed_ASP5033.cpp[0m
[ 238/2351] Compiling [32mlibraries/AP_Airspeed/AP_Airspeed_SITL.cpp[0m
[ 239/2351] Compiling [32mlibraries/AP_Airspeed/Airspeed_Calibration.cpp[0m
[ 240/2351] Compiling [32mlibraries/AP_Airspeed/AP_Airspeed_MS5525.cpp[0m
[ 241/2351] Compiling [32mlibraries/AP_Airspeed/AP_Airspeed_analog.cpp[0m
[ 242/2351] Compiling [32mlibraries/AP_Airspeed/AP_Airspeed_MSP.cpp[0m
[ 243/2351] Compiling [32mlibraries/AP_Airspeed/AP_Airspeed_External.cpp[0m
[ 244/2351] Compiling [32mlibraries/AP_Airspeed/AP_Airspeed_AUAV.cpp[0m
[ 245/2351] Compiling [32mlibraries/AP_Airspeed/AP_Airspeed_Backend.cpp[0m
[ 246/2351] Compiling [32mlibraries/AP_Airspeed/AP_Airspeed_SDP3X.cpp[0m
[ 247/2351] Compiling [32mlibraries/AP_Airspeed/AP_Airspeed_DLVR.cpp[0m
[ 248/2351] Compiling [32mlibraries/AP_Airspeed/AP_Airspeed_Health.cpp[0m
[ 249/2351] Compiling [32mlibraries/AP_Airspeed/AP_Airspeed_MS4525.cpp[0m
[ 250/2351] Compiling [32mlibraries/AP_Baro/AP_Baro_MS5611.cpp[0m
[ 251/2351] Compiling [32mlibraries/AP_Baro/AP_Baro_LPS2XH.cpp[0m
[ 252/2351] Compiling [32mlibraries/AP_Baro/AP_Baro_Dummy.cpp[0m
[ 253/2351] Compiling [32mlibraries/AP_Baro/AP_Baro_ExternalAHRS.cpp[0m
[ 254/2351] Compiling [32mlibraries/AP_Baro/AP_Baro_Logging.cpp[0m
[ 255/2351] Compiling [32mlibraries/AP_Baro/AP_Baro_FBM320.cpp[0m
[ 256/2351] Compiling [32mlibraries/AP_Baro/AP_Baro_HIL.cpp[0m
[ 257/2351] Compiling [32mlibraries/AP_Baro/AP_Baro_KellerLD.cpp[0m
[ 258/2351] Compiling [32mlibraries/AP_Baro/AP_Baro_ICM20789.cpp[0m
[ 259/2351] Compiling [32mlibraries/AP_Baro/AP_Baro_ICP101XX.cpp[0m
[ 260/2351] Compiling [32mlibraries/AP_Baro/AP_Baro_ICP201XX.cpp[0m
[ 261/2351] Compiling [32mlibraries/AP_Baro/AP_Baro_SPL06.cpp[0m
[ 262/2351] Compiling [32mlibraries/AP_Baro/AP_Baro_BMP388.cpp[0m
[ 263/2351] Compiling [32mlibraries/AP_Baro/AP_Baro_BMP280.cpp[0m
[ 264/2351] Compiling [32mlibraries/AP_Baro/AP_Baro_atmosphere.cpp[0m
[ 265/2351] Compiling [32mlibraries/AP_Baro/AP_Baro_MSP.cpp[0m
[ 266/2351] Compiling [32mlibraries/AP_Baro/AP_Baro_AUAV.cpp[0m
[ 267/2351] Compiling [32mlibraries/AP_Baro/AP_Baro_BMP085.cpp[0m
[ 268/2351] Compiling [32mlibraries/AP_Baro/AP_Baro_BMP581.cpp[0m
[ 269/2351] Compiling [32mlibraries/AP_Baro/AP_Baro_Wind.cpp[0m
[ 270/2351] Compiling [32mlibraries/AP_Baro/AP_Baro_DPS280.cpp[0m
[ 271/2351] Compiling [32mlibraries/AP_Baro/AP_Baro_DroneCAN.cpp[0m
[ 272/2351] Compiling [32mlibraries/AP_BattMonitor/AP_BattMonitor_AD7091R5.cpp[0m
[ 273/2351] Compiling [32mlibraries/AP_BattMonitor/AP_BattMonitor_Analog.cpp[0m
[ 274/2351] Compiling [32mlibraries/AP_BattMonitor/AP_BattMonitor_Backend.cpp[0m
[ 275/2351] Compiling [32mlibraries/AP_BattMonitor/AP_BattMonitor_Bebop.cpp[0m
[ 276/2351] Compiling [32mlibraries/AP_BattMonitor/AP_BattMonitor_DroneCAN.cpp[0m
[ 277/2351] Compiling [32mlibraries/AP_BattMonitor/AP_BattMonitor_EFI.cpp[0m
[ 278/2351] Compiling [32mlibraries/AP_BattMonitor/AP_BattMonitor_ESC.cpp[0m
[ 279/2351] Compiling [32mlibraries/AP_BattMonitor/AP_BattMonitor_FuelFlow.cpp[0m
[ 280/2351] Compiling [32mlibraries/AP_BattMonitor/AP_BattMonitor_FuelLevel_Analog.cpp[0m
[ 281/2351] Compiling [32mlibraries/AP_BattMonitor/AP_BattMonitor_FuelLevel_PWM.cpp[0m
[ 282/2351] Compiling [32mlibraries/AP_BattMonitor/AP_BattMonitor_Generator.cpp[0m
[ 283/2351] Compiling [32mlibraries/AP_BattMonitor/AP_BattMonitor_INA239.cpp[0m
[ 284/2351] Compiling [32mlibraries/AP_BattMonitor/AP_BattMonitor_INA2xx.cpp[0m
[ 285/2351] Compiling [32mlibraries/AP_BattMonitor/AP_BattMonitor_INA3221.cpp[0m
[ 286/2351] Compiling [32mlibraries/AP_BattMonitor/AP_BattMonitor_LTC2946.cpp[0m
[ 287/2351] Compiling [32mlibraries/AP_BattMonitor/AP_BattMonitor_Logging.cpp[0m
[ 288/2351] Compiling [32mlibraries/AP_BattMonitor/AP_BattMonitor_SMBus.cpp[0m
[ 289/2351] Compiling [32mlibraries/AP_BattMonitor/AP_BattMonitor_SMBus_Generic.cpp[0m
[ 290/2351] Compiling [32mlibraries/AP_BattMonitor/AP_BattMonitor_SMBus_NeoDesign.cpp[0m
[ 291/2351] Compiling [32mlibraries/AP_BattMonitor/AP_BattMonitor_SMBus_Rotoye.cpp[0m
[ 292/2351] Compiling [32mlibraries/AP_BattMonitor/AP_BattMonitor_SMBus_SUI.cpp[0m
[ 293/2351] Compiling [32mlibraries/AP_BattMonitor/AP_BattMonitor_SMBus_Solo.cpp[0m
[ 294/2351] Compiling [32mlibraries/AP_BattMonitor/AP_BattMonitor_Scripting.cpp[0m
[ 295/2351] Compiling [32mlibraries/AP_BattMonitor/AP_BattMonitor_Sum.cpp[0m
[ 296/2351] Compiling [32mlibraries/AP_BattMonitor/AP_BattMonitor_Synthetic_Current.cpp[0m
[ 297/2351] Compiling [32mlibraries/AP_BattMonitor/AP_BattMonitor_TIBQ76952.cpp[0m
[ 298/2351] Compiling [32mlibraries/AP_BattMonitor/AP_BattMonitor_Torqeedo.cpp[0m
[ 299/2351] Compiling [32mlibraries/AP_Beacon/AP_Beacon_Pozyx.cpp[0m
[ 300/2351] Compiling [32mlibraries/AP_Beacon/AP_Beacon_SITL.cpp[0m
[ 301/2351] Compiling [32mlibraries/AP_Beacon/AP_Beacon.cpp[0m
[ 302/2351] Compiling [32mlibraries/AP_Beacon/AP_Beacon_Backend.cpp[0m
[ 303/2351] Compiling [32mlibraries/AP_Beacon/AP_Beacon_Marvelmind.cpp[0m
[ 304/2351] Compiling [32mlibraries/AP_Beacon/AP_Beacon_Nooploop.cpp[0m
[ 305/2351] Compiling [32mlibraries/AP_BoardConfig/IMU_heater.cpp[0m
[ 306/2351] Compiling [32mlibraries/AP_BoardConfig/board_drivers.cpp[0m
[ 307/2351] Compiling [32mlibraries/AP_Button/AP_Button.cpp[0m
[ 308/2351] Compiling [32mlibraries/AP_CANManager/AP_CANIfaceParams.cpp[0m
[ 309/2351] Compiling [32mlibraries/AP_CANManager/AP_CANManager.cpp[0m
[ 310/2351] Compiling [32mlibraries/AP_CANManager/AP_CANManager_CANDriver_Params.cpp[0m
[ 311/2351] Compiling [32mlibraries/AP_CANManager/AP_CANSensor.cpp[0m
[ 312/2351] Compiling [32mlibraries/AP_CANManager/AP_MAVLinkCAN.cpp[0m
[ 313/2351] Compiling [32mlibraries/AP_CANManager/AP_SLCANIface.cpp[0m
[ 314/2351] Compiling [32mlibraries/AP_CSVReader/AP_CSVReader.cpp[0m
[ 315/2351] Compiling [32mlibraries/AP_Camera/AP_Camera.cpp[0m
[ 316/2351] Compiling [32mlibraries/AP_Camera/AP_Camera_Backend.cpp[0m
[ 317/2351] Compiling [32mlibraries/AP_Camera/AP_Camera_Logging.cpp[0m
[ 318/2351] Compiling [32mlibraries/AP_Camera/AP_Camera_MAVLink.cpp[0m
[ 319/2351] Compiling [32mlibraries/AP_Camera/AP_Camera_MAVLinkCamV2.cpp[0m
[ 320/2351] Compiling [32mlibraries/AP_Camera/AP_Camera_Mount.cpp[0m
[ 321/2351] Compiling [32mlibraries/AP_Camera/AP_Camera_Params.cpp[0m
[ 322/2351] Compiling [32mlibraries/AP_Camera/AP_Camera_Relay.cpp[0m
[ 323/2351] Compiling [32mlibraries/AP_Camera/AP_Camera_Scripting.cpp[0m
[ 324/2351] Compiling [32mlibraries/AP_Camera/AP_Camera_Servo.cpp[0m
[ 325/2351] Compiling [32mlibraries/AP_Camera/AP_Camera_SoloGimbal.cpp[0m
[ 326/2351] Compiling [32mlibraries/AP_Camera/AP_RunCam.cpp[0m
[ 327/2351] Compiling [32mlibraries/AP_CheckFirmware/AP_CheckFirmware.cpp[0m
[ 328/2351] Compiling [32mlibraries/AP_CheckFirmware/AP_CheckFirmware_secure_command.cpp[0m
[ 329/2351] Compiling [32mlibraries/AP_CheckFirmware/monocypher.cpp[0m
[ 330/2351] Compiling [32mlibraries/AP_Common/AP_Common.cpp[0m
[ 331/2351] Compiling [32mlibraries/AP_Common/AP_ExpandingArray.cpp[0m
[ 332/2351] Compiling [32mlibraries/AP_Common/AP_FWVersion.cpp[0m
[ 333/2351] Compiling [32mlibraries/AP_Common/ExpandingString.cpp[0m
[ 334/2351] Compiling [32mlibraries/AP_Common/Location.cpp[0m
[ 335/2351] Compiling [32mlibraries/AP_Common/NMEA.cpp[0m
[ 336/2351] Compiling [32mlibraries/AP_Common/c++.cpp[0m
[ 337/2351] Compiling [32mlibraries/AP_Common/float16.cpp[0m
[ 338/2351] Compiling [32mlibraries/AP_Common/sorting.cpp[0m
[ 339/2351] Compiling [32mlibraries/AP_Common/time.cpp[0m
[ 340/2351] Compiling [32mlibraries/AP_Compass/AP_Compass_BMM150.cpp[0m
[ 341/2351] Compiling [32mlibraries/AP_Compass/AP_Compass_Backend.cpp[0m
[ 342/2351] Compiling [32mlibraries/AP_Compass/AP_Compass_Calibration.cpp[0m
[ 343/2351] Compiling [32mlibraries/AP_Compass/AP_Compass_DroneCAN.cpp[0m
[ 344/2351] Compiling [32mlibraries/AP_Compass/AP_Compass_ExternalAHRS.cpp[0m
[ 345/2351] Compiling [32mlibraries/AP_Compass/AP_Compass_HMC5843.cpp[0m
[ 346/2351] Compiling [32mlibraries/AP_Compass/AP_Compass_IIS2MDC.cpp[0m
[ 347/2351] Compiling [32mlibraries/AP_Compass/AP_Compass_IST8308.cpp[0m
[ 348/2351] Compiling [32mlibraries/AP_Compass/AP_Compass_IST8310.cpp[0m
[ 349/2351] Compiling [32mlibraries/AP_Compass/AP_Compass_LIS3MDL.cpp[0m
[ 350/2351] Compiling [32mlibraries/AP_Compass/AP_Compass_LSM303D.cpp[0m
[ 351/2351] Compiling [32mlibraries/AP_Compass/AP_Compass_LSM9DS1.cpp[0m
[ 352/2351] Compiling [32mlibraries/AP_Compass/AP_Compass_MAG3110.cpp[0m
[ 353/2351] Compiling [32mlibraries/AP_Compass/AP_Compass_MMC3416.cpp[0m
[ 354/2351] Compiling [32mlibraries/AP_Compass/AP_Compass_MMC5xx3.cpp[0m
[ 355/2351] Compiling [32mlibraries/AP_Compass/AP_Compass_AK8963.cpp[0m
[ 356/2351] Compiling [32mlibraries/AP_Compass/AP_Compass_MSP.cpp[0m
[ 357/2351] Compiling [32mlibraries/AP_Compass/AP_Compass_QMC5883L.cpp[0m
[ 358/2351] Compiling [32mlibraries/AP_Compass/AP_Compass_QMC5883P.cpp[0m
[ 359/2351] Compiling [32mlibraries/AP_Compass/AP_Compass_RM3100.cpp[0m
[ 360/2351] Compiling [32mlibraries/AP_Compass/AP_Compass_SITL.cpp[0m
[ 361/2351] Compiling [32mlibraries/AP_Compass/CompassCalibrator.cpp[0m
[ 362/2351] Compiling [32mlibraries/AP_Compass/Compass_PerMotor.cpp[0m
[ 363/2351] Compiling [32mlibraries/AP_Compass/Compass_learn.cpp[0m
[ 364/2351] Compiling [32mlibraries/AP_Compass/AP_Compass_AK09916.cpp[0m
[ 365/2351] Compiling [32mlibraries/AP_Compass/AP_Compass_Logging.cpp[0m
[ 366/2351] Compiling [32mlibraries/AP_Compass/AP_Compass.cpp[0m
[ 367/2351] Compiling [32mlibraries/AP_Compass/AP_Compass_BMM350.cpp[0m
[ 368/2351] Compiling [32mlibraries/AP_CustomRotations/AP_CustomRotations.cpp[0m
[ 369/2351] Compiling [32mlibraries/AP_CustomRotations/AP_CustomRotations_params.cpp[0m
[ 370/2351] Compiling [32mlibraries/AP_DAL/AP_DAL_Compass.cpp[0m
[ 371/2351] Compiling [32mlibraries/AP_DAL/AP_DAL_Airspeed.cpp[0m
[ 372/2351] Compiling [32mlibraries/AP_DAL/AP_DAL_GPS.cpp[0m
[ 373/2351] Compiling [32mlibraries/AP_DAL/AP_DAL_Baro.cpp[0m
[ 374/2351] Compiling [32mlibraries/AP_DAL/AP_DAL_InertialSensor.cpp[0m
[ 375/2351] Compiling [32mbuild/sitl/libraries/AP_DDS/generated/std_msgs/msg/Header.c[0m
[ 376/2351] Compiling [32mmodules/Micro-XRCE-DDS-Client/src/c/core/session/common_create_entities.c[0m
[ 377/2351] Compiling [32mbuild/sitl/libraries/AP_DDS/generated/rcl_interfaces/msg/SetParametersResult.c[0m
[ 378/2351] Compiling [32mmodules/Micro-XRCE-DDS-Client/src/c/core/session/create_entities_bin.c[0m
[ 379/2351] Compiling [32mmodules/Micro-XRCE-DDS-Client/src/c/core/session/create_entities_ref.c[0m
[ 380/2351] Compiling [32mmodules/Micro-XRCE-DDS-Client/src/c/core/session/create_entities_xml.c[0m
[ 381/2351] Compiling [32mmodules/Micro-XRCE-DDS-Client/src/c/core/session/object_id.c[0m
[ 382/2351] Compiling [32mmodules/Micro-XRCE-DDS-Client/src/c/core/session/read_access.c[0m
[ 383/2351] Compiling [32mbuild/sitl/libraries/AP_DDS/generated/sensor_msgs/msg/NavSatFix.c[0m
[ 384/2351] Compiling [32mbuild/sitl/libraries/AP_DDS/generated/geometry_msgs/msg/Point.c[0m
[ 385/2351] Compiling [32mbuild/sitl/libraries/AP_DDS/generated/geometry_msgs/msg/PoseStamped.c[0m
[ 386/2351] Compiling [32mbuild/sitl/libraries/AP_DDS/generated/sensor_msgs/msg/Joy.c[0m
[ 387/2351] Compiling [32mbuild/sitl/libraries/AP_DDS/generated/sensor_msgs/msg/NavSatStatus.c[0m
[ 388/2351] Compiling [32mbuild/sitl/libraries/AP_DDS/generated/geographic_msgs/msg/GeoPose.c[0m
[ 389/2351] Compiling [32mbuild/sitl/libraries/AP_DDS/generated/geographic_msgs/msg/GeoPoseStamped.c[0m
[ 390/2351] Compiling [32mbuild/sitl/libraries/AP_DDS/generated/rcl_interfaces/msg/ParameterValue.c[0m
[ 391/2351] Compiling [32mbuild/sitl/libraries/AP_DDS/generated/geographic_msgs/msg/GeoPoint.c[0m
[ 392/2351] Compiling [32mbuild/sitl/libraries/AP_DDS/generated/rosgraph_msgs/msg/Clock.c[0m
[ 393/2351] Compiling [32mbuild/sitl/libraries/AP_DDS/generated/sensor_msgs/msg/Imu.c[0m
[ 394/2351] Compiling [32mbuild/sitl/libraries/AP_DDS/generated/builtin_interfaces/msg/Duration.c[0m
[ 395/2351] Compiling [32mbuild/sitl/libraries/AP_DDS/generated/builtin_interfaces/msg/Time.c[0m
[ 396/2351] Compiling [32mbuild/sitl/libraries/AP_DDS/generated/ardupilot_msgs/srv/Takeoff.c[0m
[ 397/2351] Compiling [32mmodules/Micro-XRCE-DDS-Client/src/c/core/serialization/xrce_types.c[0m
[ 398/2351] Compiling [32mbuild/sitl/libraries/AP_DDS/generated/rcl_interfaces/msg/ParameterType.c[0m
[ 399/2351] Compiling [32mbuild/sitl/libraries/AP_DDS/generated/ardupilot_msgs/msg/GlobalPosition.c[0m
[ 400/2351] Compiling [32mbuild/sitl/libraries/AP_DDS/generated/ardupilot_msgs/srv/ArmMotors.c[0m
[ 401/2351] Compiling [32mbuild/sitl/libraries/AP_DDS/generated/ardupilot_msgs/srv/ModeSwitch.c[0m
[ 402/2351] Compiling [32mbuild/sitl/libraries/AP_DDS/generated/geographic_msgs/msg/GeoPointStamped.c[0m
[ 403/2351] Compiling [32mmodules/Micro-XRCE-DDS-Client/src/c/core/session/stream/output_best_effort_stream.c[0m
[ 404/2351] Compiling [32mbuild/sitl/libraries/AP_DDS/generated/rcl_interfaces/msg/Parameter.c[0m
[ 405/2351] Compiling [32mmodules/Micro-XRCE-DDS-Client/src/c/core/session/stream/stream_storage.c[0m
[ 406/2351] Compiling [32mbuild/sitl/libraries/AP_DDS/generated/std_srvs/srv/Trigger.c[0m
[ 407/2351] Compiling [32mbuild/sitl/libraries/AP_DDS/generated/geometry_msgs/msg/Pose.c[0m
[ 408/2351] Compiling [32mmodules/Micro-CDR/src/c/types/string.c[0m
[ 409/2351] Compiling [32mmodules/Micro-CDR/src/c/common.c[0m
[ 410/2351] Compiling [32mmodules/Micro-CDR/src/c/types/basic.c[0m
[ 411/2351] Compiling [32mlibraries/AP_DDS/AP_DDS_Serial.cpp[0m
[ 412/2351] Compiling [32mbuild/sitl/libraries/AP_DDS/generated/ardupilot_msgs/msg/Rc.c[0m
[ 413/2351] Compiling [32mbuild/sitl/libraries/AP_DDS/generated/rcl_interfaces/srv/GetParameters.c[0m
[ 414/2351] Compiling [32mlibraries/AP_DDS/AP_DDS_Type_Conversions.cpp[0m
[ 415/2351] Compiling [32mmodules/Micro-XRCE-DDS-Client/src/c/core/session/stream/input_best_effort_stream.c[0m
[ 416/2351] Compiling [32mlibraries/AP_DDS/AP_DDS_ExternalControl.cpp[0m
[ 417/2351] Compiling [32mlibraries/AP_DDS/AP_DDS_UDP.cpp[0m
[ 418/2351] Compiling [32mmodules/Micro-CDR/src/c/types/sequence.c[0m
[ 419/2351] Compiling [32mbuild/sitl/libraries/AP_DDS/generated/ardupilot_msgs/msg/Status.c[0m
[ 420/2351] Compiling [32mlibraries/AP_DDS/AP_DDS_Client.cpp[0m
[ 421/2351] Compiling [32mlibraries/AP_DDS/AP_DDS_External_Odom.cpp[0m
[ 422/2351] Compiling [32mmodules/Micro-XRCE-DDS-Client/src/c/core/session/stream/output_reliable_stream.c[0m
[ 423/2351] Compiling [32mmodules/Micro-XRCE-DDS-Client/src/c/core/session/stream/input_reliable_stream.c[0m
[ 424/2351] Compiling [32mmodules/Micro-XRCE-DDS-Client/src/c/core/session/stream/stream_id.c[0m
[ 425/2351] Compiling [32mbuild/sitl/libraries/AP_DDS/generated/geometry_msgs/msg/Vector3.c[0m
[ 426/2351] Compiling [32mmodules/Micro-XRCE-DDS-Client/src/c/util/ping.c[0m
[ 427/2351] Compiling [32mbuild/sitl/libraries/AP_DDS/generated/rcl_interfaces/srv/SetParameters.c[0m
[ 428/2351] Compiling [32mbuild/sitl/libraries/AP_DDS/generated/geometry_msgs/msg/Vector3Stamped.c[0m
[ 429/2351] Compiling [32mmodules/Micro-XRCE-DDS-Client/src/c/core/session/session.c[0m
[ 430/2351] Compiling [32mmodules/Micro-XRCE-DDS-Client/src/c/util/time.c[0m
[ 431/2351] Compiling [32mmodules/Micro-XRCE-DDS-Client/src/c/profile/transport/custom/custom_transport.c[0m
[ 432/2351] Compiling [32mbuild/sitl/libraries/AP_DDS/generated/tf2_msgs/msg/TFMessage.c[0m
[ 433/2351] Compiling [32mbuild/sitl/libraries/AP_DDS/generated/sensor_msgs/msg/BatteryState.c[0m
[ 434/2351] Compiling [32mmodules/Micro-XRCE-DDS-Client/src/c/core/session/write_access.c[0m
[ 435/2351] Compiling [32mmodules/Micro-XRCE-DDS-Client/src/c/core/session/session_info.c[0m
[ 436/2351] Compiling [32mmodules/Micro-XRCE-DDS-Client/src/c/core/session/stream/seq_num.c[0m
[ 437/2351] Compiling [32mbuild/sitl/libraries/AP_DDS/generated/geometry_msgs/msg/TwistStamped.c[0m
[ 438/2351] Compiling [32mmodules/Micro-XRCE-DDS-Client/src/c/core/serialization/xrce_subheader.c[0m
[ 439/2351] Compiling [32mmodules/Micro-XRCE-DDS-Client/src/c/core/session/submessage.c[0m
[ 440/2351] Compiling [32mbuild/sitl/libraries/AP_DDS/generated/geometry_msgs/msg/Quaternion.c[0m
[ 441/2351] Compiling [32mbuild/sitl/libraries/AP_DDS/generated/geometry_msgs/msg/Twist.c[0m
[ 442/2351] Compiling [32mmodules/Micro-XRCE-DDS-Client/src/c/profile/transport/stream_framing/stream_framing_protocol.c[0m
[ 443/2351] Compiling [32mmodules/Micro-XRCE-DDS-Client/src/c/core/serialization/xrce_header.c[0m
[ 444/2351] Compiling [32mbuild/sitl/libraries/AP_DDS/generated/geometry_msgs/msg/Transform.c[0m
[ 445/2351] Compiling [32mbuild/sitl/libraries/AP_DDS/generated/geometry_msgs/msg/TransformStamped.c[0m
[ 446/2351] Compiling [32mbuild/sitl/libraries/AP_DDS/generated/ardupilot_msgs/msg/Airspeed.c[0m
[ 447/2351] Compiling [32mmodules/Micro-CDR/src/c/types/array.c[0m
[ 448/2351] Compiling [32mlibraries/AP_Declination/AP_Declination.cpp[0m
[ 449/2351] Compiling [32mlibraries/AP_Declination/tables.cpp[0m
[ 450/2351] Compiling [32mlibraries/AP_DroneCAN/AP_Canard_iface.cpp[0m
[ 451/2351] Compiling [32mlibraries/AP_DroneCAN/AP_DroneCAN.cpp[0m
[ 452/2351] Compiling [32mlibraries/AP_DroneCAN/AP_DroneCAN_serial.cpp[0m
[ 453/2351] Compiling [32mlibraries/AP_DroneCAN/AP_DroneCAN_DNA_Server.cpp[0m
[ 454/2351] Compiling [32mlibraries/AP_EFI/AP_EFI.cpp[0m
[ 455/2351] Compiling [32mlibraries/AP_EFI/AP_EFI_Serial_MS.cpp[0m
[ 456/2351] Compiling [32mlibraries/AP_EFI/AP_EFI_Backend.cpp[0m
[ 457/2351] Compiling [32mlibraries/AP_EFI/AP_EFI_Currawong_ECU.cpp[0m
[ 458/2351] Compiling [32mlibraries/AP_EFI/AP_EFI_Serial_Lutan.cpp[0m
[ 459/2351] Compiling [32mlibraries/AP_EFI/AP_EFI_DroneCAN.cpp[0m
[ 460/2351] Compiling [32mlibraries/AP_EFI/AP_EFI_MAV.cpp[0m
[ 461/2351] Compiling [32mlibraries/AP_EFI/AP_EFI_NWPMU.cpp[0m
[ 462/2351] Compiling [32mlibraries/AP_EFI/AP_EFI_Scripting.cpp[0m
[ 463/2351] Compiling [32mlibraries/AP_EFI/AP_EFI_Loweheiser.cpp[0m
[ 464/2351] Compiling [32mlibraries/AP_EFI/AP_EFI_ThrottleLinearisation.cpp[0m
[ 465/2351] Compiling [32mlibraries/AP_EFI/AP_EFI_Serial_Hirth.cpp[0m
[ 466/2351] Compiling [32mlibraries/AP_ESC_Telem/AP_ESC_Telem.cpp[0m
[ 467/2351] Compiling [32mlibraries/AP_ESC_Telem/AP_ESC_Telem_SITL.cpp[0m
[ 468/2351] Compiling [32mlibraries/AP_ExternalAHRS/AP_ExternalAHRS_MicroStrain5.cpp[0m
[ 469/2351] Compiling [32mlibraries/AP_ExternalAHRS/AP_ExternalAHRS_SensAItion_Parser.cpp[0m
[ 470/2351] Compiling [32mlibraries/AP_ExternalAHRS/AP_ExternalAHRS.cpp[0m
[ 471/2351] Compiling [32mlibraries/AP_ExternalAHRS/AP_ExternalAHRS_backend.cpp[0m
[ 472/2351] Compiling [32mlibraries/AP_ExternalAHRS/AP_ExternalAHRS_VectorNav.cpp[0m
[ 473/2351] Compiling [32mlibraries/AP_ExternalAHRS/AP_ExternalAHRS_SensAItion.cpp[0m
[ 474/2351] Compiling [32mlibraries/AP_ExternalAHRS/AP_ExternalAHRS_GSOF.cpp[0m
[ 475/2351] Compiling [32mlibraries/AP_ExternalAHRS/MicroStrain_common.cpp[0m
[ 476/2351] Compiling [32mlibraries/AP_ExternalAHRS/AP_ExternalAHRS_MicroStrain7.cpp[0m
[ 477/2351] Compiling [32mlibraries/AP_ExternalControl/AP_ExternalControl.cpp[0m
[ 478/2351] Compiling [32mlibraries/AP_FETtecOneWire/AP_FETtecOneWire.cpp[0m
[ 479/2351] Compiling [32mlibraries/AP_Filesystem/AP_Filesystem.cpp[0m
[ 480/2351] Compiling [32mlibraries/AP_Filesystem/AP_Filesystem_FATFS.cpp[0m
[ 481/2351] Compiling [32mlibraries/AP_Filesystem/AP_Filesystem_Param.cpp[0m
[ 482/2351] Compiling [32mlibraries/AP_Filesystem/AP_Filesystem_Sys.cpp[0m
[ 483/2351] Compiling [32mlibraries/AP_Filesystem/AP_Filesystem_ROMFS.cpp[0m
[ 484/2351] Compiling [32mlibraries/AP_Filesystem/AP_Filesystem_FlashMemory_LittleFS.cpp[0m
[ 485/2351] Compiling [32mlibraries/AP_Filesystem/AP_Filesystem_backend.cpp[0m
[ 486/2351] Compiling [32mlibraries/AP_Filesystem/AP_Filesystem_Mission.cpp[0m
[ 487/2351] Compiling [32mlibraries/AP_Filesystem/posix_compat.cpp[0m
[ 488/2351] Compiling [32mlibraries/AP_Filesystem/AP_Filesystem_ESP32.cpp[0m
[ 489/2351] Compiling [32mlibraries/AP_FlashStorage/AP_FlashStorage.cpp[0m
[ 490/2351] Compiling [32mlibraries/AP_Frsky_Telem/AP_Frsky_D.cpp[0m
[ 491/2351] Compiling [32mlibraries/AP_Frsky_Telem/AP_Frsky_SPort.cpp[0m
[ 492/2351] Compiling [32mlibraries/AP_Frsky_Telem/AP_Frsky_Telem.cpp[0m
[ 493/2351] Compiling [32mlibraries/AP_Frsky_Telem/AP_Frsky_MAVlite_MAVliteToSPort.cpp[0m
[ 494/2351] Compiling [32mlibraries/AP_Frsky_Telem/AP_Frsky_MAVlite_Message.cpp[0m
[ 495/2351] Compiling [32mlibraries/AP_Frsky_Telem/AP_Frsky_MAVlite_SPortToMAVlite.cpp[0m
[ 496/2351] Compiling [32mlibraries/AP_Frsky_Telem/AP_Frsky_Parameters.cpp[0m
[ 497/2351] Compiling [32mlibraries/AP_Frsky_Telem/AP_Frsky_MAVliteMsgHandler.cpp[0m
[ 498/2351] Compiling [32mlibraries/AP_Frsky_Telem/AP_Frsky_Backend.cpp[0m
[ 499/2351] Compiling [32mlibraries/AP_GPS/AP_GPS_ExternalAHRS.cpp[0m
[ 500/2351] Compiling [32mlibraries/AP_GPS/AP_GPS_Blended.cpp[0m
[ 501/2351] Compiling [32mlibraries/AP_GPS/AP_GPS_DroneCAN.cpp[0m
[ 502/2351] Compiling [32mlibraries/AP_GPS/AP_GPS_SITL.cpp[0m
[ 503/2351] Compiling [32mlibraries/AP_GPS/AP_GPS.cpp[0m
[ 504/2351] Compiling [32mlibraries/AP_GPS/MovingBase.cpp[0m
[ 505/2351] Compiling [32mlibraries/AP_GPS/AP_GPS_UBLOX.cpp[0m
[ 506/2351] Compiling [32mlibraries/AP_GPS/RTCM3_Parser.cpp[0m
[ 507/2351] Compiling [32mlibraries/AP_GPS/AP_GPS_SIRF.cpp[0m
[ 508/2351] Compiling [32mlibraries/AP_GPS/AP_GPS_GSOF.cpp[0m
[ 509/2351] Compiling [32mlibraries/AP_GPS/GPS_Backend.cpp[0m
[ 510/2351] Compiling [32mlibraries/AP_GPS/AP_GPS_SBP.cpp[0m
[ 511/2351] Compiling [32mlibraries/AP_GPS/AP_GPS_SBP2.cpp[0m
[ 512/2351] Compiling [32mlibraries/AP_GPS/AP_GPS_Params.cpp[0m
[ 513/2351] Compiling [32mlibraries/AP_GPS/AP_GPS_NMEA.cpp[0m
[ 514/2351] Compiling [32mlibraries/AP_GPS/AP_GPS_SBF.cpp[0m
[ 515/2351] Compiling [32mlibraries/AP_GPS/AP_GPS_NOVA.cpp[0m
[ 516/2351] Compiling [32mlibraries/AP_GPS/AP_GPS_UBLOX_CFGv2.cpp[0m
[ 517/2351] Compiling [32mlibraries/AP_GPS/AP_GPS_MAV.cpp[0m
[ 518/2351] Compiling [32mlibraries/AP_GPS/AP_GPS_MSP.cpp[0m
[ 519/2351] Compiling [32mlibraries/AP_GPS/AP_GPS_ERB.cpp[0m
[ 520/2351] Compiling [32mlibraries/AP_GSOF/AP_GSOF.cpp[0m
[ 521/2351] Compiling [32mlibraries/AP_Generator/AP_Generator_IE_2400.cpp[0m
[ 522/2351] Compiling [32mlibraries/AP_Generator/AP_Generator_Cortex.cpp[0m
[ 523/2351] Compiling [32mlibraries/AP_Generator/AP_Generator_IE_FuelCell.cpp[0m
[ 524/2351] Compiling [32mlibraries/AP_Generator/AP_Generator_Loweheiser.cpp[0m
[ 525/2351] Compiling [32mlibraries/AP_Generator/AP_Generator_IE_650_800.cpp[0m
[ 526/2351] Compiling [32mlibraries/AP_Generator/AP_Generator_RichenPower.cpp[0m
[ 527/2351] Compiling [32mlibraries/AP_Generator/AP_Generator.cpp[0m
[ 528/2351] Compiling [32mlibraries/AP_Generator/AP_Generator_Backend.cpp[0m
[ 529/2351] Compiling [32mlibraries/AP_Gripper/AP_Gripper_EPM.cpp[0m
[ 530/2351] Compiling [32mlibraries/AP_Gripper/AP_Gripper_Servo.cpp[0m
[ 531/2351] Compiling [32mlibraries/AP_Gripper/AP_Gripper.cpp[0m
[ 532/2351] Compiling [32mlibraries/AP_Gripper/AP_Gripper_Backend.cpp[0m
[ 533/2351] Compiling [32mlibraries/AP_Hott_Telem/AP_Hott_Telem.cpp[0m
[ 534/2351] Compiling [32mlibraries/AP_ICEngine/AP_ICEngine.cpp[0m
[ 535/2351] Compiling [32mlibraries/AP_IOMCU/fw_uploader.cpp[0m
[ 536/2351] Compiling [32mlibraries/AP_IOMCU/AP_IOMCU.cpp[0m
[ 537/2351] Compiling [32mlibraries/AP_InertialSensor/AP_InertialSensor_ExternalAHRS.cpp[0m
[ 538/2351] Compiling [32mlibraries/AP_InertialSensor/AP_InertialSensor_Invensensev2.cpp[0m
[ 539/2351] Compiling [32mlibraries/AP_InertialSensor/AP_InertialSensor_SITL.cpp[0m
[ 540/2351] Compiling [32mlibraries/AP_InertialSensor/AP_InertialSensor_ZeroOne_FPGA_SCH16T.cpp[0m
[ 541/2351] Compiling [32mlibraries/AP_InertialSensor/AP_InertialSensor_tempcal.cpp[0m
[ 542/2351] Compiling [32mlibraries/AP_InertialSensor/BatchSampler.cpp[0m
[ 543/2351] Compiling [32mlibraries/AP_InertialSensor/AP_InertialSensor_Params.cpp[0m
[ 544/2351] Compiling [32mlibraries/AP_InertialSensor/AP_InertialSensor_SCHA63T.cpp[0m
[ 545/2351] Compiling [32mlibraries/AP_InertialSensor/AP_InertialSensor_NONE.cpp[0m
[ 546/2351] Compiling [32mlibraries/AP_InertialSensor/AP_InertialSensor_Logging.cpp[0m
[ 547/2351] Compiling [32mlibraries/AP_InertialSensor/AP_InertialSensor_LSM9DS0.cpp[0m
[ 548/2351] Compiling [32mlibraries/AP_InertialSensor/AP_InertialSensor_LSM9DS1.cpp[0m
[ 549/2351] Compiling [32mlibraries/AP_InertialSensor/AP_InertialSensor_L3G4200D.cpp[0m
[ 550/2351] Compiling [32mlibraries/AP_InertialSensor/AuxiliaryBus.cpp[0m
[ 551/2351] Compiling [32mlibraries/AP_InertialSensor/AP_InertialSensor_LSM6DSV.cpp[0m
[ 552/2351] Compiling [32mlibraries/AP_InertialSensor/AP_InertialSensor_BMI088.cpp[0m
[ 553/2351] Compiling [32mlibraries/AP_InertialSensor/AP_InertialSensor_ADIS16607.cpp[0m
[ 554/2351] Compiling [32mlibraries/AP_InertialSensor/AP_InertialSensor_Invensense.cpp[0m
[ 555/2351] Compiling [32mlibraries/AP_InertialSensor/AP_InertialSensor_BMI055.cpp[0m
[ 556/2351] Compiling [32mlibraries/AP_InertialSensor/AP_InertialSensor_BMI160.cpp[0m
[ 557/2351] Compiling [32mlibraries/AP_InertialSensor/AP_InertialSensor_ASM330.cpp[0m
[ 558/2351] Compiling [32mlibraries/AP_InertialSensor/AP_InertialSensor_ADIS1647x.cpp[0m
[ 559/2351] Compiling [32mlibraries/AP_InertialSensor/AP_InertialSensor_BMI270.cpp[0m
[ 560/2351] Compiling [32mlibraries/AP_InternalError/AP_InternalError.cpp[0m
[ 561/2351] Compiling [32mlibraries/AP_JSON/AP_JSON.cpp[0m
[ 562/2351] Compiling [32mlibraries/AP_KDECAN/AP_KDECAN.cpp[0m
[ 563/2351] Compiling [32mlibraries/AP_LightWareSerial/AP_LightWareSerial.cpp[0m
[ 564/2351] Compiling [32mlibraries/AP_Logger/AP_Logger_Block.cpp[0m
[ 565/2351] Compiling [32mlibraries/AP_Logger/AP_Logger_Flash_JEDEC.cpp[0m
[ 566/2351] Compiling [32mlibraries/AP_Logger/AP_Logger_MAVLink.cpp[0m
[ 567/2351] Compiling [32mlibraries/AP_Logger/AP_Logger_MAVLinkLogTransfer.cpp[0m
[ 568/2351] Compiling [32mlibraries/AP_Logger/LogFile.cpp[0m
[ 569/2351] Compiling [32mlibraries/AP_Logger/AP_Logger_W25NXX.cpp[0m
[ 570/2351] Compiling [32mlibraries/AP_MSP/AP_MSP_Telem_DisplayPort.cpp[0m
[ 571/2351] Compiling [32mlibraries/AP_MSP/AP_MSP_Telem_Generic.cpp[0m
[ 572/2351] Compiling [32mlibraries/AP_MSP/AP_MSP.cpp[0m
[ 573/2351] Compiling [32mlibraries/AP_MSP/AP_MSP_Telem_Backend.cpp[0m
[ 574/2351] Compiling [32mlibraries/AP_MSP/msp.cpp[0m
[ 575/2351] Compiling [32mlibraries/AP_MSP/msp_sbuf.cpp[0m
[ 576/2351] Compiling [32mlibraries/AP_MSP/AP_MSP_Telem_DJI.cpp[0m
[ 577/2351] Compiling [32mlibraries/AP_Math/matrix_alg.cpp[0m
[ 578/2351] Compiling [32mlibraries/AP_Math/AP_GeodesicGrid.cpp[0m
[ 579/2351] Compiling [32mlibraries/AP_Math/polygon.cpp[0m
[ 580/2351] Compiling [32mlibraries/AP_Math/control.cpp[0m
[ 581/2351] Compiling [32mlibraries/AP_Math/quaternion.cpp[0m
[ 582/2351] Compiling [32mlibraries/AP_Math/vector3.cpp[0m
[ 583/2351] Compiling [32mlibraries/AP_Math/AP_Math.cpp[0m
[ 584/2351] Compiling [32mlibraries/AP_Math/matrix3.cpp[0m
[ 585/2351] Compiling [32mlibraries/AP_Math/location_double.cpp[0m
[ 586/2351] Compiling [32mlibraries/AP_Math/matrixN.cpp[0m
[ 587/2351] Compiling [32mlibraries/AP_Math/polyfit.cpp[0m
[ 588/2351] Compiling [32mlibraries/AP_Math/vector2.cpp[0m
[ 589/2351] Compiling [32mlibraries/AP_Math/spline5.cpp[0m
[ 590/2351] Compiling [32mlibraries/AP_Math/SplineCurve.cpp[0m
[ 591/2351] Compiling [32mlibraries/AP_Math/chirp.cpp[0m
[ 592/2351] Compiling [32mlibraries/AP_Math/location.cpp[0m
[ 593/2351] Compiling [32mlibraries/AP_Math/crc.cpp[0m
[ 594/2351] Compiling [32mlibraries/AP_Mission/AP_Mission_Commands.cpp[0m
[ 595/2351] Compiling [32mlibraries/AP_Mission/AP_Mission_ChangeDetector.cpp[0m
[ 596/2351] Compiling [32mlibraries/AP_Module/AP_Module.cpp[0m
[ 597/2351] Compiling [32mlibraries/AP_Mount/AP_Mount_Viewpro.cpp[0m
[ 598/2351] Compiling [32mlibraries/AP_Mount/AP_Mount_Topotek.cpp[0m
[ 599/2351] Compiling [32mlibraries/AP_Mount/AP_Mount.cpp[0m
[ 600/2351] Compiling [32mlibraries/AP_Mount/AP_Mount_XFRobot.cpp[0m
[ 601/2351] Compiling [32mlibraries/AP_Mount/AP_Mount_Siyi.cpp[0m
[ 602/2351] Compiling [32mlibraries/AP_Mount/AP_Mount_Xacti.cpp[0m
[ 603/2351] Compiling [32mlibraries/AP_Mount/SoloGimbal_Parameters.cpp[0m
[ 604/2351] Compiling [32mlibraries/AP_Mount/SoloGimbalEKF.cpp[0m
[ 605/2351] Compiling [32mlibraries/AP_Mount/SoloGimbal.cpp[0m
[ 606/2351] Compiling [32mlibraries/AP_Mount/AP_Mount_Alexmos.cpp[0m
[ 607/2351] Compiling [32mlibraries/AP_Mount/AP_Mount_MAVLink.cpp[0m
[ 608/2351] Compiling [32mlibraries/AP_Mount/AP_Mount_Servo.cpp[0m
[ 609/2351] Compiling [32mlibraries/AP_Mount/AP_Mount_Backend.cpp[0m
[ 610/2351] Compiling [32mlibraries/AP_Mount/AP_Mount_SoloGimbal.cpp[0m
[ 611/2351] Compiling [32mlibraries/AP_Mount/AP_Mount_Scripting.cpp[0m
[ 612/2351] Compiling [32mlibraries/AP_Mount/AP_Mount_Params.cpp[0m
[ 613/2351] Compiling [32mlibraries/AP_Mount/AP_Mount_SToRM32.cpp[0m
[ 614/2351] Compiling [32mlibraries/AP_Mount/AP_Mount_SToRM32_serial.cpp[0m
[ 615/2351] Compiling [32mlibraries/AP_Mount/AP_Mount_CADDX.cpp[0m
[ 616/2351] Compiling [32mlibraries/AP_Mount/AP_Mount_Backend_Serial.cpp[0m
[ 617/2351] Compiling [32mlibraries/AP_MultiHeap/MultiHeap_malloc.cpp[0m
[ 618/2351] Compiling [32mlibraries/AP_MultiHeap/MultiHeap_chibios.cpp[0m
[ 619/2351] Compiling [32mlibraries/AP_MultiHeap/AP_MultiHeap.cpp[0m
[ 620/2351] Compiling [32mlibraries/AP_NMEA_Output/AP_NMEA_Output.cpp[0m
[ 621/2351] Compiling [32mlibraries/AP_NavEKF/AP_NavEKF_Source.cpp[0m
[ 622/2351] Compiling [32mlibraries/AP_NavEKF/EKF_Buffer.cpp[0m
[ 623/2351] Compiling [32mlibraries/AP_NavEKF/EKFGSF_yaw.cpp[0m
[ 624/2351] Compiling [32mlibraries/AP_NavEKF/AP_NavEKF_core_common.cpp[0m
[ 625/2351] Compiling [32mlibraries/AP_NavEKF/EKFGSF_Logging.cpp[0m
[ 626/2351] Compiling [32mlibraries/AP_NavEKF2/AP_NavEKF2_Measurements.cpp[0m
[ 627/2351] Compiling [32mlibraries/AP_NavEKF2/AP_NavEKF_GyroBias.cpp[0m
[ 628/2351] Compiling [32mlibraries/AP_NavEKF2/AP_NavEKF2_core.cpp[0m
[ 629/2351] Compiling [32mlibraries/AP_NavEKF2/AP_NavEKF2_VehicleStatus.cpp[0m
[ 630/2351] Compiling [32mlibraries/AP_NavEKF2/AP_NavEKF2_PosVelFusion.cpp[0m
[ 631/2351] Compiling [32mlibraries/AP_NavEKF2/AP_NavEKF2_RngBcnFusion.cpp[0m
[ 632/2351] Compiling [32mlibraries/AP_NavEKF2/AP_NavEKF2_MagFusion.cpp[0m
[ 633/2351] Compiling [32mlibraries/AP_NavEKF2/AP_NavEKF2_Outputs.cpp[0m
[ 634/2351] Compiling [32mlibraries/AP_NavEKF2/AP_NavEKF2_Control.cpp[0m
[ 635/2351] Compiling [32mlibraries/AP_NavEKF2/AP_NavEKF2_Logging.cpp[0m
[ 636/2351] Compiling [32mlibraries/AP_NavEKF2/AP_NavEKF2_AirDataFusion.cpp[0m
[ 637/2351] Compiling [32mmodules/lwip/src/core/def.c[0m
[ 638/2351] Compiling [32mmodules/lwip/src/netif/slipif.c[0m
[ 639/2351] Compiling [32mmodules/lwip/src/core/pbuf.c[0m
[ 640/2351] Compiling [32mmodules/lwip/src/core/memp.c[0m
[ 641/2351] Compiling [32mmodules/lwip/src/netif/ppp/fsm.c[0m
[ 642/2351] Compiling [32mmodules/lwip/src/netif/lowpan6_common.c[0m
[ 643/2351] Compiling [32mmodules/lwip/src/core/altcp_tcp.c[0m
[ 644/2351] Compiling [32mlibraries/AP_Networking/AP_Networking_tests.cpp[0m
[ 645/2351] Compiling [32mlibraries/AP_Networking/AP_Networking_ChibiOS.cpp[0m
[ 646/2351] Compiling [32mmodules/lwip/src/core/altcp.c[0m
[ 647/2351] Compiling [32mmodules/lwip/src/core/dns.c[0m
[ 648/2351] Compiling [32mmodules/lwip/src/core/init.c[0m
[ 649/2351] Compiling [32mmodules/lwip/src/core/netif.c[0m
[ 650/2351] Compiling [32mlibraries/AP_Networking/lwip_hal/arch/sys_arch.cpp[0m
[ 651/2351] Compiling [32mmodules/lwip/src/netif/ppp/vj.c[0m
[ 652/2351] Compiling [32mmodules/lwip/src/netif/ppp/mppe.c[0m
[ 653/2351] Compiling [32mmodules/lwip/src/netif/ppp/pppcrypt.c[0m
[ 654/2351] Compiling [32mlibraries/AP_Networking/AP_Networking_port.cpp[0m
[ 655/2351] Compiling [32mmodules/lwip/src/netif/ppp/multilink.c[0m
[ 656/2351] Compiling [32mmodules/lwip/src/netif/ppp/lcp.c[0m
[ 657/2351] Compiling [32mlibraries/AP_Networking/AP_Networking_macaddr.cpp[0m
[ 658/2351] Compiling [32mlibraries/AP_Networking/AP_Networking_SITL_TUN.cpp[0m
[ 659/2351] Compiling [32mmodules/lwip/src/netif/ppp/ipv6cp.c[0m
[ 660/2351] Compiling [32mmodules/lwip/src/netif/ppp/magic.c[0m
[ 661/2351] Compiling [32mlibraries/AP_Networking/AP_Networking_address.cpp[0m
[ 662/2351] Compiling [32mmodules/lwip/src/core/altcp_alloc.c[0m
[ 663/2351] Compiling [32mmodules/lwip/src/netif/ppp/ipcp.c[0m
[ 664/2351] Compiling [32mmodules/lwip/src/core/stats.c[0m
[ 665/2351] Compiling [32mmodules/lwip/src/core/ip.c[0m
[ 666/2351] Compiling [32mmodules/lwip/src/netif/ppp/ccp.c[0m
[ 667/2351] Compiling [32mmodules/lwip/src/core/timeouts.c[0m
[ 668/2351] Compiling [32mmodules/lwip/src/core/sys.c[0m
[ 669/2351] Compiling [32mmodules/lwip/src/core/ipv4/acd.c[0m
[ 670/2351] Compiling [32mmodules/lwip/src/netif/ppp/pppoe.c[0m
[ 671/2351] Compiling [32mmodules/lwip/src/netif/ppp/ppp.c[0m
[ 672/2351] Compiling [32mlibraries/AP_Networking/AP_Networking.cpp[0m
[ 673/2351] Compiling [32mmodules/lwip/src/netif/ppp/utils.c[0m
[ 674/2351] Compiling [32mmodules/lwip/src/core/inet_chksum.c[0m
[ 675/2351] Compiling [32mlibraries/AP_Networking/AP_Networking_PPP.cpp[0m
[ 676/2351] Compiling [32mlibraries/AP_Networking/AP_Networking_Backend.cpp[0m
[ 677/2351] Compiling [32mmodules/lwip/src/netif/ppp/demand.c[0m
[ 678/2351] Compiling [32mmodules/lwip/src/netif/ppp/ecp.c[0m
[ 679/2351] Compiling [32mmodules/lwip/src/netif/ppp/chap_ms.c[0m
[ 680/2351] Compiling [32mmodules/lwip/src/netif/ppp/eap.c[0m
[ 681/2351] Compiling [32mmodules/lwip/src/netif/ppp/auth.c[0m
[ 682/2351] Compiling [32mmodules/lwip/src/netif/ppp/pppol2tp.c[0m
[ 683/2351] Compiling [32mmodules/lwip/src/netif/ppp/chap-md5.c[0m
[ 684/2351] Compiling [32mmodules/lwip/src/netif/lowpan6_ble.c[0m
[ 685/2351] Compiling [32mlibraries/AP_Networking/AP_Networking_CAN.cpp[0m
[ 686/2351] Compiling [32mmodules/lwip/src/netif/ppp/upap.c[0m
[ 687/2351] Compiling [32mmodules/lwip/src/netif/ppp/chap-new.c[0m
[ 688/2351] Compiling [32mmodules/lwip/src/netif/lowpan6.c[0m
[ 689/2351] Compiling [32mmodules/lwip/src/netif/zepif.c[0m
[ 690/2351] Compiling [32mmodules/lwip/src/api/netdb.c[0m
[ 691/2351] Compiling [32mmodules/lwip/src/core/ipv4/autoip.c[0m
[ 692/2351] Compiling [32mmodules/lwip/src/core/raw.c[0m
[ 693/2351] Compiling [32mmodules/lwip/src/core/mem.c[0m
[ 694/2351] Compiling [32mmodules/lwip/src/api/tcpip.c[0m
[ 695/2351] Compiling [32mmodules/lwip/src/netif/ppp/pppapi.c[0m
[ 696/2351] Compiling [32mmodules/lwip/src/netif/bridgeif.c[0m
[ 697/2351] Compiling [32mmodules/lwip/src/netif/ppp/eui64.c[0m
[ 698/2351] Compiling [32mmodules/lwip/src/netif/bridgeif_fdb.c[0m
[ 699/2351] Compiling [32mmodules/lwip/src/api/netbuf.c[0m
[ 700/2351] Compiling [32mmodules/lwip/src/core/ipv4/dhcp.c[0m
[ 701/2351] Compiling [32mmodules/lwip/src/netif/ppp/pppos.c[0m
[ 702/2351] Compiling [32mmodules/lwip/src/netif/ethernet.c[0m
[ 703/2351] Compiling [32mmodules/lwip/src/api/netifapi.c[0m
[ 704/2351] Compiling [32mmodules/lwip/src/api/sockets.c[0m
[ 705/2351] Compiling [32mmodules/lwip/src/api/if_api.c[0m
[ 706/2351] Compiling [32mmodules/lwip/src/core/ipv4/icmp.c[0m
[ 707/2351] Compiling [32mmodules/lwip/src/core/tcp_in.c[0m
[ 708/2351] Compiling [32mmodules/lwip/src/core/ipv4/ip4_frag.c[0m
[ 709/2351] Compiling [32mmodules/lwip/src/api/err.c[0m
[ 710/2351] Compiling [32mmodules/lwip/src/api/api_lib.c[0m
[ 711/2351] Compiling [32mmodules/lwip/src/api/api_msg.c[0m
[ 712/2351] Compiling [32mmodules/lwip/src/core/ipv4/ip4_addr.c[0m
[ 713/2351] Compiling [32mmodules/lwip/src/core/ipv4/etharp.c[0m
[ 714/2351] Compiling [32mmodules/lwip/src/core/tcp.c[0m
[ 715/2351] Compiling [32mmodules/lwip/src/core/ipv4/igmp.c[0m
[ 716/2351] Compiling [32mmodules/lwip/src/core/ipv4/ip4.c[0m
[ 717/2351] Compiling [32mmodules/lwip/src/core/tcp_out.c[0m
[ 718/2351] Compiling [32mmodules/lwip/src/core/udp.c[0m
[ 719/2351] Compiling [32mlibraries/AP_Notify/ExternalLED.cpp[0m
[ 720/2351] Compiling [32mlibraries/AP_Notify/Buzzer.cpp[0m
[ 721/2351] Compiling [32mlibraries/AP_Notify/GPIO_LED_1.cpp[0m
[ 722/2351] Compiling [32mlibraries/AP_Notify/IS31FL3195.cpp[0m
[ 723/2351] Compiling [32mlibraries/AP_Notify/ProfiLED.cpp[0m
[ 724/2351] Compiling [32mlibraries/AP_Notify/DiscreteRGBLed.cpp[0m
[ 725/2351] Compiling [32mlibraries/AP_Notify/VRBoard_LED.cpp[0m
[ 726/2351] Compiling [32mlibraries/AP_Notify/ScriptingLED.cpp[0m
[ 727/2351] Compiling [32mlibraries/AP_Notify/AP_Notify.cpp[0m
[ 728/2351] Compiling [32mlibraries/AP_Notify/SITL_SFML_LED.cpp[0m
[ 729/2351] Compiling [32mlibraries/AP_Notify/RGBLed.cpp[0m
[ 730/2351] Compiling [32mlibraries/AP_Notify/RCOutputRGBLed.cpp[0m
[ 731/2351] Compiling [32mlibraries/AP_Notify/DShotLED.cpp[0m
[ 732/2351] Compiling [32mlibraries/AP_Notify/SerialLED.cpp[0m
[ 733/2351] Compiling [32mlibraries/AP_Notify/ToneAlarm.cpp[0m
[ 734/2351] Compiling [32mlibraries/AP_Notify/PCA9685LED_I2C.cpp[0m
[ 735/2351] Compiling [32mlibraries/AP_Notify/MMLPlayer.cpp[0m
[ 736/2351] Compiling [32mlibraries/AP_Notify/ToshibaLED_I2C.cpp[0m
[ 737/2351] Compiling [32mlibraries/AP_Notify/OreoLED_I2C.cpp[0m
[ 738/2351] Compiling [32mlibraries/AP_Notify/PixRacerLED.cpp[0m
[ 739/2351] Compiling [32mlibraries/AP_Notify/NavigatorLED.cpp[0m
[ 740/2351] Compiling [32mlibraries/AP_Notify/Display_SSD1306_I2C.cpp[0m
[ 741/2351] Compiling [32mlibraries/AP_Notify/Led_Sysfs.cpp[0m
[ 742/2351] Compiling [32mlibraries/AP_Notify/NCP5623.cpp[0m
[ 743/2351] Compiling [32mlibraries/AP_Notify/NeoPixel.cpp[0m
[ 744/2351] Compiling [32mlibraries/AP_Notify/LP5562.cpp[0m
[ 745/2351] Compiling [32mlibraries/AP_Notify/DroneCAN_RGB_LED.cpp[0m
[ 746/2351] Compiling [32mlibraries/AP_Notify/Display.cpp[0m
[ 747/2351] Compiling [32mlibraries/AP_Notify/Display_SH1106_I2C.cpp[0m
[ 748/2351] Compiling [32mlibraries/AP_Notify/Display_SITL.cpp[0m
[ 749/2351] Compiling [32mlibraries/AP_Notify/DiscoLED.cpp[0m
[ 750/2351] Compiling [32mlibraries/AP_Notify/AP_BoardLED2.cpp[0m
[ 751/2351] Compiling [32mlibraries/AP_Notify/AP_BoardLED.cpp[0m
[ 752/2351] Compiling [32mlibraries/AP_OLC/AP_OLC.cpp[0m
[ 753/2351] Compiling [32mlibraries/AP_OSD/AP_OSD_Backend.cpp[0m
[ 754/2351] Compiling [32mlibraries/AP_OSD/AP_OSD_MSP.cpp[0m
[ 755/2351] Compiling [32mlibraries/AP_OSD/AP_OSD_Setting.cpp[0m
[ 756/2351] Compiling [32mlibraries/AP_OSD/AP_OSD_SITL.cpp[0m
[ 757/2351] Compiling [32mlibraries/AP_OSD/AP_OSD.cpp[0m
[ 758/2351] Compiling [32mlibraries/AP_OSD/AP_OSD_MAX7456.cpp[0m
[ 759/2351] Compiling [32mlibraries/AP_OSD/AP_OSD_MSP_DisplayPort.cpp[0m
[ 760/2351] Compiling [32mlibraries/AP_OpenDroneID/AP_OpenDroneID.cpp[0m
[ 761/2351] Compiling [32mlibraries/AP_OpenDroneID/AP_OpenDroneID_DroneCAN.cpp[0m
[ 762/2351] Compiling [32mlibraries/AP_OpticalFlow/AP_OpticalFlow_HereFlow.cpp[0m
[ 763/2351] Compiling [32mlibraries/AP_OpticalFlow/AP_OpticalFlow_UPFLOW.cpp[0m
[ 764/2351] Compiling [32mlibraries/AP_OpticalFlow/AP_OpticalFlow_Pixart.cpp[0m
[ 765/2351] Compiling [32mlibraries/AP_OpticalFlow/AP_OpticalFlow_MSP.cpp[0m
[ 766/2351] Compiling [32mlibraries/AP_OpticalFlow/AP_OpticalFlow_PX4Flow.cpp[0m
[ 767/2351] Compiling [32mlibraries/AP_OpticalFlow/AP_OpticalFlow.cpp[0m
[ 768/2351] Compiling [32mlibraries/AP_OpticalFlow/AP_OpticalFlow_MAV.cpp[0m
[ 769/2351] Compiling [32mlibraries/AP_OpticalFlow/AP_OpticalFlow_CXOF.cpp[0m
[ 770/2351] Compiling [32mlibraries/AP_OpticalFlow/AP_OpticalFlow_Backend.cpp[0m
[ 771/2351] Compiling [32mlibraries/AP_OpticalFlow/AP_OpticalFlow_SITL.cpp[0m
[ 772/2351] Compiling [32mlibraries/AP_OpticalFlow/AP_OpticalFlow_Calibrator.cpp[0m
[ 773/2351] Compiling [32mlibraries/AP_OpticalFlow/AP_OpticalFlow_Onboard.cpp[0m
[ 774/2351] Compiling [32mlibraries/AP_Parachute/AP_Parachute.cpp[0m
[ 775/2351] Compiling [32mlibraries/AP_Param/AP_ParamT.cpp[0m
[ 776/2351] Compiling [32mlibraries/AP_Param/AP_Param.cpp[0m
[ 777/2351] Compiling [32mlibraries/AP_PiccoloCAN/AP_PiccoloCAN_ESC.cpp[0m
[ 778/2351] Compiling [32mlibraries/AP_PiccoloCAN/AP_PiccoloCAN_Servo.cpp[0m
[ 779/2351] Compiling [32mlibraries/AP_PiccoloCAN/AP_PiccoloCAN_Cortex.cpp[0m
[ 780/2351] Compiling [32mlibraries/AP_PiccoloCAN/AP_PiccoloCAN_ECU.cpp[0m
[ 781/2351] Compiling [32mlibraries/AP_PiccoloCAN/AP_PiccoloCAN.cpp[0m
[ 782/2351] Compiling [32mlibraries/AP_Proximity/AP_Proximity_SITL.cpp[0m
[ 783/2351] Compiling [32mlibraries/AP_Proximity/AP_Proximity_Params.cpp[0m
[ 784/2351] Compiling [32mlibraries/AP_Proximity/AP_Proximity_RPLidarA2.cpp[0m
[ 785/2351] Compiling [32mlibraries/AP_Proximity/AP_Proximity_TeraRangerTower.cpp[0m
[ 786/2351] Compiling [32mlibraries/AP_Proximity/AP_Proximity_RangeFinder.cpp[0m
[ 787/2351] Compiling [32mlibraries/AP_Proximity/AP_Proximity_TeraRangerTowerEvo.cpp[0m
[ 788/2351] Compiling [32mlibraries/AP_Proximity/AP_Proximity_LightWareSF45B.cpp[0m
[ 789/2351] Compiling [32mlibraries/AP_Proximity/AP_Proximity_MR72_CAN.cpp[0m
[ 790/2351] Compiling [32mlibraries/AP_Proximity/AP_Proximity_LightWareSF40C.cpp[0m
[ 791/2351] Compiling [32mlibraries/AP_Proximity/AP_Proximity_Scripting.cpp[0m
[ 792/2351] Compiling [32mlibraries/AP_Proximity/AP_Proximity_DroneCAN.cpp[0m
[ 793/2351] Compiling [32mlibraries/AP_Proximity/AP_Proximity_Backend_Serial.cpp[0m
[ 794/2351] Compiling [32mlibraries/AP_Proximity/AP_Proximity_Cygbot_D1.cpp[0m
[ 795/2351] Compiling [32mlibraries/AP_Proximity/AP_Proximity_LD06.cpp[0m
[ 796/2351] Compiling [32mlibraries/AP_Proximity/AP_Proximity_Boundary_3D.cpp[0m
[ 797/2351] Compiling [32mlibraries/AP_Proximity/AP_Proximity_AirSimSITL.cpp[0m
[ 798/2351] Compiling [32mlibraries/AP_Proximity/AP_Proximity_Backend.cpp[0m
[ 799/2351] Compiling [32mlibraries/AP_Proximity/AP_Proximity.cpp[0m
[ 800/2351] Compiling [32mlibraries/AP_Proximity/AP_Proximity_MAV.cpp[0m
[ 801/2351] Compiling [32mlibraries/AP_RAMTRON/AP_RAMTRON.cpp[0m
[ 802/2351] Compiling [32mlibraries/AP_RCMapper/AP_RCMapper.cpp[0m
[ 803/2351] Compiling [32mlibraries/AP_RCProtocol/AP_RCProtocol_Emlid_RCIO.cpp[0m
[ 804/2351] Compiling [32mlibraries/AP_RCProtocol/AP_RCProtocol_IOMCU.cpp[0m
[ 805/2351] Compiling [32mlibraries/AP_RCProtocol/spm_srxl.cpp[0m
[ 806/2351] Compiling [32mlibraries/AP_RCProtocol/AP_RCProtocol_SUMD.cpp[0m
[ 807/2351] Compiling [32mlibraries/AP_RCProtocol/SoftSerial.cpp[0m
[ 808/2351] Compiling [32mlibraries/AP_RCProtocol/AP_RCProtocol_PPMSum.cpp[0m
[ 809/2351] Compiling [32mlibraries/AP_RCProtocol/AP_RCProtocol_Joystick_SFML.cpp[0m
[ 810/2351] Compiling [32mlibraries/AP_RCProtocol/AP_RCProtocol_Radio.cpp[0m
[ 811/2351] Compiling [32mlibraries/AP_RCProtocol/AP_RCProtocol_MAVLinkRadio.cpp[0m
[ 812/2351] Compiling [32mlibraries/AP_RCProtocol/AP_RCProtocol_SRXL.cpp[0m
[ 813/2351] Compiling [32mlibraries/AP_RCProtocol/AP_RCProtocol_SBUS.cpp[0m
[ 814/2351] Compiling [32mlibraries/AP_RCProtocol/AP_RCProtocol_DroneCAN.cpp[0m
[ 815/2351] Compiling [32mlibraries/AP_RCProtocol/AP_RCProtocol_Backend.cpp[0m
[ 816/2351] Compiling [32mlibraries/AP_RCProtocol/AP_RCProtocol_FDM.cpp[0m
[ 817/2351] Compiling [32mlibraries/AP_RCProtocol/AP_RCProtocol_IBUS.cpp[0m
[ 818/2351] Compiling [32mlibraries/AP_RCProtocol/AP_RCProtocol_DSM.cpp[0m
[ 819/2351] Compiling [32mlibraries/AP_RCProtocol/AP_RCProtocol_ST24.cpp[0m
[ 820/2351] Compiling [32mlibraries/AP_RCTelemetry/AP_Spektrum_Telem.cpp[0m
[ 821/2351] Compiling [32mlibraries/AP_RCTelemetry/AP_GHST_Telem.cpp[0m
[ 822/2351] Compiling [32mlibraries/AP_ROMFS/tinflate.cpp[0m
[ 823/2351] Compiling [32mlibraries/AP_ROMFS/AP_ROMFS.cpp[0m
[ 824/2351] Compiling [32mlibraries/AP_RPM/RPM_Pin.cpp[0m
[ 825/2351] Compiling [32mlibraries/AP_RPM/RPM_ESC_Telem.cpp[0m
[ 826/2351] Compiling [32mlibraries/AP_RPM/RPM_Generator.cpp[0m
[ 827/2351] Compiling [32mlibraries/AP_RPM/RPM_SITL.cpp[0m
[ 828/2351] Compiling [32mlibraries/AP_RPM/RPM_HarmonicNotch.cpp[0m
[ 829/2351] Compiling [32mlibraries/AP_RPM/RPM_DroneCAN.cpp[0m
[ 830/2351] Compiling [32mlibraries/AP_RPM/RPM_EFI.cpp[0m
[ 831/2351] Compiling [32mlibraries/AP_RPM/RPM_Backend.cpp[0m
[ 832/2351] Compiling [32mlibraries/AP_RPM/AP_RPM.cpp[0m
[ 833/2351] Compiling [32mlibraries/AP_RPM/AP_RPM_Params.cpp[0m
[ 834/2351] Compiling [32mlibraries/AP_RSSI/AP_RSSI.cpp[0m
[ 835/2351] Compiling [32mlibraries/AP_RTC/AP_RTC.cpp[0m
[ 836/2351] Compiling [32mlibraries/AP_RTC/JitterCorrection.cpp[0m
[ 837/2351] Compiling [32mlibraries/AP_Radio/AP_Radio.cpp[0m
[ 838/2351] Compiling [32mlibraries/AP_Radio/AP_Radio_backend.cpp[0m
[ 839/2351] Compiling [32mlibraries/AP_Radio/AP_Radio_bk2425.cpp[0m
[ 840/2351] Compiling [32mlibraries/AP_Radio/driver_cc2500.cpp[0m
[ 841/2351] Compiling [32mlibraries/AP_Radio/AP_Radio_cc2500.cpp[0m
[ 842/2351] Compiling [32mlibraries/AP_Radio/driver_bk2425.cpp[0m
[ 843/2351] Compiling [32mlibraries/AP_Radio/AP_Radio_cypress.cpp[0m
[ 844/2351] Compiling [32mlibraries/AP_RangeFinder/AP_RangeFinder_LeddarVu8.cpp[0m
[ 845/2351] Compiling [32mlibraries/AP_RangeFinder/AP_RangeFinder_Backend.cpp[0m
[ 846/2351] Compiling [32mlibraries/AP_RangeFinder/AP_RangeFinder_LightWareI2C.cpp[0m
[ 847/2351] Compiling [32mlibraries/AP_RangeFinder/AP_RangeFinder_SITL.cpp[0m
[ 848/2351] Compiling [32mlibraries/AP_RangeFinder/AP_RangeFinder_LightWareSerial.cpp[0m
[ 849/2351] Compiling [32mlibraries/AP_RangeFinder/AP_RangeFinder_LightWare_GRF.cpp[0m
[ 850/2351] Compiling [32mlibraries/AP_RangeFinder/AP_RangeFinder_LightWare_GRF_Common.cpp[0m
[ 851/2351] Compiling [32mlibraries/AP_RangeFinder/AP_RangeFinder_Backend_CAN.cpp[0m
[ 852/2351] Compiling [32mlibraries/AP_RangeFinder/AP_RangeFinder_BBB_PRU.cpp[0m
[ 853/2351] Compiling [32mlibraries/AP_RangeFinder/AP_RangeFinder_LightWare_GRF_I2C.cpp[0m
[ 854/2351] Compiling [32mlibraries/AP_RangeFinder/AP_RangeFinder_Lua.cpp[0m
[ 855/2351] Compiling [32mlibraries/AP_RangeFinder/AP_RangeFinder_Backend_Serial.cpp[0m
[ 856/2351] Compiling [32mlibraries/AP_RangeFinder/AP_RangeFinder_analog.cpp[0m
[ 857/2351] Compiling [32mlibraries/AP_RangeFinder/AP_RangeFinder_VL53L1X.cpp[0m
[ 858/2351] Compiling [32mlibraries/AP_RangeFinder/AP_RangeFinder_Benewake_TFS20L.cpp[0m
[ 859/2351] Compiling [32mlibraries/AP_RangeFinder/AP_RangeFinder_TOFSenseP_CAN.cpp[0m
[ 860/2351] Compiling [32mlibraries/AP_RangeFinder/AP_RangeFinder_Benewake_TFMiniPlus.cpp[0m
[ 861/2351] Compiling [32mlibraries/AP_RangeFinder/AP_RangeFinder_BLPing.cpp[0m
[ 862/2351] Compiling [32mlibraries/AP_RangeFinder/AP_RangeFinder.cpp[0m
[ 863/2351] Compiling [32mlibraries/AP_RangeFinder/AP_RangeFinder_VL53L0X.cpp[0m
[ 864/2351] Compiling [32mlibraries/AP_RangeFinder/AP_RangeFinder_LeddarOne.cpp[0m
[ 865/2351] Compiling [32mlibraries/AP_RangeFinder/AP_RangeFinder_USD1_Serial.cpp[0m
[ 866/2351] Compiling [32mlibraries/AP_RangeFinder/AP_RangeFinder_TeraRanger_Serial.cpp[0m
[ 867/2351] Compiling [32mlibraries/AP_RangeFinder/AP_RangeFinder_MSP.cpp[0m
[ 868/2351] Compiling [32mlibraries/AP_RangeFinder/AP_RangeFinder_USD1_CAN.cpp[0m
[ 869/2351] Compiling [32mlibraries/AP_RangeFinder/AP_RangeFinder_Benewake.cpp[0m
[ 870/2351] Compiling [32mlibraries/AP_RangeFinder/AP_RangeFinder_Bebop.cpp[0m
[ 871/2351] Compiling [32mlibraries/AP_RangeFinder/AP_RangeFinder_PulsedLightLRF.cpp[0m
[ 872/2351] Compiling [32mlibraries/AP_RangeFinder/AP_RangeFinder_TOFSenseF_I2C.cpp[0m
[ 873/2351] Compiling [32mlibraries/AP_RangeFinder/AP_RangeFinder_Backend_I2C.cpp[0m
[ 874/2351] Compiling [32mlibraries/AP_RangeFinder/AP_RangeFinder_RDS02UF.cpp[0m
[ 875/2351] Compiling [32mlibraries/AP_RangeFinder/AP_RangeFinder_PWM.cpp[0m
[ 876/2351] Compiling [32mlibraries/AP_RangeFinder/AP_RangeFinder_TeraRangerI2C.cpp[0m
[ 877/2351] Compiling [32mlibraries/AP_RangeFinder/AP_RangeFinder_MaxsonarI2CXL.cpp[0m
[ 878/2351] Compiling [32mlibraries/AP_RangeFinder/AP_RangeFinder_Params.cpp[0m
[ 879/2351] Compiling [32mlibraries/AP_RangeFinder/AP_RangeFinder_NoopLoop.cpp[0m
[ 880/2351] Compiling [32mlibraries/AP_RangeFinder/AP_RangeFinder_Wasp.cpp[0m
[ 881/2351] Compiling [32mlibraries/AP_RangeFinder/AP_RangeFinder_NRA24_CAN.cpp[0m
[ 882/2351] Compiling [32mlibraries/AP_RangeFinder/AP_RangeFinder_Ainstein_LR_D1.cpp[0m
[ 883/2351] Compiling [32mlibraries/AP_RangeFinder/AP_RangeFinder_NMEA.cpp[0m
[ 884/2351] Compiling [32mlibraries/AP_RangeFinder/AP_RangeFinder_MaxsonarSerialLV.cpp[0m
[ 885/2351] Compiling [32mlibraries/AP_RangeFinder/AP_RangeFinder_Benewake_CAN.cpp[0m
[ 886/2351] Compiling [32mlibraries/AP_RangeFinder/AP_RangeFinder_Lanbao.cpp[0m
[ 887/2351] Compiling [32mlibraries/AP_RangeFinder/AP_RangeFinder_DroneCAN.cpp[0m
[ 888/2351] Compiling [32mlibraries/AP_RangeFinder/AP_RangeFinder_MAVLink.cpp[0m
[ 889/2351] Compiling [32mlibraries/AP_RangeFinder/AP_RangeFinder_JRE_Serial.cpp[0m
[ 890/2351] Compiling [32mlibraries/AP_RangeFinder/AP_RangeFinder_DTS6012M.cpp[0m
[ 891/2351] Compiling [32mlibraries/AP_RangeFinder/AP_RangeFinder_GYUS42v2.cpp[0m
[ 892/2351] Compiling [32mlibraries/AP_RangeFinder/AP_RangeFinder_HC_SR04.cpp[0m
[ 893/2351] Compiling [32mlibraries/AP_Relay/AP_Relay_Params.cpp[0m
[ 894/2351] Compiling [32mlibraries/AP_RobotisServo/AP_RobotisServo.cpp[0m
[ 895/2351] Compiling [32mlibraries/AP_SBusOut/AP_SBusOut.cpp[0m
[ 896/2351] Compiling [32mlibraries/AP_Scheduler/PerfInfo.cpp[0m
[ 897/2351] Compiling [32mlibraries/AP_SerialLED/AP_SerialLED.cpp[0m
[ 898/2351] Compiling [32mlibraries/AP_SerialManager/AP_SerialManager.cpp[0m
[ 899/2351] Compiling [32mlibraries/AP_ServoRelayEvents/AP_ServoRelayEvents.cpp[0m
[ 900/2351] Compiling [32mlibraries/AP_Servo_Telem/AP_Servo_Telem.cpp[0m
[ 901/2351] Compiling [32mlibraries/AP_Stats/AP_Stats.cpp[0m
[ 902/2351] Compiling [32mlibraries/AP_TempCalibration/AP_TempCalibration.cpp[0m
[ 903/2351] Compiling [32mlibraries/AP_TemperatureSensor/AP_TemperatureSensor_DroneCAN.cpp[0m
[ 904/2351] Compiling [32mlibraries/AP_TemperatureSensor/AP_TemperatureSensor_Params.cpp[0m
[ 905/2351] Compiling [32mlibraries/AP_TemperatureSensor/AP_TemperatureSensor_TSYS01.cpp[0m
[ 906/2351] Compiling [32mlibraries/AP_TemperatureSensor/AP_TemperatureSensor_Backend.cpp[0m
[ 907/2351] Compiling [32mlibraries/AP_TemperatureSensor/AP_TemperatureSensor_SHT3x.cpp[0m
[ 908/2351] Compiling [32mlibraries/AP_TemperatureSensor/AP_TemperatureSensor_MLX90614.cpp[0m
[ 909/2351] Compiling [32mlibraries/AP_TemperatureSensor/AP_TemperatureSensor_TSYS03.cpp[0m
[ 910/2351] Compiling [32mlibraries/AP_TemperatureSensor/AP_TemperatureSensor_MAX31865.cpp[0m
[ 911/2351] Compiling [32mlibraries/AP_TemperatureSensor/AP_TemperatureSensor_MCP9600.cpp[0m
[ 912/2351] Compiling [32mlibraries/AP_TemperatureSensor/AP_TemperatureSensor_Analog.cpp[0m
[ 913/2351] Compiling [32mlibraries/AP_Terrain/TerrainUtil.cpp[0m
[ 914/2351] Compiling [32mlibraries/AP_Terrain/TerrainGCS.cpp[0m
[ 915/2351] Compiling [32mlibraries/AP_Terrain/TerrainIO.cpp[0m
[ 916/2351] Compiling [32mlibraries/AP_Terrain/TerrainMission.cpp[0m
[ 917/2351] Compiling [32mlibraries/AP_Torqeedo/AP_Torqeedo_Backend.cpp[0m
[ 918/2351] Compiling [32mlibraries/AP_Torqeedo/AP_Torqeedo_Params.cpp[0m
[ 919/2351] Compiling [32mlibraries/AP_Torqeedo/AP_Torqeedo.cpp[0m
[ 920/2351] Compiling [32mlibraries/AP_Torqeedo/AP_Torqeedo_TQBus.cpp[0m
[ 921/2351] Compiling [32mlibraries/AP_Tuning/AP_Tuning.cpp[0m
[ 922/2351] Compiling [32mlibraries/AP_Vehicle/Parameters.cpp[0m
[ 923/2351] Compiling [32mlibraries/AP_VideoTX/AP_VideoTX.cpp[0m
[ 924/2351] Compiling [32mlibraries/AP_VideoTX/AP_SmartAudio.cpp[0m
[ 925/2351] Compiling [32mlibraries/AP_VideoTX/AP_Tramp.cpp[0m
[ 926/2351] Compiling [32mlibraries/AP_VisualOdom/AP_VisualOdom_MAV.cpp[0m
[ 927/2351] Compiling [32mlibraries/AP_VisualOdom/AP_VisualOdom_Logging.cpp[0m
[ 928/2351] Compiling [32mlibraries/AP_VisualOdom/AP_VisualOdom_IntelT265.cpp[0m
[ 929/2351] Compiling [32mlibraries/AP_VisualOdom/AP_VisualOdom.cpp[0m
[ 930/2351] Compiling [32mlibraries/AP_VisualOdom/AP_VisualOdom_Backend.cpp[0m
[ 931/2351] Compiling [32mlibraries/AP_Volz_Protocol/AP_Volz_Protocol.cpp[0m
[ 932/2351] Compiling [32mlibraries/AP_WheelEncoder/WheelEncoder_Quadrature.cpp[0m
[ 933/2351] Compiling [32mlibraries/AP_WheelEncoder/WheelEncoder_SITL_Quadrature.cpp[0m
[ 934/2351] Compiling [32mlibraries/AP_WheelEncoder/WheelEncoder_Backend.cpp[0m
[ 935/2351] Compiling [32mlibraries/AP_WheelEncoder/AP_WheelRateControl.cpp[0m
[ 936/2351] Compiling [32mlibraries/AP_WheelEncoder/AP_WheelEncoder.cpp[0m
[ 937/2351] Compiling [32mlibraries/Filter/AP_NotchFilter_params.cpp[0m
[ 938/2351] Compiling [32mlibraries/Filter/LowPassFilter2p.cpp[0m
[ 939/2351] Compiling [32mlibraries/Filter/ModeFilter.cpp[0m
[ 940/2351] Compiling [32mlibraries/Filter/DerivativeFilter.cpp[0m
[ 941/2351] Compiling [32mlibraries/Filter/LowPassFilter.cpp[0m
[ 942/2351] Compiling [32mlibraries/Filter/SlewLimiter.cpp[0m
[ 943/2351] Compiling [32mlibraries/Filter/NotchFilter.cpp[0m
[ 944/2351] Compiling [32mlibraries/Filter/AP_Filter.cpp[0m
[ 945/2351] Compiling [32mlibraries/Filter/AP_Filter_params.cpp[0m
[ 946/2351] Compiling [32mlibraries/GCS_MAVLink/MissionItemProtocol_Fence.cpp[0m
[ 947/2351] Compiling [32mlibraries/GCS_MAVLink/MissionItemProtocol_Rally.cpp[0m
[ 948/2351] Compiling [32mlibraries/GCS_MAVLink/MAVLink_routing.cpp[0m
[ 949/2351] Compiling [32mlibraries/GCS_MAVLink/MissionItemProtocol.cpp[0m
[ 950/2351] Compiling [32mlibraries/GCS_MAVLink/MissionItemProtocol_Waypoints.cpp[0m
[ 951/2351] Compiling [32mlibraries/GCS_MAVLink/GCS_Signing.cpp[0m
[ 952/2351] Compiling [32mlibraries/GCS_MAVLink/GCS_ServoRelay.cpp[0m
[ 953/2351] Compiling [32mlibraries/GCS_MAVLink/GCS_Param.cpp[0m
[ 954/2351] Compiling [32mlibraries/GCS_MAVLink/GCS_FTP.cpp[0m
[ 955/2351] Compiling [32mlibraries/GCS_MAVLink/GCS_MAVLink.cpp[0m
[ 956/2351] Compiling [32mlibraries/GCS_MAVLink/GCS_DeviceOp.cpp[0m
[ 957/2351] Compiling [32mlibraries/GCS_MAVLink/GCS_serial_control.cpp[0m
[ 958/2351] Compiling [32mlibraries/RC_Channel/RC_Channels.cpp[0m
[ 959/2351] Compiling [32mlibraries/SRV_Channel/SRV_Channels.cpp[0m
[ 960/2351] Compiling [32mlibraries/SRV_Channel/SRV_Channel_aux.cpp[0m
[ 961/2351] Compiling [32mlibraries/SRV_Channel/SRV_Channel.cpp[0m
[ 962/2351] Compiling [32mlibraries/AP_HAL/utility/Socket.cpp[0m
[ 963/2351] Compiling [32mlibraries/AP_HAL/utility/ftoa_engine.cpp[0m
[ 964/2351] Compiling [32mlibraries/AP_HAL/utility/getopt_cpp.cpp[0m
[ 965/2351] Compiling [32mlibraries/AP_HAL/utility/packetise.cpp[0m
[ 966/2351] Compiling [32mlibraries/AP_HAL/utility/dsm.cpp[0m
[ 967/2351] Compiling [32mlibraries/AP_HAL/utility/DataRateLimit.cpp[0m
[ 968/2351] Compiling [32mlibraries/AP_HAL/utility/Socket_native.cpp[0m
[ 969/2351] Compiling [32mlibraries/AP_HAL/utility/print_vprintf.cpp[0m
[ 970/2351] Compiling [32mlibraries/AP_HAL/utility/RCOutput_Tap.cpp[0m
[ 971/2351] Compiling [32mlibraries/AP_HAL/utility/RCOutput_Tap_Linux.cpp[0m
[ 972/2351] Compiling [32mlibraries/AP_HAL/utility/RingBuffer.cpp[0m
[ 973/2351] Compiling [32mlibraries/AP_HAL/Semaphores.cpp[0m
[ 974/2351] Compiling [32mlibraries/AP_HAL/Util.cpp[0m
[ 975/2351] Compiling [32mlibraries/AP_HAL/Storage.cpp[0m
[ 976/2351] Compiling [32mlibraries/AP_HAL/UARTDriver.cpp[0m
[ 977/2351] Compiling [32mlibraries/AP_HAL/Scheduler.cpp[0m
[ 978/2351] Compiling [32mlibraries/AP_HAL/system.cpp[0m
[ 979/2351] Compiling [32mlibraries/AP_HAL/utility/BetterStream.cpp[0m
[ 980/2351] Compiling [32mlibraries/AP_HAL/Device.cpp[0m
[ 981/2351] Compiling [32mlibraries/AP_HAL/HAL.cpp[0m
[ 982/2351] Compiling [32mlibraries/AP_HAL/utility/replace.cpp[0m
[ 983/2351] Compiling [32mlibraries/AP_HAL/GPIO.cpp[0m
[ 984/2351] Compiling [32mlibraries/AP_HAL/utility/utoa_invert.cpp[0m
[ 985/2351] Compiling [32mlibraries/AP_HAL/RCOutput.cpp[0m
[ 986/2351] Compiling [32mlibraries/AP_HAL/CANIface.cpp[0m
[ 987/2351] Compiling [32mlibraries/AP_HAL/DSP.cpp[0m
[ 988/2351] Compiling [32mlibraries/AP_HAL_Empty/HAL_Empty_Class.cpp[0m
[ 989/2351] Compiling [32mlibraries/AP_HAL_Empty/UARTDriver.cpp[0m
[ 990/2351] Compiling [32mlibraries/AP_HAL_Empty/AnalogIn.cpp[0m
[ 991/2351] Compiling [32mlibraries/AP_HAL_Empty/RCInput.cpp[0m
[ 992/2351] Compiling [32mlibraries/AP_HAL_Empty/Storage.cpp[0m
[ 993/2351] Compiling [32mlibraries/AP_HAL_Empty/RCOutput.cpp[0m
[ 994/2351] Compiling [32mlibraries/AP_HAL_Empty/Semaphores.cpp[0m
[ 995/2351] Compiling [32mlibraries/AP_HAL_Empty/GPIO.cpp[0m
[ 996/2351] Compiling [32mlibraries/AP_PiccoloCAN/piccolo_protocol/ECUPackets.c[0m
[ 997/2351] Compiling [32mlibraries/AP_PiccoloCAN/piccolo_protocol/ESCDefines.c[0m
[ 998/2351] Compiling [32mlibraries/AP_PiccoloCAN/piccolo_protocol/fielddecode.c[0m
[ 999/2351] Compiling [32mlibraries/AP_PiccoloCAN/piccolo_protocol/ServoProtocol.c[0m
[1000/2351] Compiling [32mlibraries/AP_PiccoloCAN/piccolo_protocol/scaleddecode.c[0m
[1001/2351] Compiling [32mlibraries/AP_PiccoloCAN/piccolo_protocol/ESCPackets.c[0m
[1002/2351] Compiling [32mlibraries/AP_PiccoloCAN/piccolo_protocol/fieldencode.c[0m
[1003/2351] Compiling [32mlibraries/AP_PiccoloCAN/piccolo_protocol/ServoCommands.c[0m
[1004/2351] Compiling [32mlibraries/AP_PiccoloCAN/piccolo_protocol/ESCVelocityProtocol.c[0m
[1005/2351] Compiling [32mlibraries/AP_PiccoloCAN/piccolo_protocol/ServoDefines.c[0m
[1006/2351] Compiling [32mlibraries/AP_PiccoloCAN/piccolo_protocol/ECUProtocol.c[0m
[1007/2351] Compiling [32mlibraries/AP_PiccoloCAN/piccolo_protocol/ECUSettings.c[0m
[1008/2351] Compiling [32mlibraries/AP_PiccoloCAN/piccolo_protocol/ServoPackets.c[0m
[1009/2351] Compiling [32mlibraries/AP_PiccoloCAN/piccolo_protocol/ESCCommands.c[0m
[1010/2351] Compiling [32mlibraries/AP_PiccoloCAN/piccolo_protocol/ECUDefines.c[0m
[1011/2351] Compiling [32mlibraries/AP_PiccoloCAN/piccolo_protocol/CortexProtocol.c[0m
[1012/2351] Compiling [32mlibraries/AP_PiccoloCAN/piccolo_protocol/CortexPackets.c[0m
[1013/2351] Compiling [32mlibraries/AP_PiccoloCAN/piccolo_protocol/CortexDefines.c[0m
[1014/2351] Compiling [32mlibraries/AP_PiccoloCAN/piccolo_protocol/scaledencode.c[0m
[1015/2351] Compiling [32mmodules/DroneCAN/libcanard/canard.c[0m
[1016/2351] Compiling [32mlibraries/AP_HAL_SITL/RCInput.cpp[0m
[1017/2351] Compiling [32mlibraries/AP_HAL_SITL/system.cpp[0m
[1018/2351] Compiling [32mlibraries/AP_HAL_SITL/RCOutput.cpp[0m
[1019/2351] Compiling [32mlibraries/AP_HAL_SITL/ToneAlarm_SF.cpp[0m
[1020/2351] Compiling [32mlibraries/AP_HAL_SITL/sitl_rangefinder.cpp[0m
[1021/2351] Compiling [32mlibraries/AP_HAL_SITL/Semaphores.cpp[0m
[1022/2351] Compiling [32mlibraries/AP_HAL_SITL/AnalogIn.cpp[0m
[1023/2351] Compiling [32mlibraries/AP_HAL_SITL/DSP.cpp[0m
[1024/2351] Compiling [32mlibraries/AP_HAL_SITL/SITL_State_common.cpp[0m
[1025/2351] Compiling [32mlibraries/AP_HAL_SITL/SITL_State.cpp[0m
[1026/2351] Compiling [32mlibraries/AP_HAL_SITL/HAL_SITL_Class.cpp[0m
[1027/2351] Compiling [32mlibraries/AP_HAL_SITL/UART_utils.cpp[0m
[1028/2351] Compiling [32mlibraries/AP_HAL_SITL/Scheduler.cpp[0m
[1029/2351] Compiling [32mlibraries/AP_HAL_SITL/CANSocketIface.cpp[0m
[1030/2351] Compiling [32mlibraries/AP_HAL_SITL/I2CDevice.cpp[0m
[1031/2351] Compiling [32mlibraries/AP_HAL_SITL/CAN_SocketCAN.cpp[0m
[1032/2351] Compiling [32mlibraries/AP_HAL_SITL/SPIDevice.cpp[0m
[1033/2351] Compiling [32mlibraries/AP_HAL_SITL/CAN_Multicast.cpp[0m
[1034/2351] Compiling [32mlibraries/AP_HAL_SITL/GPIO.cpp[0m
[1035/2351] Compiling [32mlibraries/AP_HAL_SITL/Util.cpp[0m
[1036/2351] Compiling [32mlibraries/AP_HAL_SITL/SITL_Periph_State.cpp[0m
[1037/2351] Compiling [32mlibraries/AP_HAL_SITL/sitl_airspeed.cpp[0m
[1038/2351] Compiling [32mlibraries/SITL/SIM_RF_NoopLoop.cpp[0m
[1039/2351] Compiling [32mlibraries/SITL/SIM_Invensense_v3.cpp[0m
[1040/2351] Compiling [32mlibraries/SITL/SIM_InertialLabs.cpp[0m
[1041/2351] Compiling [32mlibraries/SITL/SIM_ICEngine.cpp[0m
[1042/2351] Compiling [32mlibraries/SITL/SIM_GPS_NMEA.cpp[0m
[1043/2351] Compiling [32mlibraries/SITL/SIM_GPS_FILE.cpp[0m
[1044/2351] Compiling [32mlibraries/SITL/SIM_GPIO_LED_2.cpp[0m
[1045/2351] Compiling [32mlibraries/SITL/SIM_GPIO_LED_1.cpp[0m
[1046/2351] Compiling [32mlibraries/SITL/SIM_Frsky_D.cpp[0m
[1047/2351] Compiling [32mlibraries/SITL/SIM_Frame.cpp[0m
[1048/2351] Compiling [32mlibraries/SITL/SIM_Frsky.cpp[0m
[1049/2351] Compiling [32mlibraries/SITL/SIM_GPS_NOVA.cpp[0m
[1050/2351] Compiling [32mlibraries/SITL/SIM_FlightAxis.cpp[0m
[1051/2351] Compiling [32mlibraries/SITL/SIM_GPS_MSP.cpp[0m
[1052/2351] Compiling [32mlibraries/SITL/SIM_FETtecOneWireESC.cpp[0m
[1053/2351] Compiling [32mlibraries/SITL/SIM_ELRS.cpp[0m
[1054/2351] Compiling [32mlibraries/SITL/SIM_EFI_MegaSquirt.cpp[0m
[1055/2351] Compiling [32mlibraries/SITL/SIM_EFI_Hirth.cpp[0m
[1056/2351] Compiling [32mlibraries/SITL/SIM_CRSF.cpp[0m
[1057/2351] Compiling [32mlibraries/SITL/SIM_Buzzer.cpp[0m
[1058/2351] Compiling [32mlibraries/SITL/SIM_Blimp.cpp[0m
[1059/2351] Compiling [32mlibraries/SITL/SIM_CRRCSim.cpp[0m
[1060/2351] Compiling [32mlibraries/SITL/SIM_BattMonitor_SMBus_Rotoye.cpp[0m
[1061/2351] Compiling [32mlibraries/SITL/SIM_BattMonitor_SMBus_Maxell.cpp[0m
[1062/2351] Compiling [32mlibraries/SITL/SIM_Battery.cpp[0m
[1063/2351] Compiling [32mlibraries/SITL/SIM_BattMonitor_SMBus.cpp[0m
[1064/2351] Compiling [32mlibraries/SITL/SIM_Balloon.cpp[0m
[1065/2351] Compiling [32mlibraries/SITL/SIM_Airspeed_DLVR.cpp[0m
[1066/2351] Compiling [32mlibraries/SITL/SIM_BalanceBot.cpp[0m
[1067/2351] Compiling [32mlibraries/SITL/SIM_AirSim.cpp[0m
[1068/2351] Compiling [32mlibraries/SITL/SIM_AVT_CM62.cpp[0m
[1069/2351] Compiling [32mlibraries/SITL/SIM_BattMonitor_SMBus_Generic.cpp[0m
[1070/2351] Compiling [32mlibraries/SITL/SIM_AIS.cpp[0m
[1071/2351] Compiling [32mlibraries/SITL/SIM_ADSB_Sagetech_MXS.cpp[0m
[1072/2351] Compiling [32mlibraries/SITL/SIM_AS5600.cpp[0m
[1073/2351] Compiling [32mlibraries/SITL/SIM_ADSB.cpp[0m
[1074/2351] Compiling [32mlibraries/SITL/SIM_Calibration.cpp[0m
[1075/2351] Compiling [32mlibraries/SITL/SIM_PS_LightWare_SF45B.cpp[0m
[1076/2351] Compiling [32mlibraries/SITL/SIM_GPS_SBF.cpp[0m
[1077/2351] Compiling [32mlibraries/SITL/SIM_GPS_SBP.cpp[0m
[1078/2351] Compiling [32mlibraries/SITL/SIM_RF_MAVLink.cpp[0m
[1079/2351] Compiling [32mlibraries/SITL/SIM_RF_NMEA.cpp[0m
[1080/2351] Compiling [32mlibraries/SITL/SIM_GPS_SBP2.cpp[0m
[1081/2351] Compiling [32mlibraries/SITL/SIM_RF_MaxsonarSerialLV.cpp[0m
[1082/2351] Compiling [32mlibraries/SITL/SIM_RF_LightWareSerial.cpp[0m
[1083/2351] Compiling [32mlibraries/SITL/SIM_RF_LightWare_GRF.cpp[0m
[1084/2351] Compiling [32mlibraries/SITL/SIM_RF_LightWareSerialBinary.cpp[0m
[1085/2351] Compiling [32mlibraries/SITL/SIM_RF_Benewake.cpp[0m
[1086/2351] Compiling [32mlibraries/SITL/SIM_Motor.cpp[0m
[1087/2351] Compiling [32mlibraries/SITL/SIM_Morse.cpp[0m
[1088/2351] Compiling [32mlibraries/SITL/SIM_IS31FL3195.cpp[0m
[1089/2351] Compiling [32mlibraries/SITL/SIM_RF_DTS6012M.cpp[0m
[1090/2351] Compiling [32mlibraries/SITL/SIM_RF_Lanbao.cpp[0m
[1091/2351] Compiling [32mlibraries/SITL/SIM_RF_GYUS42v2.cpp[0m
[1092/2351] Compiling [32mlibraries/SITL/SIM_RF_LeddarOne.cpp[0m
[1093/2351] Compiling [32mlibraries/SITL/SIM_RF_Benewake_TFMiniPlus.cpp[0m
[1094/2351] Compiling [32mlibraries/SITL/SIM_RF_Ainstein_LR_D1_v19.cpp[0m
[1095/2351] Compiling [32mlibraries/SITL/SIM_Siyi_ZT30.cpp[0m
[1096/2351] Compiling [32mlibraries/SITL/SIM_RF_JRE.cpp[0m
[1097/2351] Compiling [32mlibraries/SITL/SIM_Plane.cpp[0m
[1098/2351] Compiling [32mlibraries/SITL/SIM_RAMTRON_FM25V02.cpp[0m
[1099/2351] Compiling [32mlibraries/SITL/SIM_PS_RPLidar.cpp[0m
[1100/2351] Compiling [32mlibraries/SITL/SIM_RF_LightWare_GRF_I2C.cpp[0m
[1101/2351] Compiling [32mlibraries/SITL/SIM_MicroStrain7.cpp[0m
[1102/2351] Compiling [32mlibraries/SITL/SIM_I2CDevice.cpp[0m
[1103/2351] Compiling [32mlibraries/SITL/SIM_Helicopter.cpp[0m
[1104/2351] Compiling [32mlibraries/SITL/SIM_RF_LightWareI2C_Legacy16Bit.cpp[0m
[1105/2351] Compiling [32mlibraries/SITL/SIM_RF_BLping.cpp[0m
[1106/2351] Compiling [32mlibraries/SITL/SIM_LM2755.cpp[0m
[1107/2351] Compiling [32mlibraries/SITL/SIM_INA3221.cpp[0m
[1108/2351] Compiling [32mlibraries/SITL/SIM_JEDEC_MX25L3206E.cpp[0m
[1109/2351] Compiling [32mlibraries/SITL/SIM_MS5611.cpp[0m
[1110/2351] Compiling [32mlibraries/SITL/SIM_MAVLinkCamV2.cpp[0m
[1111/2351] Compiling [32mlibraries/SITL/SIM_LP5562.cpp[0m
[1112/2351] Compiling [32mlibraries/SITL/SIM_MAVLinkGimbalv2.cpp[0m
[1113/2351] Compiling [32mlibraries/SITL/SIM_Loweheiser.cpp[0m
[1114/2351] Compiling [32mlibraries/SITL/SIM_MicroStrain.cpp[0m
[1115/2351] Compiling [32mlibraries/SITL/SIM_MS5525.cpp[0m
[1116/2351] Compiling [32mlibraries/SITL/SIM_JSON_Master.cpp[0m
[1117/2351] Compiling [32mlibraries/SITL/SIM_Gripper_Servo.cpp[0m
[1118/2351] Compiling [32mlibraries/SITL/SIM_Gimbal.cpp[0m
[1119/2351] Compiling [32mlibraries/SITL/SIM_GPS_SBP_Common.cpp[0m
[1120/2351] Compiling [32mlibraries/SITL/SIM_JSBSim.cpp[0m
[1121/2351] Compiling [32mlibraries/SITL/SIM_LED_n.cpp[0m
[1122/2351] Compiling [32mlibraries/SITL/SIM_Gripper_EPM.cpp[0m
[1123/2351] Compiling [32mlibraries/SITL/SIM_I2C.cpp[0m
[1124/2351] Compiling [32mlibraries/SITL/SIM_JSON.cpp[0m
[1125/2351] Compiling [32mlibraries/SITL/SIM_GPS_UBLOX.cpp[0m
[1126/2351] Compiling [32mlibraries/SITL/SIM_Glider.cpp[0m
[1127/2351] Compiling [32mlibraries/SITL/SIM_GeneratorEngine.cpp[0m
[1128/2351] Compiling [32mlibraries/SITL/SIM_Multicopter.cpp[0m
[1129/2351] Compiling [32mlibraries/SITL/SIM_Gazebo.cpp[0m
[1130/2351] Compiling [32mlibraries/SITL/SIM_GPS_Trimble.cpp[0m
[1131/2351] Compiling [32mlibraries/SITL/SIM_VectorNav.cpp[0m
[1132/2351] Compiling [32mlibraries/SITL/SIM_Siyi.cpp[0m
[1133/2351] Compiling [32mlibraries/SITL/SIM_RF_TOFSenseF_I2C.cpp[0m
[1134/2351] Compiling [32mlibraries/SITL/SIM_IntelligentEnergy.cpp[0m
[1135/2351] Compiling [32mlibraries/SITL/SIM_GPS.cpp[0m
[1136/2351] Compiling [32mlibraries/SITL/SIM_GPIO_LED_3.cpp[0m
[1137/2351] Compiling [32mlibraries/SITL/SIM_Topotek.cpp[0m
[1138/2351] Compiling [32mlibraries/SITL/SIM_Vicon.cpp[0m
[1139/2351] Compiling [32mlibraries/SITL/SIM_SoloGimbal.cpp[0m
[1140/2351] Compiling [32mlibraries/SITL/SIM_Tracker.cpp[0m
[1141/2351] Compiling [32mlibraries/SITL/SIM_Webots_Python.cpp[0m
[1142/2351] Compiling [32mlibraries/SITL/SIM_RF_USD1_v1.cpp[0m
[1143/2351] Compiling [32mlibraries/SITL/SIM_PS_LD06.cpp[0m
[1144/2351] Compiling [32mlibraries/SITL/SIM_last_letter.cpp[0m
[1145/2351] Compiling [32mlibraries/SITL/SITL_Airspeed.cpp[0m
[1146/2351] Compiling [32mlibraries/SITL/SIM_Webots.cpp[0m
[1147/2351] Compiling [32mlibraries/SITL/ServoModel.cpp[0m
[1148/2351] Compiling [32mlibraries/SITL/SIM_ToshibaLED.cpp[0m
[1149/2351] Compiling [32mlibraries/SITL/SIM_SlungPayload.cpp[0m
[1150/2351] Compiling [32mlibraries/SITL/SIM_PS_TeraRangerTower.cpp[0m
[1151/2351] Compiling [32mlibraries/SITL/SIM_JEDEC.cpp[0m
[1152/2351] Compiling [32mlibraries/SITL/SIM_Sprayer.cpp[0m
[1153/2351] Compiling [32mlibraries/SITL/SIM_ToneAlarm.cpp[0m
[1154/2351] Compiling [32mlibraries/SITL/SIM_Tether.cpp[0m
[1155/2351] Compiling [32mlibraries/SITL/SIM_Viewpro.cpp[0m
[1156/2351] Compiling [32mlibraries/SITL/SIM_Volz.cpp[0m
[1157/2351] Compiling [32mlibraries/SITL/SIM_Temperature_MCP9600.cpp[0m
[1158/2351] Compiling [32mlibraries/SITL/SIM_StratoBlimp.cpp[0m
[1159/2351] Compiling [32mlibraries/SITL/SIM_TeraRangerI2C.cpp[0m
[1160/2351] Compiling [32mlibraries/SITL/SIM_Temperature_SHT3x.cpp[0m
[1161/2351] Compiling [32mlibraries/SITL/SIM_Temperature_TSYS01.cpp[0m
[1162/2351] Compiling [32mlibraries/SITL/SIM_TFS20L.cpp[0m
[1163/2351] Compiling [32mlibraries/SITL/SIM_SilentWings.cpp[0m
[1164/2351] Compiling [32mlibraries/SITL/SIM_Sailboat.cpp[0m
[1165/2351] Compiling [32mlibraries/SITL/SIM_Parachute.cpp[0m
[1166/2351] Compiling [32mlibraries/SITL/SIM_IntelligentEnergy24.cpp[0m
[1167/2351] Compiling [32mlibraries/SITL/SIM_GPIO_LED_RGB.cpp[0m
[1168/2351] Compiling [32mlibraries/SITL/SIM_SerialRangeFinder.cpp[0m
[1169/2351] Compiling [32mlibraries/SITL/SIM_SingleCopter.cpp[0m
[1170/2351] Compiling [32mlibraries/SITL/SIM_RF_Wasp.cpp[0m
[1171/2351] Compiling [32mlibraries/SITL/SITL_Baro.cpp[0m
[1172/2351] Compiling [32mlibraries/SITL/SIM_Temperature_TSYS03.cpp[0m
[1173/2351] Compiling [32mlibraries/SITL/SIM_SPI.cpp[0m
[1174/2351] Compiling [32mlibraries/SITL/SIM_RF_Ainstein_LR_D1.cpp[0m
[1175/2351] Compiling [32mlibraries/SITL/SIM_Ship.cpp[0m
[1176/2351] Compiling [32mlibraries/SITL/SIM_Submarine.cpp[0m
[1177/2351] Compiling [32mlibraries/SITL/SIM_SensAItion.cpp[0m
[1178/2351] Compiling [32mlibraries/SITL/SIM_Scrimmage.cpp[0m
[1179/2351] Compiling [32mlibraries/SITL/SIM_RF_USD1_v0.cpp[0m
[1180/2351] Compiling [32mlibraries/SITL/SIM_RF_RDS02UF.cpp[0m
[1181/2351] Compiling [32mlibraries/SITL/SIM_RAMTRON.cpp[0m
[1182/2351] Compiling [32mlibraries/SITL/SIM_MS5XXX.cpp[0m
[1183/2351] Compiling [32mlibraries/SITL/SIM_RichenPower.cpp[0m
[1184/2351] Compiling [32mlibraries/SITL/SIM_SerialDevice.cpp[0m
[1185/2351] Compiling [32mlibraries/SITL/SIM_SerialProximitySensor.cpp[0m
[1186/2351] Compiling [32mlibraries/SITL/SIM_SMBusDevice.cpp[0m
[1187/2351] Compiling [32mlibraries/SITL/SIM_RGBLED.cpp[0m
[1188/2351] Compiling [32mlibraries/SITL/SIM_Precland.cpp[0m
[1189/2351] Compiling [32mlibraries/SITL/SIM_QuadPlane.cpp[0m
[1190/2351] Compiling [32mlibraries/SITL/SIM_RF_TeraRanger_Serial.cpp[0m
[1191/2351] Compiling [32mlibraries/SITL/SIM_RF_USD1.cpp[0m
[1192/2351] Compiling [32mlibraries/SITL/SIM_QMC5883L.cpp[0m
[1193/2351] Compiling [32mlibraries/SITL/SIM_Rover.cpp[0m
[1194/2351] Compiling [32mlibraries/AP_Scripting/AP_Scripting_SerialAccess.cpp[0m
[1195/2351] Compiling [32mlibraries/AP_Scripting/AP_Scripting_CANSensor.cpp[0m
[1196/2351] Compiling [32mlibraries/AP_Scripting/AP_Scripting_SerialDevice.cpp[0m
[1197/2351] Compiling [32mlibraries/AP_Scripting/AP_Scripting.cpp[0m
[1198/2351] Compiling [32mlibraries/AP_Scripting/lua/src/lstring.c[0m
[1199/2351] Compiling [32mlibraries/AP_Scripting/lua/src/lstate.c[0m
[1200/2351] Compiling [32mlibraries/AP_Scripting/lua/src/lutf8lib.c[0m
[1201/2351] Compiling [32mlibraries/AP_Scripting/lua/src/lzio.c[0m
[1202/2351] Compiling [32mlibraries/AP_Scripting/lua/src/lundump.c[0m
[1203/2351] Compiling [32mlibraries/AP_Scripting/lua/src/ltm.c[0m
[1204/2351] Compiling [32mlibraries/AP_Scripting/lua/src/lstrlib.c[0m
[1205/2351] Compiling [32mlibraries/AP_Scripting/lua/src/lua.c[0m
[1206/2351] Compiling [32mlibraries/AP_Scripting/lua/src/ltablib.c[0m
[1207/2351] Compiling [32mlibraries/AP_Scripting/lua/src/lvm.c[0m
[1208/2351] Compiling [32mlibraries/AP_Scripting/lua/src/luac.c[0m
[1209/2351] Compiling [32mlibraries/AP_Scripting/lua/src/lparser.c[0m
[1210/2351] Compiling [32mlibraries/AP_Scripting/lua/src/lmem.c[0m
[1211/2351] Compiling [32mlibraries/AP_Scripting/lua/src/linit.c[0m
[1212/2351] Compiling [32mlibraries/AP_Scripting/lua/src/lbitlib.c[0m
[1213/2351] Compiling [32mlibraries/AP_Scripting/lua/src/loslib.c[0m
[1214/2351] Compiling [32mlibraries/AP_Scripting/lua/src/lobject.c[0m
[1215/2351] Compiling [32mlibraries/AP_Scripting/lua/src/llex.c[0m
[1216/2351] Compiling [32mlibraries/AP_Scripting/lua/src/lopcodes.c[0m
[1217/2351] Compiling [32mlibraries/AP_Scripting/lua/src/lfunc.c[0m
[1218/2351] Compiling [32mlibraries/AP_Scripting/lua/src/ldo.c[0m
[1219/2351] Compiling [32mlibraries/AP_Scripting/lua/src/lcode.c[0m
[1220/2351] Compiling [32mlibraries/AP_Scripting/lua/src/lgc.c[0m
[1221/2351] Compiling [32mlibraries/AP_Scripting/lua/src/ldebug.c[0m
[1222/2351] Compiling [32mlibraries/AP_Scripting/lua/src/lcorolib.c[0m
[1223/2351] Compiling [32mlibraries/AP_Scripting/lua/src/ldblib.c[0m
[1224/2351] Compiling [32mlibraries/AP_Scripting/lua/src/lauxlib.c[0m
[1225/2351] Compiling [32mlibraries/AP_Scripting/lua/src/lapi.c[0m
[1226/2351] Compiling [32mlibraries/AP_Scripting/lua/src/loadlib.c[0m
[1227/2351] Compiling [32mlibraries/AP_Scripting/lua/src/ltable.c[0m
[1228/2351] Compiling [32mlibraries/AP_Scripting/lua/src/liolib.c[0m
[1229/2351] Compiling [32mlibraries/AP_Scripting/lua/src/lctype.c[0m
[1230/2351] Compiling [32mlibraries/AP_Scripting/lua/src/ldump.c[0m
[1231/2351] Compiling [32mlibraries/AP_Scripting/lua/src/lbaselib.c[0m
[1232/2351] Compiling [32mlibraries/AP_Scripting/lua/src/lmathlib.c[0m
[1233/2351] Compiling [32mlibraries/AP_ADSB/sagetech-sdk/sgDecodeInstall.c[0m
[1234/2351] Compiling [32mlibraries/AP_ADSB/sagetech-sdk/sgEncodeInstall.c[0m
[1235/2351] Compiling [32mlibraries/AP_ADSB/sagetech-sdk/sgEncodeFlightId.c[0m
[1236/2351] Compiling [32mlibraries/AP_ADSB/sagetech-sdk/sgDecodeSVR.c[0m
[1237/2351] Compiling [32mlibraries/AP_ADSB/sagetech-sdk/toVel.c[0m
[1238/2351] Compiling [32mlibraries/AP_ADSB/sagetech-sdk/toAlt.c[0m
[1239/2351] Compiling [32mlibraries/AP_ADSB/sagetech-sdk/calcChecksum.c[0m
[1240/2351] Compiling [32mlibraries/AP_ADSB/sagetech-sdk/uint322Buf.c[0m
[1241/2351] Compiling [32mlibraries/AP_ADSB/sagetech-sdk/uint162Buf.c[0m
[1242/2351] Compiling [32mlibraries/AP_ADSB/sagetech-sdk/toUint32.c[0m
[1243/2351] Compiling [32mlibraries/AP_ADSB/sagetech-sdk/toHeading2.c[0m
[1244/2351] Compiling [32mlibraries/AP_ADSB/sagetech-sdk/sgEncodeDataReq.c[0m
[1245/2351] Compiling [32mlibraries/AP_ADSB/sagetech-sdk/toUint16.c[0m
[1246/2351] Compiling [32mlibraries/AP_ADSB/sagetech-sdk/toInt32.c[0m
[1247/2351] Compiling [32mlibraries/AP_ADSB/sagetech-sdk/toIcao.c[0m
[1248/2351] Compiling [32mlibraries/AP_ADSB/sagetech-sdk/toInt16.c[0m
[1249/2351] Compiling [32mlibraries/AP_ADSB/sagetech-sdk/toLatLon.c[0m
[1250/2351] Compiling [32mlibraries/AP_ADSB/sagetech-sdk/target.c[0m
[1251/2351] Compiling [32mlibraries/AP_ADSB/sagetech-sdk/sgEncodeGPS.c[0m
[1252/2351] Compiling [32mlibraries/AP_ADSB/sagetech-sdk/toTOA.c[0m
[1253/2351] Compiling [32mlibraries/AP_ADSB/sagetech-sdk/sgEncodeTargetReq.c[0m
[1254/2351] Compiling [32mlibraries/AP_ADSB/sagetech-sdk/sgEncodeOperating.c[0m
[1255/2351] Compiling [32mlibraries/AP_ADSB/sagetech-sdk/toGS.c[0m
[1256/2351] Compiling [32mlibraries/AP_ADSB/sagetech-sdk/sgDecodeAck.c[0m
[1257/2351] Compiling [32mlibraries/AP_ADSB/sagetech-sdk/float2Buf.c[0m
[1258/2351] Compiling [32mlibraries/AP_ADSB/sagetech-sdk/sgDecodeFlightId.c[0m
[1259/2351] Compiling [32mlibraries/AP_ADSB/sagetech-sdk/icao2Buf.c[0m
[1260/2351] Compiling [32mlibraries/AP_ADSB/sagetech-sdk/appendChecksum.c[0m
[1261/2351] Compiling [32mlibraries/AP_ADSB/sagetech-sdk/charArray2Buf.c[0m
[1262/2351] Compiling [32mlibraries/AP_ADSB/sagetech-sdk/sgDecodeMSR.c[0m
[1263/2351] Compiling [32mlibraries/AP_ADSB/sagetech-sdk/toHeading.c[0m
[1264/2351] Compiling [32mlibraries/AC_AttitudeControl/AC_PosControl_Logging.cpp[0m
[1265/2351] Compiling [32mlibraries/AC_AttitudeControl/AC_AttitudeControl_Logging.cpp[0m
[1266/2351] Compiling [32mlibraries/AC_AttitudeControl/AC_AttitudeControl_TS.cpp[0m
[1267/2351] Compiling [32mlibraries/AC_AttitudeControl/AC_AttitudeControl_Heli.cpp[0m
[1268/2351] Compiling [32mlibraries/AC_AttitudeControl/AC_CommandModel.cpp[0m
[1269/2351] Compiling [32mlibraries/AC_AttitudeControl/AC_AttitudeControl_Multi_6DoF.cpp[0m
[1270/2351] Compiling [32mlibraries/AC_AttitudeControl/AC_AttitudeControl_Multi.cpp[0m
[1271/2351] Compiling [32mlibraries/AC_AttitudeControl/AC_AttitudeControl_Sub.cpp[0m
[1272/2351] Compiling [32mlibraries/AP_AdvancedFailsafe/AP_AdvancedFailsafe.cpp[0m
[1273/2351] Compiling [32mlibraries/AP_Devo_Telem/AP_Devo_Telem.cpp[0m
[1274/2351] Compiling [32mlibraries/AP_LTM_Telem/AP_LTM_Telem.cpp[0m
[1275/2351] Compiling [32mlibraries/AC_PrecLand/PosVelEKF.cpp[0m
[1276/2351] Compiling [32mlibraries/AC_PrecLand/AC_PrecLand_SITL.cpp[0m
[1277/2351] Compiling [32mlibraries/AC_PrecLand/AC_PrecLand_StateMachine.cpp[0m
[1278/2351] Compiling [32mlibraries/AC_PrecLand/AC_PrecLand_SITL_Gazebo.cpp[0m
[1279/2351] Compiling [32mlibraries/AC_PrecLand/AC_PrecLand_MAVLink.cpp[0m
[1280/2351] Compiling [32mlibraries/AC_PrecLand/AC_PrecLand_IRLock.cpp[0m
[1281/2351] Compiling [32mlibraries/AC_WPNav/AC_WPNav_OA.cpp[0m
[1282/2351] Compiling [32mlibraries/AP_IRLock/AP_IRLock_SITL.cpp[0m
[1283/2351] Compiling [32mlibraries/AP_IRLock/AP_IRLock_SITL_Gazebo.cpp[0m
[1284/2351] Compiling [32mlibraries/AP_IRLock/AP_IRLock_I2C.cpp[0m
[1285/2351] Compiling [32mlibraries/AP_IRLock/AP_IRLock.cpp[0m
[1286/2351] Compiling [32mlibraries/AP_Motors/AP_MotorsSingle.cpp[0m
[1287/2351] Compiling [32mlibraries/AP_Motors/AP_MotorsTailsitter.cpp[0m
[1288/2351] Compiling [32mlibraries/AP_Motors/AP_Motors_Class.cpp[0m
[1289/2351] Compiling [32mlibraries/AP_Motors/AP_MotorsHeli_Swash.cpp[0m
[1290/2351] Compiling [32mlibraries/AP_Motors/AP_MotorsHeli_RSC.cpp[0m
[1291/2351] Compiling [32mlibraries/AP_Motors/AP_MotorsMatrix_6DoF_Scripting.cpp[0m
[1292/2351] Compiling [32mlibraries/AP_Motors/AP_MotorsMatrix_Scripting_Dynamic.cpp[0m
[1293/2351] Compiling [32mlibraries/AP_Motors/AP_MotorsHeli_Dual.cpp[0m
[1294/2351] Compiling [32mlibraries/AP_Motors/AP_MotorsHeli_Quad.cpp[0m
[1295/2351] Compiling [32mlibraries/AP_Motors/AP_MotorsHeli.cpp[0m
[1296/2351] Compiling [32mlibraries/AP_Motors/AP_MotorsCoax.cpp[0m
[1297/2351] Compiling [32mlibraries/AP_Motors/AP_MotorsHeli_Single.cpp[0m
[1298/2351] Compiling [32mlibraries/AP_Motors/AP_Motors6DOF.cpp[0m
[1299/2351] Compiling [32mlibraries/AC_AutoTune/AC_AutoTune_Heli.cpp[0m
[1300/2351] Compiling [32mlibraries/AC_AutoTune/AC_AutoTune_FreqResp.cpp[0m
[1301/2351] Compiling [32mlibraries/AC_InputManager/AC_InputManager_Heli.cpp[0m
[1302/2351] Compiling [32mlibraries/AC_InputManager/AC_InputManager.cpp[0m
[1303/2351] Compiling [32mlibraries/AP_SmartRTL/AP_SmartRTL.cpp[0m
[1304/2351] Compiling [32mlibraries/APM_Control/AP_SteerController.cpp[0m
[1305/2351] Compiling [32mlibraries/APM_Control/AP_AutoTune.cpp[0m
[1306/2351] Compiling [32mlibraries/APM_Control/AR_PosControl.cpp[0m
[1307/2351] Compiling [32mlibraries/APM_Control/AP_YawController.cpp[0m
[1308/2351] Compiling [32mlibraries/APM_Control/AP_RollController.cpp[0m
[1309/2351] Compiling [32mlibraries/APM_Control/AR_AttitudeControl.cpp[0m
[1310/2351] Compiling [32mlibraries/APM_Control/AP_FW_Controller.cpp[0m
[1311/2351] Compiling [32mlibraries/APM_Control/AP_PitchController.cpp[0m
[1312/2351] Compiling [32mlibraries/AC_Autorotation/RSC_Autorotation.cpp[0m
[1313/2351] Compiling [32mlibraries/AC_Autorotation/AC_Autorotation.cpp[0m
[1314/2351] Compiling [32mlibraries/AP_SurfaceDistance/AP_SurfaceDistance.cpp[0m
[1315/2351] Compiling [32mlibraries/AP_Winch/AP_Winch_PWM.cpp[0m
[1316/2351] Compiling [32mlibraries/AP_Winch/AP_Winch.cpp[0m
[1317/2351] Compiling [32mlibraries/AP_Winch/AP_Winch_Backend.cpp[0m
[1318/2351] Compiling [32mlibraries/AP_Winch/AP_Winch_Daiwa.cpp[0m
[1319/2351] Compiling [32mlibraries/AP_AHRS/AP_AHRS_DCM.cpp[0m
[1320/2351] Compiling [32mlibraries/AP_AHRS/AP_AHRS.cpp[0m
[1321/2351] Compiling [32mlibraries/AP_AHRS/AP_AHRS_Backend.cpp[0m
[1322/2351] Compiling [32mlibraries/AP_Airspeed/AP_Airspeed_Params.cpp[0m
[1323/2351] Compiling [32mlibraries/AP_Airspeed/AP_Airspeed.cpp[0m
[1324/2351] Compiling [32mlibraries/AP_Airspeed/AP_Airspeed_NMEA.cpp[0m
[1325/2351] Compiling [32mlibraries/AP_Baro/AP_Baro_SITL.cpp[0m
[1326/2351] Compiling [32mlibraries/AP_Baro/AP_Baro_Backend.cpp[0m
[1327/2351] Compiling [32mlibraries/AP_Baro/AP_Baro.cpp[0m
[1328/2351] Compiling [32mlibraries/AP_BattMonitor/AP_BattMonitor.cpp[0m
[1329/2351] Compiling [32mlibraries/AP_BattMonitor/AP_BattMonitor_Params.cpp[0m
[1330/2351] Compiling [32mlibraries/AP_BoardConfig/AP_BoardConfig.cpp[0m
[1331/2351] Compiling [32mlibraries/AP_HAL/SIMState.cpp[0m
[1332/2351] Compiling [32mlibraries/AP_InertialSensor/AP_InertialSensor_Backend.cpp[0m
[1333/2351] Compiling [32mlibraries/AP_InertialSensor/AP_InertialSensor_Invensensev3.cpp[0m
[1334/2351] Compiling [32mlibraries/AP_InertialSensor/FastRateBuffer.cpp[0m
[1335/2351] Compiling [32mlibraries/AP_InertialSensor/AP_InertialSensor.cpp[0m
[1336/2351] Compiling [32mlibraries/AP_Math/SCurve.cpp[0m
[1337/2351] Compiling [32mlibraries/AP_Mission/AP_Mission.cpp[0m
[1338/2351] Compiling [32mlibraries/AP_DAL/AP_DAL_Beacon.cpp[0m
[1339/2351] Compiling [32mlibraries/AP_DAL/AP_DAL.cpp[0m
[1340/2351] Compiling [32mlibraries/AP_DAL/AP_DAL_VisualOdom.cpp[0m
[1341/2351] Compiling [32mlibraries/AP_DAL/AP_DAL_RangeFinder.cpp[0m
[1342/2351] Compiling [32mlibraries/AP_NavEKF2/AP_NavEKF2_OptFlowFusion.cpp[0m
[1343/2351] Compiling [32mlibraries/AP_NavEKF2/AP_NavEKF2.cpp[0m
[1344/2351] Compiling [32mlibraries/AP_NavEKF3/AP_NavEKF3_AirDataFusion.cpp[0m
[1345/2351] Compiling [32mlibraries/AP_NavEKF3/AP_NavEKF3_RngBcnFusion.cpp[0m
[1346/2351] Compiling [32mlibraries/AP_NavEKF3/AP_NavEKF3_GyroBias.cpp[0m
[1347/2351] Compiling [32mlibraries/AP_NavEKF3/AP_NavEKF3_PosVelFusion.cpp[0m
[1348/2351] Compiling [32mlibraries/AP_NavEKF3/AP_NavEKF3_Measurements.cpp[0m
[1349/2351] Compiling [32mlibraries/AP_NavEKF3/AP_NavEKF3_Logging.cpp[0m
[1350/2351] Compiling [32mlibraries/AP_NavEKF3/AP_NavEKF3.cpp[0m
[1351/2351] Compiling [32mlibraries/AP_NavEKF3/AP_NavEKF3_Control.cpp[0m
[1352/2351] Compiling [32mlibraries/AP_NavEKF3/AP_NavEKF3_VehicleStatus.cpp[0m
[1353/2351] Compiling [32mlibraries/AP_NavEKF3/AP_NavEKF3_OptFlowFusion.cpp[0m
[1354/2351] Compiling [32mlibraries/AP_NavEKF3/AP_NavEKF3_core.cpp[0m
[1355/2351] Compiling [32mlibraries/AP_NavEKF3/AP_NavEKF3_MagFusion.cpp[0m
[1356/2351] Compiling [32mlibraries/AP_NavEKF3/AP_NavEKF3_Outputs.cpp[0m
[1357/2351] Compiling [32mlibraries/AP_Rally/AP_Rally.cpp[0m
[1358/2351] Compiling [32mlibraries/AP_Scheduler/AP_Scheduler.cpp[0m
[1359/2351] Compiling [32mlibraries/AP_Terrain/AP_Terrain.cpp[0m
[1360/2351] Compiling [32mlibraries/AP_Vehicle/AP_Vehicle.cpp[0m
[1361/2351] Compiling [32mlibraries/AP_Logger/LoggerMessageWriter.cpp[0m
[1362/2351] Compiling [32mlibraries/AP_Logger/AP_Logger.cpp[0m
[1363/2351] Compiling [32mlibraries/AP_Logger/AP_Logger_File.cpp[0m
[1364/2351] Compiling [32mlibraries/AP_Logger/AP_Logger_Backend.cpp[0m
[1365/2351] Compiling [32mlibraries/Filter/HarmonicNotchFilter.cpp[0m
[1366/2351] Compiling [32mlibraries/GCS_MAVLink/GCS_MAVLink_Parameters.cpp[0m
[1367/2351] Compiling [32mlibraries/GCS_MAVLink/GCS.cpp[0m
[1368/2351] Compiling [32mlibraries/GCS_MAVLink/GCS_Dummy.cpp[0m
[1369/2351] Compiling [32mlibraries/GCS_MAVLink/GCS_Fence.cpp[0m
[1370/2351] Compiling [32mlibraries/GCS_MAVLink/GCS_Common.cpp[0m
[1371/2351] Compiling [32mlibraries/RC_Channel/RC_Channel.cpp[0m
[1372/2351] Compiling [32mlibraries/StorageManager/StorageManager.cpp[0m
[1373/2351] Compiling [32mlibraries/AP_Frsky_Telem/AP_Frsky_SPort_Passthrough.cpp[0m
[1374/2351] Compiling [32mlibraries/AP_IBus_Telem/AP_IBus_Telem.cpp[0m
[1375/2351] Compiling [32mlibraries/AP_Relay/AP_Relay.cpp[0m
[1376/2351] Compiling [32mlibraries/AP_RCProtocol/AP_RCProtocol_CRSF.cpp[0m
[1377/2351] Compiling [32mlibraries/AP_RCProtocol/AP_RCProtocol.cpp[0m
[1378/2351] Compiling [32mlibraries/AP_RCProtocol/AP_RCProtocol_FPort.cpp[0m
[1379/2351] Compiling [32mlibraries/AP_RCProtocol/AP_RCProtocol_UDP.cpp[0m
[1380/2351] Compiling [32mlibraries/AP_RCProtocol/AP_RCProtocol_FPort2.cpp[0m
[1381/2351] Compiling [32mlibraries/AP_RCProtocol/AP_RCProtocol_SRXL2.cpp[0m
[1382/2351] Compiling [32mlibraries/AP_RCProtocol/AP_RCProtocol_GHST.cpp[0m
[1383/2351] Compiling [32mlibraries/AP_BLHeli/AP_BLHeli.cpp[0m
[1384/2351] Compiling [32mlibraries/AP_Proximity/AP_Proximity_Utils.cpp[0m
[1385/2351] Compiling [32mlibraries/AC_Fence/AC_Fence.cpp[0m
[1386/2351] Compiling [32mlibraries/AC_Fence/AC_PolyFence_loader.cpp[0m
[1387/2351] Compiling [32mlibraries/AC_Avoidance/AP_OABendyRuler.cpp[0m
[1388/2351] Compiling [32mlibraries/AC_Avoidance/AP_OADatabase.cpp[0m
[1389/2351] Compiling [32mlibraries/AC_Avoidance/AC_Avoid.cpp[0m
[1390/2351] Compiling [32mlibraries/AP_LandingGear/AP_LandingGear.cpp[0m
[1391/2351] Compiling [32mlibraries/AP_OSD/AP_OSD_ParamSetting.cpp[0m
[1392/2351] Compiling [32mlibraries/AP_OSD/AP_OSD_Screen.cpp[0m
[1393/2351] Compiling [32mlibraries/AP_OSD/AP_OSD_ParamScreen.cpp[0m
[1394/2351] Compiling [32mlibraries/AP_Filesystem/AP_Filesystem_posix.cpp[0m
[1395/2351] Compiling [32mlibraries/AP_ADSB/AP_ADSB_Sagetech_MXS.cpp[0m
[1396/2351] Compiling [32mlibraries/AP_ADSB/AP_ADSB.cpp[0m
[1397/2351] Compiling [32mlibraries/AP_ESC_Telem/AP_ESC_Telem_Backend.cpp[0m
[1398/2351] Compiling [32mlibraries/AP_GyroFFT/AP_GyroFFT.cpp[0m
[1399/2351] Compiling [32mlibraries/AP_RCTelemetry/AP_RCTelemetry.cpp[0m
[1400/2351] Compiling [32mlibraries/AP_RCTelemetry/AP_CRSF_Telem.cpp[0m
[1401/2351] Compiling [32mlibraries/AP_ExternalAHRS/AP_ExternalAHRS_InertialLabs.cpp[0m
[1402/2351] Compiling [32mlibraries/AP_ExternalAHRS/AP_ExternalAHRS_SBG.cpp[0m
[1403/2351] Compiling [32mlibraries/AP_TemperatureSensor/AP_TemperatureSensor.cpp[0m
[1404/2351] Compiling [32mlibraries/AP_AIS/AP_AIS.cpp[0m
[1405/2351] Compiling [32mlibraries/AP_Arming/AP_Arming.cpp[0m
[1406/2351] Compiling [32mlibraries/AP_Follow/AP_Follow.cpp[0m
[1407/2351] Compiling [32mlibraries/AC_AttitudeControl/AC_PosControl.cpp[0m
[1408/2351] Compiling [32mlibraries/AC_AttitudeControl/AC_WeatherVane.cpp[0m
[1409/2351] Compiling [32mlibraries/AC_AttitudeControl/AC_AttitudeControl.cpp[0m
[1410/2351] Compiling [32mlibraries/AC_PrecLand/AC_PrecLand.cpp[0m
[1411/2351] Compiling [32mlibraries/AC_WPNav/AC_Loiter.cpp[0m
[1412/2351] Compiling [32mlibraries/AC_WPNav/AC_WPNav.cpp[0m
[1413/2351] Compiling [32mlibraries/AC_WPNav/AC_Circle.cpp[0m
[1414/2351] Compiling [32mlibraries/AP_Motors/AP_MotorsMatrix.cpp[0m
[1415/2351] Compiling [32mlibraries/AP_Motors/AP_MotorsTri.cpp[0m
[1416/2351] Compiling [32mlibraries/AP_Motors/AP_Motors_Thrust_Linearization.cpp[0m
[1417/2351] Compiling [32mlibraries/AP_Motors/AP_MotorsMulticopter.cpp[0m
[1418/2351] Compiling [32mlibraries/AP_Avoidance/AP_Avoidance.cpp[0m
[1419/2351] Compiling [32mlibraries/AC_AutoTune/AC_AutoTune_Multi.cpp[0m
[1420/2351] Compiling [32mlibraries/AC_AutoTune/AC_AutoTune.cpp[0m
[1421/2351] Compiling [32mlibraries/AP_HAL_SITL/SITL_cmdline.cpp[0m
[1422/2351] Compiling [32mlibraries/AP_HAL_SITL/UARTDriver.cpp[0m
[1423/2351] Compiling [32mlibraries/AP_HAL_SITL/Storage.cpp[0m
[1424/2351] Compiling [32mlibraries/SITL/SIM_XPlane.cpp[0m
[1425/2351] Compiling [32mlibraries/SITL/SIM_DroneCANDevice.cpp[0m
[1426/2351] Compiling [32mlibraries/SITL/SITL.cpp[0m
[1427/2351] Compiling [32mlibraries/SITL/SIM_Aircraft.cpp[0m
[1428/2351] Compiling [32mbuild/sitl/libraries/AP_Scripting/lua_generated_bindings.cpp[0m
[1429/2351] Compiling [32mlibraries/AP_Scripting/AP_Scripting_helpers.cpp[0m
[1430/2351] Compiling [32mlibraries/AP_Scripting/lua_scripts.cpp[0m
[1431/2351] Compiling [32mlibraries/AP_Scripting/lua_bindings.cpp[0m
[1432/2351] Compiling [32mlibraries/AP_Scripting/lua_boxed_numerics.cpp[0m
[1433/2351] Compiling [32mlibraries/AP_Scripting/AP_Scripting_CRSFMenu.cpp[0m
[1434/2351] Compiling [32mlibraries/AP_InertialNav/AP_InertialNav.cpp[0m
[1435/2351] Compiling [32mlibraries/AP_JSButton/AP_JSButton.cpp[0m
[1436/2351] Compiling [32mlibraries/AP_L1_Control/AP_L1_Control.cpp[0m
[1437/2351] Compiling [32mlibraries/AP_Landing/AP_Landing_Deepstall.cpp[0m
[1438/2351] Compiling [32mlibraries/AP_Landing/AP_Landing.cpp[0m
[1439/2351] Compiling [32mlibraries/AP_LeakDetector/AP_LeakDetector_Digital.cpp[0m
[1440/2351] Compiling [32mlibraries/AP_LeakDetector/AP_LeakDetector.cpp[0m
[1441/2351] Compiling [32mlibraries/AP_LeakDetector/AP_LeakDetector_Analog.cpp[0m
[1442/2351] Compiling [32mlibraries/AP_LeakDetector/AP_LeakDetector_Backend.cpp[0m
[1443/2351] Compiling [32mlibraries/AP_Quicktune/AP_Quicktune.cpp[0m
[1444/2351] Compiling [32mlibraries/AP_Soaring/AP_Soaring.cpp[0m
[1445/2351] Compiling [32mlibraries/AP_Soaring/Variometer.cpp[0m
[1446/2351] Compiling [32mlibraries/AP_Soaring/ExtendedKalmanFilter.cpp[0m
[1447/2351] Compiling [32mlibraries/AP_Soaring/SpeedToFly.cpp[0m
[1448/2351] Compiling [32mlibraries/AP_TECS/AP_TECS.cpp[0m
[1449/2351] Compiling [32mlibraries/AP_WindVane/AP_WindVane.cpp[0m
[1450/2351] Compiling [32mlibraries/AP_WindVane/AP_WindVane_RPM.cpp[0m
[1451/2351] Compiling [32mlibraries/AP_WindVane/AP_WindVane_Home.cpp[0m
[1452/2351] Compiling [32mlibraries/AP_WindVane/AP_WindVane_Airspeed.cpp[0m
[1453/2351] Compiling [32mlibraries/AP_WindVane/AP_WindVane_SITL.cpp[0m
[1454/2351] Compiling [32mlibraries/AP_WindVane/AP_WindVane_Analog.cpp[0m
[1455/2351] Compiling [32mlibraries/AP_WindVane/AP_WindVane_Backend.cpp[0m
[1456/2351] Compiling [32mlibraries/AP_WindVane/AP_WindVane_ModernDevice.cpp[0m
[1457/2351] Compiling [32mlibraries/AP_WindVane/AP_WindVane_NMEA.cpp[0m
[1458/2351] Compiling [32mlibraries/AR_Motors/AP_MotorsUGV.cpp[0m
[1459/2351] Compiling [32mlibraries/AR_WPNav/AR_WPNav.cpp[0m
[1460/2351] Compiling [32mlibraries/AR_WPNav/AR_WPNav_OA.cpp[0m
[1461/2351] Compiling [32mlibraries/AR_WPNav/AR_PivotTurn.cpp[0m
[1462/2351] Compiling [32mlibraries/PID/PID.cpp[0m
[1463/2351] Compiling [32mlibraries/AP_AHRS/AP_AHRS_DCM.cpp[0m
[1464/2351] Compiling [32mlibraries/AP_AHRS/AP_AHRS_Backend.cpp[0m
[1465/2351] Compiling [32mlibraries/AP_AHRS/AP_AHRS.cpp[0m
[1466/2351] Compiling [32mlibraries/AP_Airspeed/AP_Airspeed_Params.cpp[0m
[1467/2351] Compiling [32mlibraries/AP_Airspeed/AP_Airspeed.cpp[0m
[1468/2351] Compiling [32mlibraries/AP_Airspeed/AP_Airspeed_NMEA.cpp[0m
[1469/2351] Compiling [32mlibraries/AP_Baro/AP_Baro_SITL.cpp[0m
[1470/2351] Compiling [32mlibraries/AP_Baro/AP_Baro.cpp[0m
[1471/2351] Compiling [32mlibraries/AP_Baro/AP_Baro_Backend.cpp[0m
[1472/2351] Compiling [32mlibraries/AP_BattMonitor/AP_BattMonitor_Params.cpp[0m
[1473/2351] Compiling [32mlibraries/AP_BattMonitor/AP_BattMonitor.cpp[0m
[1474/2351] Compiling [32mlibraries/AP_BoardConfig/AP_BoardConfig.cpp[0m
[1475/2351] Compiling [32mlibraries/AP_HAL/SIMState.cpp[0m
[1476/2351] Compiling [32mlibraries/AP_InertialSensor/AP_InertialSensor_Invensensev3.cpp[0m
[1477/2351] Compiling [32mlibraries/AP_InertialSensor/AP_InertialSensor_Backend.cpp[0m
[1478/2351] Compiling [32mlibraries/AP_InertialSensor/AP_InertialSensor.cpp[0m
[1479/2351] Compiling [32mlibraries/AP_InertialSensor/FastRateBuffer.cpp[0m
[1480/2351] Compiling [32mlibraries/AP_Math/SCurve.cpp[0m
[1481/2351] Compiling [32mlibraries/AP_Mission/AP_Mission.cpp[0m
[1482/2351] Compiling [32mlibraries/AP_DAL/AP_DAL.cpp[0m
[1483/2351] Compiling [32mlibraries/AP_DAL/AP_DAL_VisualOdom.cpp[0m
[1484/2351] Compiling [32mlibraries/AP_DAL/AP_DAL_RangeFinder.cpp[0m
[1485/2351] Compiling [32mlibraries/AP_DAL/AP_DAL_Beacon.cpp[0m
[1486/2351] Compiling [32mlibraries/AP_NavEKF2/AP_NavEKF2_OptFlowFusion.cpp[0m
[1487/2351] Compiling [32mlibraries/AP_NavEKF2/AP_NavEKF2.cpp[0m
[1488/2351] Compiling [32mlibraries/AP_NavEKF3/AP_NavEKF3_OptFlowFusion.cpp[0m
[1489/2351] Compiling [32mlibraries/AP_NavEKF3/AP_NavEKF3_core.cpp[0m
[1490/2351] Compiling [32mlibraries/AP_NavEKF3/AP_NavEKF3_VehicleStatus.cpp[0m
[1491/2351] Compiling [32mlibraries/AP_NavEKF3/AP_NavEKF3_MagFusion.cpp[0m
[1492/2351] Compiling [32mlibraries/AP_NavEKF3/AP_NavEKF3_AirDataFusion.cpp[0m
[1493/2351] Compiling [32mlibraries/AP_NavEKF3/AP_NavEKF3_Control.cpp[0m
[1494/2351] Compiling [32mlibraries/AP_NavEKF3/AP_NavEKF3_GyroBias.cpp[0m
[1495/2351] Compiling [32mlibraries/AP_NavEKF3/AP_NavEKF3_Measurements.cpp[0m
[1496/2351] Compiling [32mlibraries/AP_NavEKF3/AP_NavEKF3.cpp[0m
[1497/2351] Compiling [32mlibraries/AP_NavEKF3/AP_NavEKF3_RngBcnFusion.cpp[0m
[1498/2351] Compiling [32mlibraries/AP_NavEKF3/AP_NavEKF3_Logging.cpp[0m
[1499/2351] Compiling [32mlibraries/AP_NavEKF3/AP_NavEKF3_PosVelFusion.cpp[0m
[1500/2351] Compiling [32mlibraries/AP_NavEKF3/AP_NavEKF3_Outputs.cpp[0m
[1501/2351] Compiling [32mlibraries/AP_Rally/AP_Rally.cpp[0m
[1502/2351] Compiling [32mlibraries/AP_Scheduler/AP_Scheduler.cpp[0m
[1503/2351] Compiling [32mlibraries/AP_Terrain/AP_Terrain.cpp[0m
[1504/2351] Compiling [32mlibraries/AP_Vehicle/AP_Vehicle.cpp[0m
[1505/2351] Compiling [32mlibraries/AP_Logger/LoggerMessageWriter.cpp[0m
[1506/2351] Compiling [32mlibraries/AP_Logger/AP_Logger_File.cpp[0m
[1507/2351] Compiling [32mlibraries/AP_Logger/AP_Logger.cpp[0m
[1508/2351] Compiling [32mlibraries/AP_Logger/AP_Logger_Backend.cpp[0m
[1509/2351] Compiling [32mlibraries/Filter/HarmonicNotchFilter.cpp[0m
[1510/2351] Compiling [32mlibraries/GCS_MAVLink/GCS_Common.cpp[0m
[1511/2351] Compiling [32mlibraries/GCS_MAVLink/GCS_Dummy.cpp[0m
[1512/2351] Compiling [32mlibraries/GCS_MAVLink/GCS.cpp[0m
[1513/2351] Compiling [32mlibraries/GCS_MAVLink/GCS_Fence.cpp[0m
[1514/2351] Compiling [32mlibraries/GCS_MAVLink/GCS_MAVLink_Parameters.cpp[0m
[1515/2351] Compiling [32mlibraries/RC_Channel/RC_Channel.cpp[0m
[1516/2351] Compiling [32mlibraries/StorageManager/StorageManager.cpp[0m
[1517/2351] Compiling [32mlibraries/AP_Frsky_Telem/AP_Frsky_SPort_Passthrough.cpp[0m
[1518/2351] Compiling [32mlibraries/AP_IBus_Telem/AP_IBus_Telem.cpp[0m
[1519/2351] Compiling [32mlibraries/AP_Relay/AP_Relay.cpp[0m
[1520/2351] Compiling [32mlibraries/AP_RCProtocol/AP_RCProtocol_FPort2.cpp[0m
[1521/2351] Compiling [32mlibraries/AP_RCProtocol/AP_RCProtocol.cpp[0m
[1522/2351] Compiling [32mlibraries/AP_RCProtocol/AP_RCProtocol_GHST.cpp[0m
[1523/2351] Compiling [32mlibraries/AP_RCProtocol/AP_RCProtocol_UDP.cpp[0m
[1524/2351] Compiling [32mlibraries/AP_RCProtocol/AP_RCProtocol_SRXL2.cpp[0m
[1525/2351] Compiling [32mlibraries/AP_RCProtocol/AP_RCProtocol_CRSF.cpp[0m
[1526/2351] Compiling [32mlibraries/AP_RCProtocol/AP_RCProtocol_FPort.cpp[0m
[1527/2351] Compiling [32mlibraries/AP_BLHeli/AP_BLHeli.cpp[0m
[1528/2351] Compiling [32mlibraries/AP_Proximity/AP_Proximity_Utils.cpp[0m
[1529/2351] Compiling [32mlibraries/AC_Fence/AC_PolyFence_loader.cpp[0m
[1530/2351] Compiling [32mlibraries/AC_Fence/AC_Fence.cpp[0m
[1531/2351] Compiling [32mlibraries/AC_Avoidance/AP_OABendyRuler.cpp[0m
[1532/2351] Compiling [32mlibraries/AC_Avoidance/AP_OADatabase.cpp[0m
[1533/2351] Compiling [32mlibraries/AC_Avoidance/AC_Avoid.cpp[0m
[1534/2351] Compiling [32mlibraries/AP_LandingGear/AP_LandingGear.cpp[0m
[1535/2351] Compiling [32mlibraries/AP_OSD/AP_OSD_Screen.cpp[0m
[1536/2351] Compiling [32mlibraries/AP_OSD/AP_OSD_ParamSetting.cpp[0m
[1537/2351] Compiling [32mlibraries/AP_OSD/AP_OSD_ParamScreen.cpp[0m
[1538/2351] Compiling [32mlibraries/AP_Filesystem/AP_Filesystem_posix.cpp[0m
[1539/2351] Compiling [32mlibraries/AP_ADSB/AP_ADSB.cpp[0m
[1540/2351] Compiling [32mlibraries/AP_ADSB/AP_ADSB_Sagetech_MXS.cpp[0m
[1541/2351] Compiling [32mlibraries/AP_ESC_Telem/AP_ESC_Telem_Backend.cpp[0m
[1542/2351] Compiling [32mlibraries/AP_GyroFFT/AP_GyroFFT.cpp[0m
[1543/2351] Compiling [32mlibraries/AP_RCTelemetry/AP_CRSF_Telem.cpp[0m
[1544/2351] Compiling [32mlibraries/AP_RCTelemetry/AP_RCTelemetry.cpp[0m
[1545/2351] Compiling [32mlibraries/AP_ExternalAHRS/AP_ExternalAHRS_InertialLabs.cpp[0m
[1546/2351] Compiling [32mlibraries/AP_ExternalAHRS/AP_ExternalAHRS_SBG.cpp[0m
[1547/2351] Compiling [32mlibraries/AP_TemperatureSensor/AP_TemperatureSensor.cpp[0m
[1548/2351] Compiling [32mlibraries/AP_AIS/AP_AIS.cpp[0m
[1549/2351] Compiling [32mlibraries/AP_Arming/AP_Arming.cpp[0m
[1550/2351] Compiling [32mlibraries/AP_Follow/AP_Follow.cpp[0m
[1551/2351] Compiling [32mlibraries/AP_HAL_SITL/UARTDriver.cpp[0m
[1552/2351] Compiling [32mlibraries/AP_HAL_SITL/Storage.cpp[0m
[1553/2351] Compiling [32mlibraries/AP_HAL_SITL/SITL_cmdline.cpp[0m
[1554/2351] Compiling [32mlibraries/SITL/SIM_DroneCANDevice.cpp[0m
[1555/2351] Compiling [32mlibraries/SITL/SIM_XPlane.cpp[0m
[1556/2351] Compiling [32mlibraries/SITL/SIM_Aircraft.cpp[0m
[1557/2351] Compiling [32mlibraries/SITL/SITL.cpp[0m
[1558/2351] Compiling [32mlibraries/AP_Scripting/lua_boxed_numerics.cpp[0m
[1559/2351] Compiling [32mlibraries/AP_Scripting/lua_bindings.cpp[0m
[1560/2351] Compiling [32mlibraries/AP_Scripting/AP_Scripting_CRSFMenu.cpp[0m
[1561/2351] Compiling [32mlibraries/AP_Scripting/lua_scripts.cpp[0m
[1562/2351] Compiling [32mbuild/sitl/libraries/AP_Scripting/lua_generated_bindings.cpp[0m
[1563/2351] Compiling [32mlibraries/AP_Scripting/AP_Scripting_helpers.cpp[0m
[1564/2351] Compiling [32mlibraries/AP_AHRS/AP_AHRS.cpp[0m
[1565/2351] Compiling [32mlibraries/AP_AHRS/AP_AHRS_DCM.cpp[0m
[1566/2351] Compiling [32mlibraries/AP_AHRS/AP_AHRS_Backend.cpp[0m
[1567/2351] Compiling [32mlibraries/AP_Airspeed/AP_Airspeed.cpp[0m
[1568/2351] Compiling [32mlibraries/AP_Airspeed/AP_Airspeed_NMEA.cpp[0m
[1569/2351] Compiling [32mlibraries/AP_Airspeed/AP_Airspeed_Params.cpp[0m
[1570/2351] Compiling [32mlibraries/AP_Baro/AP_Baro.cpp[0m
[1571/2351] Compiling [32mlibraries/AP_Baro/AP_Baro_Backend.cpp[0m
[1572/2351] Compiling [32mlibraries/AP_Baro/AP_Baro_SITL.cpp[0m
[1573/2351] Compiling [32mlibraries/AP_BattMonitor/AP_BattMonitor.cpp[0m
[1574/2351] Compiling [32mlibraries/AP_BattMonitor/AP_BattMonitor_Params.cpp[0m
[1575/2351] Compiling [32mlibraries/AP_BoardConfig/AP_BoardConfig.cpp[0m
[1576/2351] Compiling [32mlibraries/AP_HAL/SIMState.cpp[0m
[1577/2351] Compiling [32mlibraries/AP_InertialSensor/FastRateBuffer.cpp[0m
[1578/2351] Compiling [32mlibraries/AP_InertialSensor/AP_InertialSensor_Backend.cpp[0m
[1579/2351] Compiling [32mlibraries/AP_InertialSensor/AP_InertialSensor.cpp[0m
[1580/2351] Compiling [32mlibraries/AP_InertialSensor/AP_InertialSensor_Invensensev3.cpp[0m
[1581/2351] Compiling [32mlibraries/AP_Math/SCurve.cpp[0m
[1582/2351] Compiling [32mlibraries/AP_Mission/AP_Mission.cpp[0m
[1583/2351] Compiling [32mlibraries/AP_DAL/AP_DAL_Beacon.cpp[0m
[1584/2351] Compiling [32mlibraries/AP_DAL/AP_DAL.cpp[0m
[1585/2351] Compiling [32mlibraries/AP_DAL/AP_DAL_RangeFinder.cpp[0m
[1586/2351] Compiling [32mlibraries/AP_DAL/AP_DAL_VisualOdom.cpp[0m
[1587/2351] Compiling [32mlibraries/AP_NavEKF2/AP_NavEKF2_OptFlowFusion.cpp[0m
[1588/2351] Compiling [32mlibraries/AP_NavEKF2/AP_NavEKF2.cpp[0m
[1589/2351] Compiling [32mlibraries/AP_NavEKF3/AP_NavEKF3_Logging.cpp[0m
[1590/2351] Compiling [32mlibraries/AP_NavEKF3/AP_NavEKF3_PosVelFusion.cpp[0m
[1591/2351] Compiling [32mlibraries/AP_NavEKF3/AP_NavEKF3_MagFusion.cpp[0m
[1592/2351] Compiling [32mlibraries/AP_NavEKF3/AP_NavEKF3_RngBcnFusion.cpp[0m
[1593/2351] Compiling [32mlibraries/AP_NavEKF3/AP_NavEKF3.cpp[0m
[1594/2351] Compiling [32mlibraries/AP_NavEKF3/AP_NavEKF3_OptFlowFusion.cpp[0m
[1595/2351] Compiling [32mlibraries/AP_NavEKF3/AP_NavEKF3_Control.cpp[0m
[1596/2351] Compiling [32mlibraries/AP_NavEKF3/AP_NavEKF3_Measurements.cpp[0m
[1597/2351] Compiling [32mlibraries/AP_NavEKF3/AP_NavEKF3_Outputs.cpp[0m
[1598/2351] Compiling [32mlibraries/AP_NavEKF3/AP_NavEKF3_core.cpp[0m
[1599/2351] Compiling [32mlibraries/AP_NavEKF3/AP_NavEKF3_AirDataFusion.cpp[0m
[1600/2351] Compiling [32mlibraries/AP_NavEKF3/AP_NavEKF3_GyroBias.cpp[0m
[1601/2351] Compiling [32mlibraries/AP_NavEKF3/AP_NavEKF3_VehicleStatus.cpp[0m
[1602/2351] Compiling [32mlibraries/AP_Rally/AP_Rally.cpp[0m
[1603/2351] Compiling [32mlibraries/AP_Scheduler/AP_Scheduler.cpp[0m
[1604/2351] Compiling [32mlibraries/AP_Terrain/AP_Terrain.cpp[0m
[1605/2351] Compiling [32mlibraries/AP_Vehicle/AP_Vehicle.cpp[0m
[1606/2351] Compiling [32mlibraries/AP_Logger/AP_Logger_Backend.cpp[0m
[1607/2351] Compiling [32mlibraries/AP_Logger/LoggerMessageWriter.cpp[0m
[1608/2351] Compiling [32mlibraries/AP_Logger/AP_Logger_File.cpp[0m
[1609/2351] Compiling [32mlibraries/AP_Logger/AP_Logger.cpp[0m
[1610/2351] Compiling [32mlibraries/Filter/HarmonicNotchFilter.cpp[0m
[1611/2351] Compiling [32mlibraries/GCS_MAVLink/GCS_Dummy.cpp[0m
[1612/2351] Compiling [32mlibraries/GCS_MAVLink/GCS_MAVLink_Parameters.cpp[0m
[1613/2351] Compiling [32mlibraries/GCS_MAVLink/GCS_Common.cpp[0m
[1614/2351] Compiling [32mlibraries/GCS_MAVLink/GCS.cpp[0m
[1615/2351] Compiling [32mlibraries/GCS_MAVLink/GCS_Fence.cpp[0m
[1616/2351] Compiling [32mlibraries/RC_Channel/RC_Channel.cpp[0m
[1617/2351] Compiling [32mlibraries/StorageManager/StorageManager.cpp[0m
[1618/2351] Compiling [32mlibraries/AP_Frsky_Telem/AP_Frsky_SPort_Passthrough.cpp[0m
[1619/2351] Compiling [32mlibraries/AP_IBus_Telem/AP_IBus_Telem.cpp[0m
[1620/2351] Compiling [32mlibraries/AP_Relay/AP_Relay.cpp[0m
[1621/2351] Compiling [32mlibraries/AP_RCProtocol/AP_RCProtocol_FPort.cpp[0m
[1622/2351] Compiling [32mlibraries/AP_RCProtocol/AP_RCProtocol_FPort2.cpp[0m
[1623/2351] Compiling [32mlibraries/AP_RCProtocol/AP_RCProtocol_UDP.cpp[0m
[1624/2351] Compiling [32mlibraries/AP_RCProtocol/AP_RCProtocol_SRXL2.cpp[0m
[1625/2351] Compiling [32mlibraries/AP_RCProtocol/AP_RCProtocol_GHST.cpp[0m
[1626/2351] Compiling [32mlibraries/AP_RCProtocol/AP_RCProtocol_CRSF.cpp[0m
[1627/2351] Compiling [32mlibraries/AP_RCProtocol/AP_RCProtocol.cpp[0m
[1628/2351] Compiling [32mlibraries/AP_BLHeli/AP_BLHeli.cpp[0m
[1629/2351] Compiling [32mlibraries/AP_Proximity/AP_Proximity_Utils.cpp[0m
[1630/2351] Compiling [32mlibraries/AC_Fence/AC_Fence.cpp[0m
[1631/2351] Compiling [32mlibraries/AC_Fence/AC_PolyFence_loader.cpp[0m
[1632/2351] Compiling [32mlibraries/AC_Avoidance/AP_OABendyRuler.cpp[0m
[1633/2351] Compiling [32mlibraries/AC_Avoidance/AP_OADatabase.cpp[0m
[1634/2351] Compiling [32mlibraries/AC_Avoidance/AC_Avoid.cpp[0m
[1635/2351] Compiling [32mlibraries/AP_LandingGear/AP_LandingGear.cpp[0m
[1636/2351] Compiling [32mlibraries/AP_OSD/AP_OSD_Screen.cpp[0m
[1637/2351] Compiling [32mlibraries/AP_OSD/AP_OSD_ParamScreen.cpp[0m
[1638/2351] Compiling [32mlibraries/AP_OSD/AP_OSD_ParamSetting.cpp[0m
[1639/2351] Compiling [32mlibraries/AP_Filesystem/AP_Filesystem_posix.cpp[0m
[1640/2351] Compiling [32mlibraries/AP_ADSB/AP_ADSB_Sagetech_MXS.cpp[0m
[1641/2351] Compiling [32mlibraries/AP_ADSB/AP_ADSB.cpp[0m
[1642/2351] Compiling [32mlibraries/AP_ESC_Telem/AP_ESC_Telem_Backend.cpp[0m
[1643/2351] Compiling [32mlibraries/AP_GyroFFT/AP_GyroFFT.cpp[0m
[1644/2351] Compiling [32mlibraries/AP_RCTelemetry/AP_RCTelemetry.cpp[0m
[1645/2351] Compiling [32mlibraries/AP_RCTelemetry/AP_CRSF_Telem.cpp[0m
[1646/2351] Linking [33mbuild/sitl/lib/libArduCopter_libs.a[0m
[1647/2351] Compiling [32mlibraries/AP_ExternalAHRS/AP_ExternalAHRS_InertialLabs.cpp[0m
[1648/2351] Compiling [32mlibraries/AP_ExternalAHRS/AP_ExternalAHRS_SBG.cpp[0m
[1649/2351] Compiling [32mlibraries/AP_TemperatureSensor/AP_TemperatureSensor.cpp[0m
[1650/2351] Compiling [32mlibraries/AP_AIS/AP_AIS.cpp[0m
[1651/2351] Compiling [32mlibraries/AP_Arming/AP_Arming.cpp[0m
[1652/2351] Compiling [32mlibraries/AP_Follow/AP_Follow.cpp[0m
[1653/2351] Compiling [32mlibraries/AP_Avoidance/AP_Avoidance.cpp[0m
[1654/2351] Compiling [32mlibraries/AC_WPNav/AC_Circle.cpp[0m
[1655/2351] Compiling [32mlibraries/AC_WPNav/AC_WPNav.cpp[0m
[1656/2351] Compiling [32mlibraries/AC_WPNav/AC_Loiter.cpp[0m
[1657/2351] Compiling [32mlibraries/AC_AttitudeControl/AC_PosControl.cpp[0m
[1658/2351] Compiling [32mlibraries/AC_AttitudeControl/AC_AttitudeControl.cpp[0m
[1659/2351] Compiling [32mlibraries/AC_AttitudeControl/AC_WeatherVane.cpp[0m
[1660/2351] Compiling [32mlibraries/AP_Motors/AP_MotorsMatrix.cpp[0m
[1661/2351] Compiling [32mlibraries/AP_Motors/AP_MotorsMulticopter.cpp[0m
[1662/2351] Compiling [32mlibraries/AP_Motors/AP_Motors_Thrust_Linearization.cpp[0m
[1663/2351] Compiling [32mlibraries/AP_Motors/AP_MotorsTri.cpp[0m
[1664/2351] Compiling [32mlibraries/AP_Landing/AP_Landing_Slope.cpp[0m
[1665/2351] Compiling [32mlibraries/AC_AutoTune/AC_AutoTune_Multi.cpp[0m
[1666/2351] Compiling [32mlibraries/AC_AutoTune/AC_AutoTune.cpp[0m
[1667/2351] Compiling [32mlibraries/AC_PrecLand/AC_PrecLand.cpp[0m
[1668/2351] Compiling [32mlibraries/AP_HAL_SITL/UARTDriver.cpp[0m
[1669/2351] Compiling [32mlibraries/AP_HAL_SITL/SITL_cmdline.cpp[0m
[1670/2351] Compiling [32mlibraries/AP_HAL_SITL/Storage.cpp[0m
[1671/2351] Compiling [32mlibraries/SITL/SIM_XPlane.cpp[0m
[1672/2351] Compiling [32mlibraries/SITL/SIM_Aircraft.cpp[0m
[1673/2351] Compiling [32mlibraries/SITL/SIM_DroneCANDevice.cpp[0m
[1674/2351] Compiling [32mlibraries/SITL/SITL.cpp[0m
[1675/2351] Compiling [32mlibraries/AP_Scripting/AP_Scripting_CRSFMenu.cpp[0m
[1676/2351] Compiling [32mlibraries/AP_Scripting/lua_scripts.cpp[0m
[1677/2351] Compiling [32mlibraries/AP_Scripting/lua_bindings.cpp[0m
[1678/2351] Compiling [32mlibraries/AP_Scripting/lua_boxed_numerics.cpp[0m
[1679/2351] Compiling [32mlibraries/AP_Scripting/AP_Scripting_helpers.cpp[0m
[1680/2351] Compiling [32mbuild/sitl/libraries/AP_Scripting/lua_generated_bindings.cpp[0m
[1681/2351] Compiling [32mlibraries/AP_AHRS/AP_AHRS_Backend.cpp[0m
[1682/2351] Compiling [32mlibraries/AP_AHRS/AP_AHRS_DCM.cpp[0m
[1683/2351] Compiling [32mlibraries/AP_AHRS/AP_AHRS.cpp[0m
[1684/2351] Compiling [32mlibraries/AP_Airspeed/AP_Airspeed_NMEA.cpp[0m
[1685/2351] Compiling [32mlibraries/AP_Airspeed/AP_Airspeed_Params.cpp[0m
[1686/2351] Compiling [32mlibraries/AP_Airspeed/AP_Airspeed.cpp[0m
[1687/2351] Compiling [32mlibraries/AP_Baro/AP_Baro.cpp[0m
[1688/2351] Compiling [32mlibraries/AP_Baro/AP_Baro_SITL.cpp[0m
[1689/2351] Compiling [32mlibraries/AP_Baro/AP_Baro_Backend.cpp[0m
[1690/2351] Compiling [32mlibraries/AP_BattMonitor/AP_BattMonitor.cpp[0m
[1691/2351] Compiling [32mlibraries/AP_BattMonitor/AP_BattMonitor_Params.cpp[0m
[1692/2351] Compiling [32mlibraries/AP_BoardConfig/AP_BoardConfig.cpp[0m
[1693/2351] Compiling [32mlibraries/AP_HAL/SIMState.cpp[0m
[1694/2351] Compiling [32mlibraries/AP_InertialSensor/AP_InertialSensor_Backend.cpp[0m
[1695/2351] Compiling [32mlibraries/AP_InertialSensor/FastRateBuffer.cpp[0m
[1696/2351] Compiling [32mlibraries/AP_InertialSensor/AP_InertialSensor.cpp[0m
[1697/2351] Compiling [32mlibraries/AP_InertialSensor/AP_InertialSensor_Invensensev3.cpp[0m
[1698/2351] Compiling [32mlibraries/AP_Math/SCurve.cpp[0m
[1699/2351] Compiling [32mlibraries/AP_Mission/AP_Mission.cpp[0m
[1700/2351] Compiling [32mlibraries/AP_DAL/AP_DAL_RangeFinder.cpp[0m
[1701/2351] Compiling [32mlibraries/AP_DAL/AP_DAL_Beacon.cpp[0m
[1702/2351] Compiling [32mlibraries/AP_DAL/AP_DAL.cpp[0m
[1703/2351] Compiling [32mlibraries/AP_DAL/AP_DAL_VisualOdom.cpp[0m
[1704/2351] Compiling [32mlibraries/AP_NavEKF2/AP_NavEKF2.cpp[0m
[1705/2351] Compiling [32mlibraries/AP_NavEKF2/AP_NavEKF2_OptFlowFusion.cpp[0m
[1706/2351] Compiling [32mlibraries/AP_NavEKF3/AP_NavEKF3_OptFlowFusion.cpp[0m
[1707/2351] Compiling [32mlibraries/AP_NavEKF3/AP_NavEKF3_AirDataFusion.cpp[0m
[1708/2351] Compiling [32mlibraries/AP_NavEKF3/AP_NavEKF3.cpp[0m
[1709/2351] Compiling [32mlibraries/AP_NavEKF3/AP_NavEKF3_Measurements.cpp[0m
[1710/2351] Compiling [32mlibraries/AP_NavEKF3/AP_NavEKF3_PosVelFusion.cpp[0m
[1711/2351] Compiling [32mlibraries/AP_NavEKF3/AP_NavEKF3_Outputs.cpp[0m
[1712/2351] Compiling [32mlibraries/AP_NavEKF3/AP_NavEKF3_VehicleStatus.cpp[0m
[1713/2351] Compiling [32mlibraries/AP_NavEKF3/AP_NavEKF3_core.cpp[0m
[1714/2351] Compiling [32mlibraries/AP_NavEKF3/AP_NavEKF3_GyroBias.cpp[0m
[1715/2351] Compiling [32mlibraries/AP_NavEKF3/AP_NavEKF3_RngBcnFusion.cpp[0m
[1716/2351] Compiling [32mlibraries/AP_NavEKF3/AP_NavEKF3_Logging.cpp[0m
[1717/2351] Compiling [32mlibraries/AP_NavEKF3/AP_NavEKF3_Control.cpp[0m
[1718/2351] Compiling [32mlibraries/AP_NavEKF3/AP_NavEKF3_MagFusion.cpp[0m
[1719/2351] Compiling [32mlibraries/AP_Rally/AP_Rally.cpp[0m
[1720/2351] Compiling [32mlibraries/AP_Scheduler/AP_Scheduler.cpp[0m
[1721/2351] Compiling [32mlibraries/AP_Terrain/AP_Terrain.cpp[0m
[1722/2351] Compiling [32mlibraries/AP_Vehicle/AP_Vehicle.cpp[0m
[1723/2351] Compiling [32mlibraries/AP_Logger/AP_Logger_File.cpp[0m
[1724/2351] Compiling [32mlibraries/AP_Logger/LoggerMessageWriter.cpp[0m
[1725/2351] Compiling [32mlibraries/AP_Logger/AP_Logger.cpp[0m
[1726/2351] Compiling [32mlibraries/AP_Logger/AP_Logger_Backend.cpp[0m
[1727/2351] Compiling [32mlibraries/Filter/HarmonicNotchFilter.cpp[0m
[1728/2351] Compiling [32mlibraries/GCS_MAVLink/GCS_Common.cpp[0m
[1729/2351] Compiling [32mlibraries/GCS_MAVLink/GCS_Dummy.cpp[0m
[1730/2351] Compiling [32mlibraries/GCS_MAVLink/GCS.cpp[0m
[1731/2351] Compiling [32mlibraries/GCS_MAVLink/GCS_MAVLink_Parameters.cpp[0m
[1732/2351] Compiling [32mlibraries/GCS_MAVLink/GCS_Fence.cpp[0m
[1733/2351] Compiling [32mlibraries/RC_Channel/RC_Channel.cpp[0m
[1734/2351] Compiling [32mlibraries/StorageManager/StorageManager.cpp[0m
[1735/2351] Compiling [32mlibraries/AP_Frsky_Telem/AP_Frsky_SPort_Passthrough.cpp[0m
[1736/2351] Compiling [32mlibraries/AP_IBus_Telem/AP_IBus_Telem.cpp[0m
[1737/2351] Compiling [32mlibraries/AP_Relay/AP_Relay.cpp[0m
[1738/2351] Compiling [32mlibraries/AP_RCProtocol/AP_RCProtocol_FPort.cpp[0m
[1739/2351] Compiling [32mlibraries/AP_RCProtocol/AP_RCProtocol.cpp[0m
[1740/2351] Compiling [32mlibraries/AP_RCProtocol/AP_RCProtocol_CRSF.cpp[0m
[1741/2351] Compiling [32mlibraries/AP_RCProtocol/AP_RCProtocol_FPort2.cpp[0m
[1742/2351] Compiling [32mlibraries/AP_RCProtocol/AP_RCProtocol_SRXL2.cpp[0m
[1743/2351] Compiling [32mlibraries/AP_RCProtocol/AP_RCProtocol_UDP.cpp[0m
[1744/2351] Compiling [32mlibraries/AP_RCProtocol/AP_RCProtocol_GHST.cpp[0m
[1745/2351] Compiling [32mlibraries/AP_BLHeli/AP_BLHeli.cpp[0m
[1746/2351] Compiling [32mlibraries/AP_Proximity/AP_Proximity_Utils.cpp[0m
[1747/2351] Compiling [32mlibraries/AC_Fence/AC_Fence.cpp[0m
[1748/2351] Compiling [32mlibraries/AC_Fence/AC_PolyFence_loader.cpp[0m
[1749/2351] Compiling [32mlibraries/AC_Avoidance/AP_OADatabase.cpp[0m
[1750/2351] Compiling [32mlibraries/AC_Avoidance/AP_OABendyRuler.cpp[0m
[1751/2351] Compiling [32mlibraries/AC_Avoidance/AC_Avoid.cpp[0m
[1752/2351] Compiling [32mlibraries/AP_LandingGear/AP_LandingGear.cpp[0m
[1753/2351] Compiling [32mlibraries/AP_OSD/AP_OSD_ParamSetting.cpp[0m
[1754/2351] Compiling [32mlibraries/AP_OSD/AP_OSD_Screen.cpp[0m
[1755/2351] Compiling [32mlibraries/AP_OSD/AP_OSD_ParamScreen.cpp[0m
[1756/2351] Linking [33mbuild/sitl/lib/libAntennaTracker_libs.a[0m
[1757/2351] Compiling [32mlibraries/AP_Filesystem/AP_Filesystem_posix.cpp[0m
[1758/2351] Compiling [32mlibraries/AP_ADSB/AP_ADSB.cpp[0m
[1759/2351] Compiling [32mlibraries/AP_ADSB/AP_ADSB_Sagetech_MXS.cpp[0m
[1760/2351] Compiling [32mlibraries/AP_ESC_Telem/AP_ESC_Telem_Backend.cpp[0m
[1761/2351] Compiling [32mlibraries/AP_GyroFFT/AP_GyroFFT.cpp[0m
[1762/2351] Compiling [32mlibraries/AP_RCTelemetry/AP_RCTelemetry.cpp[0m
[1763/2351] Compiling [32mlibraries/AP_RCTelemetry/AP_CRSF_Telem.cpp[0m
[1764/2351] Compiling [32mlibraries/AP_ExternalAHRS/AP_ExternalAHRS_InertialLabs.cpp[0m
[1765/2351] Compiling [32mlibraries/AP_ExternalAHRS/AP_ExternalAHRS_SBG.cpp[0m
[1766/2351] Compiling [32mlibraries/AP_TemperatureSensor/AP_TemperatureSensor.cpp[0m
[1767/2351] Compiling [32mlibraries/AP_AIS/AP_AIS.cpp[0m
[1768/2351] Compiling [32mlibraries/AP_Arming/AP_Arming.cpp[0m
[1769/2351] Compiling [32mlibraries/AP_Follow/AP_Follow.cpp[0m
[1770/2351] Compiling [32mlibraries/AC_AttitudeControl/AC_AttitudeControl.cpp[0m
[1771/2351] Compiling [32mlibraries/AC_AttitudeControl/AC_WeatherVane.cpp[0m
[1772/2351] Compiling [32mlibraries/AC_AttitudeControl/AC_PosControl.cpp[0m
[1773/2351] Compiling [32mlibraries/AC_WPNav/AC_WPNav.cpp[0m
[1774/2351] Compiling [32mlibraries/AC_WPNav/AC_Loiter.cpp[0m
[1775/2351] Compiling [32mlibraries/AC_WPNav/AC_Circle.cpp[0m
[1776/2351] Compiling [32mlibraries/AP_Motors/AP_Motors_Thrust_Linearization.cpp[0m
[1777/2351] Compiling [32mlibraries/AP_Motors/AP_MotorsMulticopter.cpp[0m
[1778/2351] Compiling [32mlibraries/AP_Motors/AP_MotorsMatrix.cpp[0m
[1779/2351] Compiling [32mlibraries/AP_Motors/AP_MotorsTri.cpp[0m
[1780/2351] Compiling [32mlibraries/AP_HAL_SITL/UARTDriver.cpp[0m
[1781/2351] Compiling [32mlibraries/AP_HAL_SITL/SITL_cmdline.cpp[0m
[1782/2351] Compiling [32mlibraries/AP_HAL_SITL/Storage.cpp[0m
[1783/2351] Compiling [32mlibraries/SITL/SIM_Aircraft.cpp[0m
[1784/2351] Compiling [32mlibraries/SITL/SIM_XPlane.cpp[0m
[1785/2351] Compiling [32mlibraries/SITL/SITL.cpp[0m
[1786/2351] Compiling [32mlibraries/SITL/SIM_DroneCANDevice.cpp[0m
[1787/2351] Compiling [32mlibraries/AP_Scripting/lua_scripts.cpp[0m
[1788/2351] Compiling [32mlibraries/AP_Scripting/AP_Scripting_helpers.cpp[0m
[1789/2351] Compiling [32mbuild/sitl/libraries/AP_Scripting/lua_generated_bindings.cpp[0m
[1790/2351] Compiling [32mlibraries/AP_Scripting/AP_Scripting_CRSFMenu.cpp[0m
[1791/2351] Compiling [32mlibraries/AP_Scripting/lua_boxed_numerics.cpp[0m
[1792/2351] Compiling [32mlibraries/AP_Scripting/lua_bindings.cpp[0m
[1793/2351] Compiling [32mlibraries/AP_AHRS/AP_AHRS_DCM.cpp[0m
[1794/2351] Compiling [32mlibraries/AP_AHRS/AP_AHRS_Backend.cpp[0m
[1795/2351] Compiling [32mlibraries/AP_AHRS/AP_AHRS.cpp[0m
[1796/2351] Compiling [32mlibraries/AP_Airspeed/AP_Airspeed_Params.cpp[0m
[1797/2351] Compiling [32mlibraries/AP_Airspeed/AP_Airspeed.cpp[0m
[1798/2351] Compiling [32mlibraries/AP_Airspeed/AP_Airspeed_NMEA.cpp[0m
[1799/2351] Compiling [32mlibraries/AP_Baro/AP_Baro_Backend.cpp[0m
[1800/2351] Compiling [32mlibraries/AP_Baro/AP_Baro_SITL.cpp[0m
[1801/2351] Compiling [32mlibraries/AP_Baro/AP_Baro.cpp[0m
[1802/2351] Compiling [32mlibraries/AP_BattMonitor/AP_BattMonitor_Params.cpp[0m
[1803/2351] Compiling [32mlibraries/AP_BattMonitor/AP_BattMonitor.cpp[0m
[1804/2351] Compiling [32mlibraries/AP_BoardConfig/AP_BoardConfig.cpp[0m
[1805/2351] Compiling [32mlibraries/AP_HAL/SIMState.cpp[0m
[1806/2351] Compiling [32mlibraries/AP_InertialSensor/FastRateBuffer.cpp[0m
[1807/2351] Compiling [32mlibraries/AP_InertialSensor/AP_InertialSensor.cpp[0m
[1808/2351] Compiling [32mlibraries/AP_InertialSensor/AP_InertialSensor_Backend.cpp[0m
[1809/2351] Compiling [32mlibraries/AP_InertialSensor/AP_InertialSensor_Invensensev3.cpp[0m
[1810/2351] Compiling [32mlibraries/AP_Math/SCurve.cpp[0m
[1811/2351] Compiling [32mlibraries/AP_Mission/AP_Mission.cpp[0m
[1812/2351] Compiling [32mlibraries/AP_DAL/AP_DAL_VisualOdom.cpp[0m
[1813/2351] Compiling [32mlibraries/AP_DAL/AP_DAL_Beacon.cpp[0m
[1814/2351] Compiling [32mlibraries/AP_DAL/AP_DAL.cpp[0m
[1815/2351] Compiling [32mlibraries/AP_DAL/AP_DAL_RangeFinder.cpp[0m
[1816/2351] Compiling [32mlibraries/AP_NavEKF2/AP_NavEKF2_OptFlowFusion.cpp[0m
[1817/2351] Compiling [32mlibraries/AP_NavEKF2/AP_NavEKF2.cpp[0m
[1818/2351] Compiling [32mlibraries/AP_NavEKF3/AP_NavEKF3.cpp[0m
[1819/2351] Compiling [32mlibraries/AP_NavEKF3/AP_NavEKF3_RngBcnFusion.cpp[0m
[1820/2351] Compiling [32mlibraries/AP_NavEKF3/AP_NavEKF3_core.cpp[0m
[1821/2351] Compiling [32mlibraries/AP_NavEKF3/AP_NavEKF3_AirDataFusion.cpp[0m
[1822/2351] Compiling [32mlibraries/AP_NavEKF3/AP_NavEKF3_Measurements.cpp[0m
[1823/2351] Compiling [32mlibraries/AP_NavEKF3/AP_NavEKF3_PosVelFusion.cpp[0m
[1824/2351] Compiling [32mlibraries/AP_NavEKF3/AP_NavEKF3_Control.cpp[0m
[1825/2351] Compiling [32mlibraries/AP_NavEKF3/AP_NavEKF3_MagFusion.cpp[0m
[1826/2351] Compiling [32mlibraries/AP_NavEKF3/AP_NavEKF3_Logging.cpp[0m
[1827/2351] Compiling [32mlibraries/AP_NavEKF3/AP_NavEKF3_VehicleStatus.cpp[0m
[1828/2351] Compiling [32mlibraries/AP_NavEKF3/AP_NavEKF3_Outputs.cpp[0m
[1829/2351] Compiling [32mlibraries/AP_NavEKF3/AP_NavEKF3_OptFlowFusion.cpp[0m
[1830/2351] Compiling [32mlibraries/AP_NavEKF3/AP_NavEKF3_GyroBias.cpp[0m
[1831/2351] Compiling [32mlibraries/AP_Rally/AP_Rally.cpp[0m
[1832/2351] Compiling [32mlibraries/AP_Scheduler/AP_Scheduler.cpp[0m
[1833/2351] Compiling [32mlibraries/AP_Terrain/AP_Terrain.cpp[0m
[1834/2351] Compiling [32mlibraries/AP_Vehicle/AP_Vehicle.cpp[0m
[1835/2351] Compiling [32mlibraries/AP_Logger/AP_Logger_File.cpp[0m
[1836/2351] Compiling [32mlibraries/AP_Logger/LoggerMessageWriter.cpp[0m
[1837/2351] Compiling [32mlibraries/AP_Logger/AP_Logger_Backend.cpp[0m
[1838/2351] Compiling [32mlibraries/AP_Logger/AP_Logger.cpp[0m
[1839/2351] Compiling [32mlibraries/Filter/HarmonicNotchFilter.cpp[0m
[1840/2351] Compiling [32mlibraries/GCS_MAVLink/GCS_Dummy.cpp[0m
[1841/2351] Compiling [32mlibraries/GCS_MAVLink/GCS_Common.cpp[0m
[1842/2351] Compiling [32mlibraries/GCS_MAVLink/GCS_Fence.cpp[0m
[1843/2351] Compiling [32mlibraries/GCS_MAVLink/GCS_MAVLink_Parameters.cpp[0m
[1844/2351] Compiling [32mlibraries/GCS_MAVLink/GCS.cpp[0m
[1845/2351] Compiling [32mlibraries/RC_Channel/RC_Channel.cpp[0m
[1846/2351] Compiling [32mlibraries/StorageManager/StorageManager.cpp[0m
[1847/2351] Compiling [32mlibraries/AP_Frsky_Telem/AP_Frsky_SPort_Passthrough.cpp[0m
[1848/2351] Linking [33mbuild/sitl/lib/libArduPlane_libs.a[0m
[1849/2351] Compiling [32mlibraries/AP_IBus_Telem/AP_IBus_Telem.cpp[0m
[1850/2351] Compiling [32mlibraries/AP_Relay/AP_Relay.cpp[0m
[1851/2351] Compiling [32mlibraries/AP_RCProtocol/AP_RCProtocol_CRSF.cpp[0m
[1852/2351] Compiling [32mlibraries/AP_RCProtocol/AP_RCProtocol_UDP.cpp[0m
[1853/2351] Compiling [32mlibraries/AP_RCProtocol/AP_RCProtocol_FPort.cpp[0m
[1854/2351] Compiling [32mlibraries/AP_RCProtocol/AP_RCProtocol_GHST.cpp[0m
[1855/2351] Compiling [32mlibraries/AP_RCProtocol/AP_RCProtocol_SRXL2.cpp[0m
[1856/2351] Compiling [32mlibraries/AP_RCProtocol/AP_RCProtocol.cpp[0m
[1857/2351] Compiling [32mlibraries/AP_RCProtocol/AP_RCProtocol_FPort2.cpp[0m
[1858/2351] Compiling [32mlibraries/AP_BLHeli/AP_BLHeli.cpp[0m
[1859/2351] Compiling [32mlibraries/AP_Proximity/AP_Proximity_Utils.cpp[0m
[1860/2351] Compiling [32mlibraries/AC_Fence/AC_PolyFence_loader.cpp[0m
[1861/2351] Compiling [32mlibraries/AC_Fence/AC_Fence.cpp[0m
[1862/2351] Compiling [32mlibraries/AC_Avoidance/AP_OADatabase.cpp[0m
[1863/2351] Compiling [32mlibraries/AC_Avoidance/AP_OABendyRuler.cpp[0m
[1864/2351] Compiling [32mlibraries/AC_Avoidance/AC_Avoid.cpp[0m
[1865/2351] Compiling [32mlibraries/AP_LandingGear/AP_LandingGear.cpp[0m
[1866/2351] Compiling [32mlibraries/AP_OSD/AP_OSD_ParamScreen.cpp[0m
[1867/2351] Compiling [32mlibraries/AP_OSD/AP_OSD_ParamSetting.cpp[0m
[1868/2351] Compiling [32mlibraries/AP_OSD/AP_OSD_Screen.cpp[0m
[1869/2351] Compiling [32mlibraries/AP_Filesystem/AP_Filesystem_posix.cpp[0m
[1870/2351] Compiling [32mlibraries/AP_ADSB/AP_ADSB_Sagetech_MXS.cpp[0m
[1871/2351] Compiling [32mlibraries/AP_ADSB/AP_ADSB.cpp[0m
[1872/2351] Compiling [32mlibraries/AP_ESC_Telem/AP_ESC_Telem_Backend.cpp[0m
[1873/2351] Compiling [32mlibraries/AP_GyroFFT/AP_GyroFFT.cpp[0m
[1874/2351] Compiling [32mlibraries/AP_RCTelemetry/AP_RCTelemetry.cpp[0m
[1875/2351] Compiling [32mlibraries/AP_RCTelemetry/AP_CRSF_Telem.cpp[0m
[1876/2351] Compiling [32mlibraries/AP_ExternalAHRS/AP_ExternalAHRS_InertialLabs.cpp[0m
[1877/2351] Compiling [32mlibraries/AP_ExternalAHRS/AP_ExternalAHRS_SBG.cpp[0m
[1878/2351] Compiling [32mlibraries/AP_TemperatureSensor/AP_TemperatureSensor.cpp[0m
[1879/2351] Compiling [32mlibraries/AP_AIS/AP_AIS.cpp[0m
[1880/2351] Compiling [32mlibraries/AP_Arming/AP_Arming.cpp[0m
[1881/2351] Compiling [32mlibraries/AP_Follow/AP_Follow.cpp[0m
[1882/2351] Compiling [32mlibraries/AP_Avoidance/AP_Avoidance.cpp[0m
[1883/2351] Compiling [32mlibraries/AC_AttitudeControl/AC_AttitudeControl.cpp[0m
[1884/2351] Compiling [32mlibraries/AC_AttitudeControl/AC_PosControl.cpp[0m
[1885/2351] Compiling [32mlibraries/AC_AttitudeControl/AC_WeatherVane.cpp[0m
[1886/2351] Compiling [32mlibraries/AP_HAL_SITL/UARTDriver.cpp[0m
[1887/2351] Compiling [32mlibraries/AP_HAL_SITL/SITL_cmdline.cpp[0m
[1888/2351] Compiling [32mlibraries/AP_HAL_SITL/Storage.cpp[0m
[1889/2351] Compiling [32mlibraries/SITL/SIM_DroneCANDevice.cpp[0m
[1890/2351] Compiling [32mlibraries/SITL/SITL.cpp[0m
[1891/2351] Compiling [32mlibraries/SITL/SIM_Aircraft.cpp[0m
[1892/2351] Compiling [32mlibraries/SITL/SIM_XPlane.cpp[0m
[1893/2351] Compiling [32mlibraries/AP_Scripting/AP_Scripting_CRSFMenu.cpp[0m
[1894/2351] Compiling [32mlibraries/AP_Scripting/lua_scripts.cpp[0m
[1895/2351] Compiling [32mbuild/sitl/libraries/AP_Scripting/lua_generated_bindings.cpp[0m
[1896/2351] Compiling [32mlibraries/AP_Scripting/AP_Scripting_helpers.cpp[0m
[1897/2351] Compiling [32mlibraries/AP_Scripting/lua_boxed_numerics.cpp[0m
[1898/2351] Compiling [32mlibraries/AP_Scripting/lua_bindings.cpp[0m
[1899/2351] Compiling [32mlibraries/AP_AHRS/AP_AHRS_Backend.cpp[0m
[1900/2351] Compiling [32mlibraries/AP_AHRS/AP_AHRS.cpp[0m
[1901/2351] Compiling [32mlibraries/AP_AHRS/AP_AHRS_DCM.cpp[0m
[1902/2351] Compiling [32mlibraries/AP_Airspeed/AP_Airspeed.cpp[0m
[1903/2351] Compiling [32mlibraries/AP_Airspeed/AP_Airspeed_NMEA.cpp[0m
[1904/2351] Compiling [32mlibraries/AP_Airspeed/AP_Airspeed_Params.cpp[0m
[1905/2351] Compiling [32mlibraries/AP_Baro/AP_Baro_SITL.cpp[0m
[1906/2351] Compiling [32mlibraries/AP_Baro/AP_Baro_Backend.cpp[0m
[1907/2351] Compiling [32mlibraries/AP_Baro/AP_Baro.cpp[0m
[1908/2351] Compiling [32mlibraries/AP_BattMonitor/AP_BattMonitor_Params.cpp[0m
[1909/2351] Compiling [32mlibraries/AP_BattMonitor/AP_BattMonitor.cpp[0m
[1910/2351] Compiling [32mlibraries/AP_BoardConfig/AP_BoardConfig.cpp[0m
[1911/2351] Compiling [32mlibraries/AP_HAL/SIMState.cpp[0m
[1912/2351] Compiling [32mlibraries/AP_InertialSensor/AP_InertialSensor_Backend.cpp[0m
[1913/2351] Compiling [32mlibraries/AP_InertialSensor/FastRateBuffer.cpp[0m
[1914/2351] Compiling [32mlibraries/AP_InertialSensor/AP_InertialSensor_Invensensev3.cpp[0m
[1915/2351] Compiling [32mlibraries/AP_InertialSensor/AP_InertialSensor.cpp[0m
[1916/2351] Compiling [32mlibraries/AP_Math/SCurve.cpp[0m
[1917/2351] Compiling [32mlibraries/AP_Mission/AP_Mission.cpp[0m
[1918/2351] Compiling [32mlibraries/AP_DAL/AP_DAL_VisualOdom.cpp[0m
[1919/2351] Compiling [32mlibraries/AP_DAL/AP_DAL.cpp[0m
[1920/2351] Compiling [32mlibraries/AP_DAL/AP_DAL_RangeFinder.cpp[0m
[1921/2351] Compiling [32mlibraries/AP_DAL/AP_DAL_Beacon.cpp[0m
[1922/2351] Compiling [32mlibraries/AP_NavEKF2/AP_NavEKF2_OptFlowFusion.cpp[0m
[1923/2351] Compiling [32mlibraries/AP_NavEKF2/AP_NavEKF2.cpp[0m
[1924/2351] Compiling [32mlibraries/AP_NavEKF3/AP_NavEKF3_OptFlowFusion.cpp[0m
[1925/2351] Compiling [32mlibraries/AP_NavEKF3/AP_NavEKF3_core.cpp[0m
[1926/2351] Compiling [32mlibraries/AP_NavEKF3/AP_NavEKF3.cpp[0m
[1927/2351] Compiling [32mlibraries/AP_NavEKF3/AP_NavEKF3_Measurements.cpp[0m
[1928/2351] Compiling [32mlibraries/AP_NavEKF3/AP_NavEKF3_AirDataFusion.cpp[0m
[1929/2351] Compiling [32mlibraries/AP_NavEKF3/AP_NavEKF3_Outputs.cpp[0m
[1930/2351] Compiling [32mlibraries/AP_NavEKF3/AP_NavEKF3_Logging.cpp[0m
[1931/2351] Compiling [32mlibraries/AP_NavEKF3/AP_NavEKF3_GyroBias.cpp[0m
[1932/2351] Compiling [32mlibraries/AP_NavEKF3/AP_NavEKF3_VehicleStatus.cpp[0m
[1933/2351] Compiling [32mlibraries/AP_NavEKF3/AP_NavEKF3_RngBcnFusion.cpp[0m
[1934/2351] Compiling [32mlibraries/AP_NavEKF3/AP_NavEKF3_PosVelFusion.cpp[0m
[1935/2351] Compiling [32mlibraries/AP_NavEKF3/AP_NavEKF3_Control.cpp[0m
[1936/2351] Compiling [32mlibraries/AP_NavEKF3/AP_NavEKF3_MagFusion.cpp[0m
[1937/2351] Compiling [32mlibraries/AP_Rally/AP_Rally.cpp[0m
[1938/2351] Compiling [32mlibraries/AP_Scheduler/AP_Scheduler.cpp[0m
[1939/2351] Compiling [32mlibraries/AP_Terrain/AP_Terrain.cpp[0m
[1940/2351] Compiling [32mlibraries/AP_Vehicle/AP_Vehicle.cpp[0m
[1941/2351] Compiling [32mlibraries/AP_Logger/AP_Logger_Backend.cpp[0m
[1942/2351] Compiling [32mlibraries/AP_Logger/AP_Logger.cpp[0m
[1943/2351] Compiling [32mlibraries/AP_Logger/LoggerMessageWriter.cpp[0m
[1944/2351] Compiling [32mlibraries/AP_Logger/AP_Logger_File.cpp[0m
[1945/2351] Compiling [32mlibraries/Filter/HarmonicNotchFilter.cpp[0m
[1946/2351] Compiling [32mlibraries/GCS_MAVLink/GCS_Dummy.cpp[0m
[1947/2351] Compiling [32mlibraries/GCS_MAVLink/GCS_MAVLink_Parameters.cpp[0m
[1948/2351] Compiling [32mlibraries/GCS_MAVLink/GCS_Fence.cpp[0m
[1949/2351] Compiling [32mlibraries/GCS_MAVLink/GCS.cpp[0m
[1950/2351] Compiling [32mlibraries/GCS_MAVLink/GCS_Common.cpp[0m
[1951/2351] Linking [33mbuild/sitl/lib/libArduSub_libs.a[0m
[1952/2351] Compiling [32mlibraries/RC_Channel/RC_Channel.cpp[0m
[1953/2351] Compiling [32mlibraries/StorageManager/StorageManager.cpp[0m
[1954/2351] Compiling [32mlibraries/AP_Frsky_Telem/AP_Frsky_SPort_Passthrough.cpp[0m
[1955/2351] Compiling [32mlibraries/AP_IBus_Telem/AP_IBus_Telem.cpp[0m
[1956/2351] Compiling [32mlibraries/AP_Relay/AP_Relay.cpp[0m
[1957/2351] Compiling [32mlibraries/AP_RCProtocol/AP_RCProtocol.cpp[0m
[1958/2351] Compiling [32mlibraries/AP_RCProtocol/AP_RCProtocol_CRSF.cpp[0m
[1959/2351] Compiling [32mlibraries/AP_RCProtocol/AP_RCProtocol_FPort.cpp[0m
[1960/2351] Compiling [32mlibraries/AP_RCProtocol/AP_RCProtocol_GHST.cpp[0m
[1961/2351] Compiling [32mlibraries/AP_RCProtocol/AP_RCProtocol_UDP.cpp[0m
[1962/2351] Compiling [32mlibraries/AP_RCProtocol/AP_RCProtocol_FPort2.cpp[0m
[1963/2351] Compiling [32mlibraries/AP_RCProtocol/AP_RCProtocol_SRXL2.cpp[0m
[1964/2351] Compiling [32mlibraries/AP_BLHeli/AP_BLHeli.cpp[0m
[1965/2351] Compiling [32mlibraries/AP_Proximity/AP_Proximity_Utils.cpp[0m
[1966/2351] Compiling [32mlibraries/AC_Fence/AC_Fence.cpp[0m
[1967/2351] Compiling [32mlibraries/AC_Fence/AC_PolyFence_loader.cpp[0m
[1968/2351] Compiling [32mlibraries/AC_Avoidance/AC_Avoid.cpp[0m
[1969/2351] Compiling [32mlibraries/AC_Avoidance/AP_OADatabase.cpp[0m
[1970/2351] Compiling [32mlibraries/AC_Avoidance/AP_OABendyRuler.cpp[0m
[1971/2351] Compiling [32mlibraries/AP_LandingGear/AP_LandingGear.cpp[0m
[1972/2351] Compiling [32mlibraries/AP_OSD/AP_OSD_ParamScreen.cpp[0m
[1973/2351] Compiling [32mlibraries/AP_OSD/AP_OSD_ParamSetting.cpp[0m
[1974/2351] Compiling [32mlibraries/AP_OSD/AP_OSD_Screen.cpp[0m
[1975/2351] Compiling [32mlibraries/AP_Filesystem/AP_Filesystem_posix.cpp[0m
[1976/2351] Compiling [32mlibraries/AP_ADSB/AP_ADSB.cpp[0m
[1977/2351] Compiling [32mlibraries/AP_ADSB/AP_ADSB_Sagetech_MXS.cpp[0m
[1978/2351] Compiling [32mlibraries/AP_ESC_Telem/AP_ESC_Telem_Backend.cpp[0m
[1979/2351] Compiling [32mlibraries/AP_GyroFFT/AP_GyroFFT.cpp[0m
[1980/2351] Compiling [32mlibraries/AP_RCTelemetry/AP_RCTelemetry.cpp[0m
[1981/2351] Compiling [32mlibraries/AP_RCTelemetry/AP_CRSF_Telem.cpp[0m
[1982/2351] Compiling [32mlibraries/AP_ExternalAHRS/AP_ExternalAHRS_InertialLabs.cpp[0m
[1983/2351] Compiling [32mlibraries/AP_ExternalAHRS/AP_ExternalAHRS_SBG.cpp[0m
[1984/2351] Compiling [32mlibraries/AP_TemperatureSensor/AP_TemperatureSensor.cpp[0m
[1985/2351] Compiling [32mlibraries/AP_AIS/AP_AIS.cpp[0m
[1986/2351] Compiling [32mlibraries/AP_Arming/AP_Arming.cpp[0m
[1987/2351] Compiling [32mlibraries/AP_Follow/AP_Follow.cpp[0m
[1988/2351] Compiling [32mlibraries/AC_AttitudeControl/AC_WeatherVane.cpp[0m
[1989/2351] Compiling [32mlibraries/AC_AttitudeControl/AC_AttitudeControl.cpp[0m
[1990/2351] Compiling [32mlibraries/AC_AttitudeControl/AC_PosControl.cpp[0m
[1991/2351] Compiling [32mlibraries/AC_PrecLand/AC_PrecLand.cpp[0m
[1992/2351] Compiling [32mlibraries/AP_HAL_SITL/SITL_cmdline.cpp[0m
[1993/2351] Compiling [32mlibraries/AP_HAL_SITL/Storage.cpp[0m
[1994/2351] Compiling [32mlibraries/AP_HAL_SITL/UARTDriver.cpp[0m
[1995/2351] Compiling [32mlibraries/SITL/SIM_Aircraft.cpp[0m
[1996/2351] Compiling [32mlibraries/SITL/SIM_XPlane.cpp[0m
[1997/2351] Compiling [32mlibraries/SITL/SITL.cpp[0m
[1998/2351] Compiling [32mlibraries/SITL/SIM_DroneCANDevice.cpp[0m
[1999/2351] Compiling [32mbuild/sitl/libraries/AP_Scripting/lua_generated_bindings.cpp[0m
[2000/2351] Compiling [32mlibraries/AP_Scripting/AP_Scripting_helpers.cpp[0m
[2001/2351] Compiling [32mlibraries/AP_Scripting/lua_scripts.cpp[0m
[2002/2351] Compiling [32mlibraries/AP_Scripting/lua_boxed_numerics.cpp[0m
[2003/2351] Compiling [32mlibraries/AP_Scripting/lua_bindings.cpp[0m
[2004/2351] Compiling [32mlibraries/AP_Scripting/AP_Scripting_CRSFMenu.cpp[0m
[2005/2351] Compiling [32mAntennaTracker/radio.cpp[0m
[2006/2351] Compiling [32mAntennaTracker/mode_scan.cpp[0m
[2007/2351] Compiling [32mAntennaTracker/mode_manual.cpp[0m
[2008/2351] Compiling [32mAntennaTracker/servos.cpp[0m
[2009/2351] Compiling [32mAntennaTracker/Tracker.cpp[0m
[2010/2351] Compiling [32mAntennaTracker/Log.cpp[0m
[2011/2351] Compiling [32mAntennaTracker/mode_guided.cpp[0m
[2012/2351] Compiling [32mAntennaTracker/Parameters.cpp[0m
[2013/2351] Compiling [32mAntennaTracker/tracking.cpp[0m
[2014/2351] Compiling [32mAntennaTracker/mode.cpp[0m
[2015/2351] Compiling [32mAntennaTracker/RC_Channel_Tracker.cpp[0m
[2016/2351] Compiling [32mAntennaTracker/GCS_MAVLink_Tracker.cpp[0m
[2017/2351] Compiling [32mAntennaTracker/system.cpp[0m
[2018/2351] Compiling [32mAntennaTracker/mode_servotest.cpp[0m
[2019/2351] Compiling [32mAntennaTracker/mode_auto.cpp[0m
[2020/2351] Compiling [32mAntennaTracker/GCS_Tracker.cpp[0m
[2021/2351] Compiling [32mAntennaTracker/sensors.cpp[0m
[2022/2351] Compiling [32mArduCopter/baro_ground_effect.cpp[0m
[2023/2351] Compiling [32mArduCopter/mode_sport.cpp[0m
[2024/2351] Compiling [32mArduCopter/mode.cpp[0m
[2025/2351] Compiling [32mArduCopter/mode_guided.cpp[0m
[2026/2351] Compiling [32mArduCopter/autoyaw.cpp[0m
[2027/2351] Compiling [32mArduCopter/mode_acro_heli.cpp[0m
[2028/2351] Compiling [32mArduCopter/esc_calibration.cpp[0m
[2029/2351] Compiling [32mArduCopter/Copter.cpp[0m
[2030/2351] Compiling [32mArduCopter/mode_flowhold.cpp[0m
[2031/2351] Compiling [32mArduCopter/mode_circle.cpp[0m
[2032/2351] Compiling [32mArduCopter/AP_Arming_Copter.cpp[0m
[2033/2351] Compiling [32mArduCopter/mode_follow.cpp[0m
[2034/2351] Compiling [32mArduCopter/UserCode.cpp[0m
[2035/2351] Compiling [32mArduCopter/Log.cpp[0m
[2036/2351] Compiling [32mArduCopter/takeoff.cpp[0m
[2037/2351] Compiling [32mArduCopter/afs_copter.cpp[0m
[2038/2351] Compiling [32mArduCopter/landing_gear.cpp[0m
[2039/2351] Compiling [32mArduCopter/mode_land.cpp[0m
[2040/2351] Compiling [32mArduCopter/mode_autotune.cpp[0m
[2041/2351] Compiling [32mArduCopter/mode_stabilize.cpp[0m
[2042/2351] Compiling [32mArduCopter/mode_guided_nogps.cpp[0m
[2043/2351] Compiling [32mArduCopter/mode_brake.cpp[0m
[2044/2351] Compiling [32mArduCopter/land_detector.cpp[0m
[2045/2351] Compiling [32mArduCopter/mode_autorotate.cpp[0m
[2046/2351] Compiling [32mArduCopter/mode_drift.cpp[0m
[2047/2351] Compiling [32mArduCopter/compassmot.cpp[0m
[2048/2351] Compiling [32mArduCopter/mode_smart_rtl.cpp[0m
[2049/2351] Compiling [32mArduCopter/mode_flip.cpp[0m
[2050/2351] Compiling [32mArduCopter/sensors.cpp[0m
[2051/2351] Compiling [32mArduCopter/ekf_check.cpp[0m
[2052/2351] Compiling [32mArduCopter/UserParameters.cpp[0m
[2053/2351] Compiling [32mArduCopter/tuning.cpp[0m
[2054/2351] Compiling [32mArduCopter/fence.cpp[0m
[2055/2351] Compiling [32mArduCopter/AP_ExternalControl_Copter.cpp[0m
[2056/2351] Compiling [32mArduCopter/heli.cpp[0m
[2057/2351] Compiling [32mArduCopter/mode_acro.cpp[0m
[2058/2351] Compiling [32mArduCopter/mode_guided_custom.cpp[0m
[2059/2351] Linking [33mbuild/sitl/bin/antennatracker[0m
[2060/2351] Compiling [32mArduCopter/Parameters.cpp[0m
[2061/2351] Compiling [32mArduCopter/motor_test.cpp[0m
[2062/2351] Compiling [32mArduCopter/mode_throw.cpp[0m
[2063/2351] Compiling [32mArduCopter/standby.cpp[0m
[2064/2351] Compiling [32mArduCopter/takeoff_check.cpp[0m
[2065/2351] Compiling [32mArduCopter/precision_landing.cpp[0m
[2066/2351] Compiling [32mArduCopter/mode_rtl.cpp[0m
[2067/2351] Compiling [32mArduCopter/Attitude.cpp[0m
[2068/2351] Compiling [32mArduCopter/GCS_MAVLink_Copter.cpp[0m
[2069/2351] Compiling [32mArduCopter/radio.cpp[0m
[2070/2351] Compiling [32mArduCopter/GCS_Copter.cpp[0m
[2071/2351] Compiling [32mArduCopter/surface_tracking.cpp[0m
[2072/2351] Compiling [32mArduCopter/mode_turtle.cpp[0m
[2073/2351] Compiling [32mArduCopter/mode_zigzag.cpp[0m
[2074/2351] Compiling [32mArduCopter/toy_mode.cpp[0m
[2075/2351] Compiling [32mArduCopter/commands.cpp[0m
[2076/2351] Compiling [32mArduCopter/mode_systemid.cpp[0m
[2077/2351] Compiling [32mArduCopter/system.cpp[0m
[2078/2351] Linking [33mbuild/sitl/lib/libBlimp_libs.a[0m
[2079/2351] Compiling [32mArduCopter/rate_thread.cpp[0m
[2080/2351] Compiling [32mArduCopter/inertia.cpp[0m
[2081/2351] Compiling [32mArduCopter/mode_loiter.cpp[0m
[2082/2351] Compiling [32mArduCopter/AP_State.cpp[0m
[2083/2351] Compiling [32mArduCopter/mode_poshold.cpp[0m
[2084/2351] Compiling [32mArduCopter/terrain.cpp[0m
[2085/2351] Compiling [32mArduCopter/mode_avoid_adsb.cpp[0m
[2086/2351] Compiling [32mArduCopter/crash_check.cpp[0m
[2087/2351] Compiling [32mArduCopter/navigation.cpp[0m
[2088/2351] Compiling [32mArduCopter/AP_Rally.cpp[0m
[2089/2351] Compiling [32mArduCopter/events.cpp[0m
[2090/2351] Compiling [32mArduCopter/failsafe.cpp[0m
[2091/2351] Compiling [32mArduCopter/mode_stabilize_heli.cpp[0m
[2092/2351] Compiling [32mArduCopter/mode_auto.cpp[0m
[2093/2351] Compiling [32mArduCopter/motors.cpp[0m
[2094/2351] Compiling [32mArduCopter/mode_althold.cpp[0m
[2095/2351] Compiling [32mArduCopter/avoidance.cpp[0m
[2096/2351] Compiling [32mArduCopter/RC_Channel_Copter.cpp[0m
[2097/2351] Compiling [32mArduCopter/avoidance_adsb.cpp[0m
[2098/2351] Compiling [32mArduCopter/mode_land.cpp[0m
[2099/2351] Compiling [32mArduCopter/tuning.cpp[0m
[2100/2351] Compiling [32mArduCopter/mode_turtle.cpp[0m
[2101/2351] Compiling [32mArduCopter/afs_copter.cpp[0m
[2102/2351] Compiling [32mArduCopter/mode.cpp[0m
[2103/2351] Compiling [32mArduCopter/motors.cpp[0m
[2104/2351] Compiling [32mArduCopter/mode_auto.cpp[0m
[2105/2351] Compiling [32mArduCopter/mode_sport.cpp[0m
[2106/2351] Compiling [32mArduCopter/toy_mode.cpp[0m
[2107/2351] Compiling [32mArduCopter/Parameters.cpp[0m
[2108/2351] Compiling [32mArduCopter/mode_avoid_adsb.cpp[0m
[2109/2351] Compiling [32mArduCopter/UserCode.cpp[0m
[2110/2351] Compiling [32mArduCopter/ekf_check.cpp[0m
[2111/2351] Compiling [32mArduCopter/mode_zigzag.cpp[0m
[2112/2351] Compiling [32mArduCopter/avoidance.cpp[0m
[2113/2351] Compiling [32mArduCopter/commands.cpp[0m
[2114/2351] Compiling [32mArduCopter/mode_acro.cpp[0m
[2115/2351] Compiling [32mArduCopter/Copter.cpp[0m
[2116/2351] Compiling [32mArduCopter/AP_State.cpp[0m
[2117/2351] Compiling [32mArduCopter/landing_gear.cpp[0m
[2118/2351] Compiling [32mArduCopter/inertia.cpp[0m
[2119/2351] Compiling [32mArduCopter/UserParameters.cpp[0m
[2120/2351] Compiling [32mArduCopter/AP_ExternalControl_Copter.cpp[0m
[2121/2351] Compiling [32mArduCopter/mode_stabilize.cpp[0m
[2122/2351] Compiling [32mArduCopter/failsafe.cpp[0m
[2123/2351] Compiling [32mArduCopter/mode_follow.cpp[0m
[2124/2351] Compiling [32mArduCopter/Log.cpp[0m
[2125/2351] Compiling [32mArduCopter/rate_thread.cpp[0m
[2126/2351] Compiling [32mArduCopter/fence.cpp[0m
[2127/2351] Compiling [32mArduCopter/system.cpp[0m
[2128/2351] Compiling [32mArduCopter/esc_calibration.cpp[0m
[2129/2351] Compiling [32mArduCopter/mode_flowhold.cpp[0m
[2130/2351] Compiling [32mArduCopter/events.cpp[0m
[2131/2351] Compiling [32mArduCopter/mode_guided_custom.cpp[0m
[2132/2351] Compiling [32mArduCopter/mode_autorotate.cpp[0m
[2133/2351] Compiling [32mArduCopter/GCS_Copter.cpp[0m
[2134/2351] Compiling [32mArduCopter/mode_acro_heli.cpp[0m
[2135/2351] Compiling [32mArduCopter/sensors.cpp[0m
[2136/2351] Compiling [32mArduCopter/mode_guided_nogps.cpp[0m
[2137/2351] Compiling [32mArduCopter/AP_Arming_Copter.cpp[0m
[2138/2351] Compiling [32mArduCopter/mode_stabilize_heli.cpp[0m
[2139/2351] Compiling [32mArduCopter/mode_guided.cpp[0m
[2140/2351] Compiling [32mArduCopter/precision_landing.cpp[0m
[2141/2351] Compiling [32mArduCopter/navigation.cpp[0m
[2142/2351] Compiling [32mArduCopter/mode_throw.cpp[0m
[2143/2351] Compiling [32mArduCopter/surface_tracking.cpp[0m
[2144/2351] Compiling [32mArduCopter/mode_althold.cpp[0m
[2145/2351] Compiling [32mArduCopter/standby.cpp[0m
[2146/2351] Linking [33mbuild/sitl/lib/libRover_libs.a[0m
[2147/2351] Compiling [32mArduCopter/mode_smart_rtl.cpp[0m
[2148/2351] Compiling [32mArduCopter/compassmot.cpp[0m
[2149/2351] Compiling [32mArduCopter/autoyaw.cpp[0m
[2150/2351] Compiling [32mArduCopter/Attitude.cpp[0m
[2151/2351] Compiling [32mArduCopter/radio.cpp[0m
[2152/2351] Linking [33mbuild/sitl/bin/arducopter[0m
[2153/2351] Compiling [32mArduCopter/mode_drift.cpp[0m
[2154/2351] Compiling [32mArduCopter/RC_Channel_Copter.cpp[0m
[2155/2351] Compiling [32mArduCopter/mode_rtl.cpp[0m
[2156/2351] Compiling [32mArduCopter/takeoff_check.cpp[0m
[2157/2351] Compiling [32mArduCopter/takeoff.cpp[0m
[2158/2351] Compiling [32mArduCopter/mode_autotune.cpp[0m
[2159/2351] Compiling [32mArduCopter/mode_brake.cpp[0m
[2160/2351] Compiling [32mArduCopter/mode_poshold.cpp[0m
[2161/2351] Compiling [32mArduCopter/avoidance_adsb.cpp[0m
[2162/2351] Compiling [32mArduCopter/mode_systemid.cpp[0m
[2163/2351] Compiling [32mArduCopter/motor_test.cpp[0m
[2164/2351] Compiling [32mArduCopter/crash_check.cpp[0m
[2165/2351] Compiling [32mArduCopter/mode_loiter.cpp[0m
[2166/2351] Compiling [32mArduCopter/terrain.cpp[0m
[2167/2351] Compiling [32mArduCopter/land_detector.cpp[0m
[2168/2351] Compiling [32mArduCopter/baro_ground_effect.cpp[0m
[2169/2351] Compiling [32mArduCopter/mode_flip.cpp[0m
[2170/2351] Compiling [32mArduCopter/heli.cpp[0m
[2171/2351] Compiling [32mArduCopter/GCS_MAVLink_Copter.cpp[0m
[2172/2351] Compiling [32mArduCopter/AP_Rally.cpp[0m
[2173/2351] Compiling [32mArduCopter/mode_circle.cpp[0m
[2174/2351] Compiling [32mArduPlane/pullup.cpp[0m
[2175/2351] Compiling [32mArduPlane/sensors.cpp[0m
[2176/2351] Compiling [32mArduPlane/soaring.cpp[0m
[2177/2351] Compiling [32mArduPlane/mode_qland.cpp[0m
[2178/2351] Compiling [32mArduPlane/GCS_Plane.cpp[0m
[2179/2351] Compiling [32mArduPlane/is_flying.cpp[0m
[2180/2351] Compiling [32mArduPlane/reverse_thrust.cpp[0m
[2181/2351] Compiling [32mArduPlane/control_modes.cpp[0m
[2182/2351] Compiling [32mArduPlane/mode_qacro.cpp[0m
[2183/2351] Compiling [32mArduPlane/Plane.cpp[0m
[2184/2351] Compiling [32mArduPlane/motor_test.cpp[0m
[2185/2351] Compiling [32mArduPlane/system.cpp[0m
[2186/2351] Compiling [32mArduPlane/commands.cpp[0m
[2187/2351] Compiling [32mArduPlane/mode_training.cpp[0m
[2188/2351] Compiling [32mArduPlane/mode.cpp[0m
[2189/2351] Compiling [32mArduPlane/mode_qstabilize.cpp[0m
[2190/2351] Compiling [32mArduPlane/avoidance_adsb.cpp[0m
[2191/2351] Compiling [32mArduPlane/parachute.cpp[0m
[2192/2351] Compiling [32mArduPlane/navigation.cpp[0m
[2193/2351] Compiling [32mArduPlane/mode_rtl.cpp[0m
[2194/2351] Compiling [32mArduPlane/ekf_check.cpp[0m
[2195/2351] Compiling [32mArduPlane/radio.cpp[0m
[2196/2351] Compiling [32mArduPlane/mode_acro.cpp[0m
[2197/2351] Compiling [32mArduPlane/takeoff.cpp[0m
[2198/2351] Compiling [32mArduPlane/mode_takeoff.cpp[0m
[2199/2351] Compiling [32mArduPlane/mode_fbwb.cpp[0m
[2200/2351] Compiling [32mArduPlane/mode_thermal.cpp[0m
[2201/2351] Compiling [32mArduPlane/mode_loiter.cpp[0m
[2202/2351] Compiling [32mArduPlane/mode_manual.cpp[0m
[2203/2351] Compiling [32mArduPlane/mode_qrtl.cpp[0m
[2204/2351] Compiling [32mArduPlane/tailsitter.cpp[0m
[2205/2351] Compiling [32mArduPlane/GCS_MAVLink_Plane.cpp[0m
[2206/2351] Compiling [32mArduPlane/Log.cpp[0m
[2207/2351] Compiling [32mArduPlane/mode_auto.cpp[0m
[2208/2351] Compiling [32mArduPlane/mode_circle.cpp[0m
[2209/2351] Compiling [32mArduPlane/Attitude.cpp[0m
[2210/2351] Linking [33mbuild/sitl/bin/arducopter-heli[0m
[2211/2351] Compiling [32mArduPlane/Parameters.cpp[0m
[2212/2351] Compiling [32mArduPlane/failsafe.cpp[0m
[2213/2351] Compiling [32mArduPlane/mode_guided.cpp[0m
[2214/2351] Compiling [32mArduPlane/mode_qloiter.cpp[0m
[2215/2351] Compiling [32mArduPlane/altitude.cpp[0m
[2216/2351] Compiling [32mArduPlane/VTOL_Assist.cpp[0m
[2217/2351] Compiling [32mArduPlane/tuning.cpp[0m
[2218/2351] Compiling [32mArduPlane/mode_cruise.cpp[0m
[2219/2351] Compiling [32mArduPlane/qautotune.cpp[0m
[2220/2351] Compiling [32mArduPlane/mode_fbwa.cpp[0m
[2221/2351] Compiling [32mArduPlane/commands_logic.cpp[0m
[2222/2351] Compiling [32mArduPlane/mode_LoiterAltQLand.cpp[0m
[2223/2351] Compiling [32mArduPlane/mode_autoland.cpp[0m
[2224/2351] Compiling [32mArduPlane/mode_stabilize.cpp[0m
[2225/2351] Compiling [32mArduPlane/servos.cpp[0m
[2226/2351] Compiling [32mArduPlane/fence.cpp[0m
[2227/2351] Compiling [32mArduPlane/events.cpp[0m
[2228/2351] Compiling [32mArduPlane/mode_avoidADSB.cpp[0m
[2229/2351] Compiling [32mArduPlane/mode_autotune.cpp[0m
[2230/2351] Compiling [32mArduPlane/quadplane.cpp[0m
[2231/2351] Compiling [32mArduPlane/AP_ExternalControl_Plane.cpp[0m
[2232/2351] Compiling [32mArduPlane/mode_qhover.cpp[0m
[2233/2351] Compiling [32mArduPlane/systemid.cpp[0m
[2234/2351] Compiling [32mArduPlane/tiltrotor.cpp[0m
[2235/2351] Compiling [32mArduPlane/RC_Channel_Plane.cpp[0m
[2236/2351] Compiling [32mArduPlane/afs_plane.cpp[0m
[2237/2351] Compiling [32mArduPlane/AP_Arming_Plane.cpp[0m
[2238/2351] Compiling [32mArduPlane/mode_qautotune.cpp[0m
[2239/2351] Compiling [32mArduSub/mode_circle.cpp[0m
[2240/2351] Compiling [32mArduSub/surface_bottom_detector.cpp[0m
[2241/2351] Compiling [32mArduSub/AP_Arming_Sub.cpp[0m
[2242/2351] Compiling [32mArduSub/script_button.cpp[0m
[2243/2351] Compiling [32mArduSub/mode_guided.cpp[0m
[2244/2351] Compiling [32mArduSub/mode_acro.cpp[0m
[2245/2351] Compiling [32mArduSub/mode_surftrak.cpp[0m
[2246/2351] Compiling [32mArduSub/radio.cpp[0m
[2247/2351] Compiling [32mArduSub/AP_State.cpp[0m
[2248/2351] Compiling [32mArduSub/commands.cpp[0m
[2249/2351] Compiling [32mArduSub/Log.cpp[0m
[2250/2351] Compiling [32mArduSub/UserCode.cpp[0m
[2251/2351] Compiling [32mArduSub/turn_counter.cpp[0m
[2252/2351] Compiling [32mArduSub/mode_surface.cpp[0m
[2253/2351] Compiling [32mArduSub/joystick.cpp[0m
[2254/2351] Compiling [32mArduSub/fence.cpp[0m
[2255/2351] Compiling [32mArduSub/failsafe.cpp[0m
[2256/2351] Compiling [32mArduSub/commands_logic.cpp[0m
[2257/2351] Compiling [32mArduSub/RC_Channel_Sub.cpp[0m
[2258/2351] Compiling [32mArduSub/mode_manual.cpp[0m
[2259/2351] Compiling [32mArduSub/mode_motordetect.cpp[0m
[2260/2351] Compiling [32mArduSub/mode_poshold.cpp[0m
[2261/2351] Compiling [32mArduSub/terrain.cpp[0m
[2262/2351] Compiling [32mArduSub/motors.cpp[0m
[2263/2351] Compiling [32mArduSub/mode_althold.cpp[0m
[2264/2351] Compiling [32mArduSub/Sub.cpp[0m
[2265/2351] Compiling [32mArduSub/mode_stabilize.cpp[0m
[2266/2351] Compiling [32mArduSub/GCS_MAVLink_Sub.cpp[0m
[2267/2351] Compiling [32mArduSub/Attitude.cpp[0m
[2268/2351] Compiling [32mArduSub/system.cpp[0m
[2269/2351] Compiling [32mArduSub/mode_auto.cpp[0m
[2270/2351] Compiling [32mArduSub/sensors.cpp[0m
[2271/2351] Compiling [32mArduSub/inertia.cpp[0m
[2272/2351] Compiling [32mArduSub/GCS_Sub.cpp[0m
[2273/2351] Compiling [32mArduSub/Parameters.cpp[0m
[2274/2351] Linking [33mbuild/sitl/bin/arduplane[0m
[2275/2351] Compiling [32mArduSub/mode.cpp[0m
[2276/2351] Compiling [32mArduSub/actuators.cpp[0m
[2277/2351] Compiling [32mBlimp/mode_manual.cpp[0m
[2278/2351] Compiling [32mBlimp/RC_Channel_Blimp.cpp[0m
[2279/2351] Compiling [32mBlimp/system.cpp[0m
[2280/2351] Compiling [32mBlimp/GCS_MAVLink_Blimp.cpp[0m
[2281/2351] Compiling [32mBlimp/radio.cpp[0m
[2282/2351] Compiling [32mBlimp/mode_land.cpp[0m
[2283/2351] Compiling [32mBlimp/mode_auto.cpp[0m
[2284/2351] Compiling [32mBlimp/GCS_Blimp.cpp[0m
[2285/2351] Compiling [32mBlimp/mode_loiter.cpp[0m
[2286/2351] Compiling [32mBlimp/ekf_check.cpp[0m
[2287/2351] Compiling [32mBlimp/Log.cpp[0m
[2288/2351] Compiling [32mBlimp/mode.cpp[0m
[2289/2351] Compiling [32mBlimp/motors.cpp[0m
[2290/2351] Compiling [32mBlimp/commands.cpp[0m
[2291/2351] Compiling [32mBlimp/Parameters.cpp[0m
[2292/2351] Compiling [32mBlimp/mode_hold.cpp[0m
[2293/2351] Compiling [32mBlimp/Fins.cpp[0m
[2294/2351] Compiling [32mBlimp/AP_State.cpp[0m
[2295/2351] Compiling [32mBlimp/sensors.cpp[0m
[2296/2351] Compiling [32mBlimp/failsafe.cpp[0m
[2297/2351] Compiling [32mBlimp/Loiter.cpp[0m
[2298/2351] Compiling [32mBlimp/AP_Arming_Blimp.cpp[0m
[2299/2351] Compiling [32mBlimp/mode_velocity.cpp[0m
[2300/2351] Compiling [32mBlimp/inertia.cpp[0m
[2301/2351] Compiling [32mBlimp/events.cpp[0m
[2302/2351] Compiling [32mBlimp/Blimp.cpp[0m
[2303/2351] Compiling [32mBlimp/mode_rtl.cpp[0m
[2304/2351] Compiling [32mRover/mode_circle.cpp[0m
[2305/2351] Compiling [32mRover/mode_manual.cpp[0m
[2306/2351] Compiling [32mRover/cruise_learn.cpp[0m
[2307/2351] Compiling [32mRover/fence.cpp[0m
[2308/2351] Compiling [32mRover/motor_test.cpp[0m
[2309/2351] Compiling [32mRover/mode_hold.cpp[0m
[2310/2351] Compiling [32mRover/ekf_check.cpp[0m
[2311/2351] Compiling [32mRover/mode_auto.cpp[0m
[2312/2351] Compiling [32mRover/failsafe.cpp[0m
[2313/2351] Compiling [32mRover/precision_landing.cpp[0m
[2314/2351] Compiling [32mRover/system.cpp[0m
[2315/2351] Linking [33mbuild/sitl/bin/ardusub[0m
[2316/2351] Compiling [32mRover/mode_simple.cpp[0m
[2317/2351] Compiling [32mRover/mode_loiter.cpp[0m
[2318/2351] Compiling [32mRover/balance_bot.cpp[0m
[2319/2351] Compiling [32mRover/Rover.cpp[0m
[2320/2351] Compiling [32mRover/mode_guided.cpp[0m
[2321/2351] Compiling [32mRover/mode_smart_rtl.cpp[0m
[2322/2351] Compiling [32mRover/Steering.cpp[0m
[2323/2351] Compiling [32mRover/Log.cpp[0m
[2324/2351] Compiling [32mRover/sensors.cpp[0m
[2325/2351] Compiling [32mRover/mode_follow.cpp[0m
[2326/2351] Compiling [32mRover/mode_acro.cpp[0m
[2327/2351] Compiling [32mRover/mode_rtl.cpp[0m
[2328/2351] Compiling [32mRover/AP_Arming_Rover.cpp[0m
[2329/2351] Compiling [32mRover/AP_ExternalControl_Rover.cpp[0m
[2330/2351] Compiling [32mRover/mode_dock.cpp[0m
[2331/2351] Compiling [32mRover/crash_check.cpp[0m
[2332/2351] Compiling [32mRover/radio.cpp[0m
[2333/2351] Compiling [32mRover/afs_rover.cpp[0m
[2334/2351] Compiling [32mRover/mode_steering.cpp[0m
[2335/2351] Compiling [32mRover/AP_Rally.cpp[0m
[2336/2351] Compiling [32mRover/Parameters.cpp[0m
[2337/2351] Compiling [32mRover/commands.cpp[0m
[2338/2351] Compiling [32mRover/GCS_Rover.cpp[0m
[2339/2351] Compiling [32mRover/sailboat.cpp[0m
[2340/2351] Compiling [32mRover/RC_Channel_Rover.cpp[0m
[2341/2351] Compiling [32mRover/GCS_MAVLink_Rover.cpp[0m
[2342/2351] Compiling [32mRover/mode.cpp[0m
[2343/2351] Linking [33mbuild/sitl/bin/blimp[0m
[2344/2351] checking symbols [36mbuild/sitl/bin/antennatracker[0m
[2345/2351] checking symbols [36mbuild/sitl/bin/arducopter[0m
[2346/2351] checking symbols [36mbuild/sitl/bin/arducopter-heli[0m
[2347/2351] checking symbols [36mbuild/sitl/bin/arduplane[0m
[2348/2351] Linking [33mbuild/sitl/bin/ardurover[0m
[2349/2351] checking symbols [36mbuild/sitl/bin/ardusub[0m
[2350/2351] checking symbols [36mbuild/sitl/bin/blimp[0m
[2351/2351] checking symbols [36mbuild/sitl/bin/ardurover[0m
[32mWaf: Leaving directory `/home/lh/Documents/joao_pessoa_2026/src/ardupilot/build/sitl'[0m
[32m[0m
[32m[0m[01;1mBUILD SUMMARY[0m
[32m[0m[01;1mBuild directory: [0m/home/lh/Documents/joao_pessoa_2026/src/ardupilot/build/sitl[0m
[32m[0m[01;1mTarget               Text (B)  Data (B)  BSS (B)  Total Flash Used (B)  Free Flash (B)  External Flash Used (B)[0m
---------------------------------------------------------------------------------------------------------------
bin/antennatracker    3412986    145901   260384               3558887  Not Applicable  Not Applicable         
bin/arducopter        4563538    215037   279392               4778575  Not Applicable  Not Applicable         
bin/arducopter-heli   4552986    216029   280320               4769015  Not Applicable  Not Applicable         
bin/arduplane         4520490    217845   277920               4738335  Not Applicable  Not Applicable         
bin/ardusub           4132494    188045   279840               4320539  Not Applicable  Not Applicable         
bin/blimp             3486914    150341   262880               3637255  Not Applicable  Not Applicable         
bin/ardurover         4224826    193549   277760               4418375  Not Applicable  Not Applicable         
[32m[0m
[32m'build' finished successfully (18.348s)[0m
Built target ardupilot_build
-- Install configuration: ""
-- Execute custom install script
-- Symlinking: /home/lh/Documents/joao_pessoa_2026/install/ardupilot_sitl/bin//antennatracker
-- Symlinking: /home/lh/Documents/joao_pessoa_2026/install/ardupilot_sitl/bin//arducopter
-- Symlinking: /home/lh/Documents/joao_pessoa_2026/install/ardupilot_sitl/bin//arducopter-heli
-- Symlinking: /home/lh/Documents/joao_pessoa_2026/install/ardupilot_sitl/bin//arduplane
-- Symlinking: /home/lh/Documents/joao_pessoa_2026/install/ardupilot_sitl/bin//ardurover
-- Symlinking: /home/lh/Documents/joao_pessoa_2026/install/ardupilot_sitl/bin//ardusub
-- Symlinking: /home/lh/Documents/joao_pessoa_2026/install/ardupilot_sitl/bin//blimp
-- Symlinking: /home/lh/Documents/joao_pessoa_2026/install/ardupilot_sitl/.//lib/libAntennaTracker_libs.a
-- Symlinking: /home/lh/Documents/joao_pessoa_2026/install/ardupilot_sitl/.//lib/libArduCopter_libs.a
-- Symlinking: /home/lh/Documents/joao_pessoa_2026/install/ardupilot_sitl/.//lib/libArduPlane_libs.a
-- Symlinking: /home/lh/Documents/joao_pessoa_2026/install/ardupilot_sitl/.//lib/libArduSub_libs.a
-- Symlinking: /home/lh/Documents/joao_pessoa_2026/install/ardupilot_sitl/.//lib/libBlimp_libs.a
-- Symlinking: /home/lh/Documents/joao_pessoa_2026/install/ardupilot_sitl/.//lib/libRover_libs.a
-- Symlinking: /home/lh/Documents/joao_pessoa_2026/install/ardupilot_sitl/.//lib/stqBSAK8
-- Symlinking: /home/lh/Documents/joao_pessoa_2026/install/ardupilot_sitl/share/ardupilot_sitl//launch/mavproxy.launch.py
-- Symlinking: /home/lh/Documents/joao_pessoa_2026/install/ardupilot_sitl/share/ardupilot_sitl//launch/micro_ros_agent.launch.py
-- Symlinking: /home/lh/Documents/joao_pessoa_2026/install/ardupilot_sitl/share/ardupilot_sitl//launch/sitl.launch.py
-- Symlinking: /home/lh/Documents/joao_pessoa_2026/install/ardupilot_sitl/share/ardupilot_sitl//launch/sitl_dds_serial.launch.py
-- Symlinking: /home/lh/Documents/joao_pessoa_2026/install/ardupilot_sitl/share/ardupilot_sitl//launch/sitl_dds_udp.launch.py
-- Symlinking: /home/lh/Documents/joao_pessoa_2026/install/ardupilot_sitl/share/ardupilot_sitl//launch/sitl_mavproxy.launch.py
-- Symlinking: /home/lh/Documents/joao_pessoa_2026/install/ardupilot_sitl/share/ardupilot_sitl//launch/virtual_ports.launch.py
-- Symlinking: /home/lh/Documents/joao_pessoa_2026/install/ardupilot_sitl/share/ardupilot_sitl/config/default_params/dds_serial.parm
-- Symlinking: /home/lh/Documents/joao_pessoa_2026/install/ardupilot_sitl/share/ardupilot_sitl/config/default_params/dds_udp.parm
-- Symlinking: /home/lh/Documents/joao_pessoa_2026/install/ardupilot_sitl/share/ardupilot_sitl/config/default_params/dds_use_ns.parm
-- Symlinking: /home/lh/Documents/joao_pessoa_2026/install/ardupilot_sitl/share/ardupilot_sitl/config//default_params/airsim-quadX.parm
-- Symlinking: /home/lh/Documents/joao_pessoa_2026/install/ardupilot_sitl/share/ardupilot_sitl/config//default_params/airsim-rover.parm
-- Symlinking: /home/lh/Documents/joao_pessoa_2026/install/ardupilot_sitl/share/ardupilot_sitl/config//default_params/balancebot.parm
-- Symlinking: /home/lh/Documents/joao_pessoa_2026/install/ardupilot_sitl/share/ardupilot_sitl/config//default_params/blimp-motor.parm
-- Symlinking: /home/lh/Documents/joao_pessoa_2026/install/ardupilot_sitl/share/ardupilot_sitl/config//default_params/blimp.parm
-- Symlinking: /home/lh/Documents/joao_pessoa_2026/install/ardupilot_sitl/share/ardupilot_sitl/config//default_params/copter-X.parm
-- Symlinking: /home/lh/Documents/joao_pessoa_2026/install/ardupilot_sitl/share/ardupilot_sitl/config//default_params/copter-beacon.parm
-- Symlinking: /home/lh/Documents/joao_pessoa_2026/install/ardupilot_sitl/share/ardupilot_sitl/config//default_params/copter-bfx.parm
-- Symlinking: /home/lh/Documents/joao_pessoa_2026/install/ardupilot_sitl/share/ardupilot_sitl/config//default_params/copter-coax.parm
-- Symlinking: /home/lh/Documents/joao_pessoa_2026/install/ardupilot_sitl/share/ardupilot_sitl/config//default_params/copter-cwx.parm
-- Symlinking: /home/lh/Documents/joao_pessoa_2026/install/ardupilot_sitl/share/ardupilot_sitl/config//default_params/copter-deca-cwx.parm
-- Symlinking: /home/lh/Documents/joao_pessoa_2026/install/ardupilot_sitl/share/ardupilot_sitl/config//default_params/copter-deca.parm
-- Symlinking: /home/lh/Documents/joao_pessoa_2026/install/ardupilot_sitl/share/ardupilot_sitl/config//default_params/copter-djix.parm
-- Symlinking: /home/lh/Documents/joao_pessoa_2026/install/ardupilot_sitl/share/ardupilot_sitl/config//default_params/copter-dodecahexa.parm
-- Symlinking: /home/lh/Documents/joao_pessoa_2026/install/ardupilot_sitl/share/ardupilot_sitl/config//default_params/copter-dotriaconta_octaquad_x.parm
-- Symlinking: /home/lh/Documents/joao_pessoa_2026/install/ardupilot_sitl/share/ardupilot_sitl/config//default_params/copter-gimbal.parm
-- Symlinking: /home/lh/Documents/joao_pessoa_2026/install/ardupilot_sitl/share/ardupilot_sitl/config//default_params/copter-gps-for-yaw-nmea.parm
-- Symlinking: /home/lh/Documents/joao_pessoa_2026/install/ardupilot_sitl/share/ardupilot_sitl/config//default_params/copter-gps-for-yaw.parm
-- Symlinking: /home/lh/Documents/joao_pessoa_2026/install/ardupilot_sitl/share/ardupilot_sitl/config//default_params/copter-heli-ddfptail.parm
-- Symlinking: /home/lh/Documents/joao_pessoa_2026/install/ardupilot_sitl/share/ardupilot_sitl/config//default_params/copter-heli-ddvptail.parm
-- Symlinking: /home/lh/Documents/joao_pessoa_2026/install/ardupilot_sitl/share/ardupilot_sitl/config//default_params/copter-heli-dual.parm
-- Symlinking: /home/lh/Documents/joao_pessoa_2026/install/ardupilot_sitl/share/ardupilot_sitl/config//default_params/copter-heli-gas.parm
-- Symlinking: /home/lh/Documents/joao_pessoa_2026/install/ardupilot_sitl/share/ardupilot_sitl/config//default_params/copter-heli.parm
-- Symlinking: /home/lh/Documents/joao_pessoa_2026/install/ardupilot_sitl/share/ardupilot_sitl/config//default_params/copter-hexa-cwx.parm
-- Symlinking: /home/lh/Documents/joao_pessoa_2026/install/ardupilot_sitl/share/ardupilot_sitl/config//default_params/copter-hexa-dji.parm
-- Symlinking: /home/lh/Documents/joao_pessoa_2026/install/ardupilot_sitl/share/ardupilot_sitl/config//default_params/copter-hexa.parm
-- Symlinking: /home/lh/Documents/joao_pessoa_2026/install/ardupilot_sitl/share/ardupilot_sitl/config//default_params/copter-hexadeca_octa.parm
-- Symlinking: /home/lh/Documents/joao_pessoa_2026/install/ardupilot_sitl/share/ardupilot_sitl/config//default_params/copter-hexadeca_octa_cwx.parm
-- Symlinking: /home/lh/Documents/joao_pessoa_2026/install/ardupilot_sitl/share/ardupilot_sitl/config//default_params/copter-octa-cwx.parm
-- Symlinking: /home/lh/Documents/joao_pessoa_2026/install/ardupilot_sitl/share/ardupilot_sitl/config//default_params/copter-octa-dji.parm
-- Symlinking: /home/lh/Documents/joao_pessoa_2026/install/ardupilot_sitl/share/ardupilot_sitl/config//default_params/copter-octa.parm
-- Symlinking: /home/lh/Documents/joao_pessoa_2026/install/ardupilot_sitl/share/ardupilot_sitl/config//default_params/copter-octaquad-cor.parm
-- Symlinking: /home/lh/Documents/joao_pessoa_2026/install/ardupilot_sitl/share/ardupilot_sitl/config//default_params/copter-octaquad-cw-cor.parm
-- Symlinking: /home/lh/Documents/joao_pessoa_2026/install/ardupilot_sitl/share/ardupilot_sitl/config//default_params/copter-octaquad-cwx.parm
-- Symlinking: /home/lh/Documents/joao_pessoa_2026/install/ardupilot_sitl/share/ardupilot_sitl/config//default_params/copter-octaquad.parm
-- Symlinking: /home/lh/Documents/joao_pessoa_2026/install/ardupilot_sitl/share/ardupilot_sitl/config//default_params/copter-optflow.parm
-- Symlinking: /home/lh/Documents/joao_pessoa_2026/install/ardupilot_sitl/share/ardupilot_sitl/config//default_params/copter-ppp-periph.parm
-- Symlinking: /home/lh/Documents/joao_pessoa_2026/install/ardupilot_sitl/share/ardupilot_sitl/config//default_params/copter-ppp.parm
-- Symlinking: /home/lh/Documents/joao_pessoa_2026/install/ardupilot_sitl/share/ardupilot_sitl/config//default_params/copter-rangefinder.parm
-- Symlinking: /home/lh/Documents/joao_pessoa_2026/install/ardupilot_sitl/share/ardupilot_sitl/config//default_params/copter-single.parm
-- Symlinking: /home/lh/Documents/joao_pessoa_2026/install/ardupilot_sitl/share/ardupilot_sitl/config//default_params/copter-tri.parm
-- Symlinking: /home/lh/Documents/joao_pessoa_2026/install/ardupilot_sitl/share/ardupilot_sitl/config//default_params/copter-vicon.parm
-- Symlinking: /home/lh/Documents/joao_pessoa_2026/install/ardupilot_sitl/share/ardupilot_sitl/config//default_params/copter-winch.parm
-- Symlinking: /home/lh/Documents/joao_pessoa_2026/install/ardupilot_sitl/share/ardupilot_sitl/config//default_params/copter-wind-estimates.parm
-- Symlinking: /home/lh/Documents/joao_pessoa_2026/install/ardupilot_sitl/share/ardupilot_sitl/config//default_params/copter-y6.parm
-- Symlinking: /home/lh/Documents/joao_pessoa_2026/install/ardupilot_sitl/share/ardupilot_sitl/config//default_params/copter.parm
-- Symlinking: /home/lh/Documents/joao_pessoa_2026/install/ardupilot_sitl/share/ardupilot_sitl/config//default_params/firefly.parm
-- Symlinking: /home/lh/Documents/joao_pessoa_2026/install/ardupilot_sitl/share/ardupilot_sitl/config//default_params/gazebo-iris.parm
-- Symlinking: /home/lh/Documents/joao_pessoa_2026/install/ardupilot_sitl/share/ardupilot_sitl/config//default_params/gazebo-zephyr.parm
-- Symlinking: /home/lh/Documents/joao_pessoa_2026/install/ardupilot_sitl/share/ardupilot_sitl/config//default_params/glider.parm
-- Symlinking: /home/lh/Documents/joao_pessoa_2026/install/ardupilot_sitl/share/ardupilot_sitl/config//default_params/motorboat.parm
-- Symlinking: /home/lh/Documents/joao_pessoa_2026/install/ardupilot_sitl/share/ardupilot_sitl/config//default_params/msposd.parm
-- Symlinking: /home/lh/Documents/joao_pessoa_2026/install/ardupilot_sitl/share/ardupilot_sitl/config//default_params/periph-ppp.parm
-- Symlinking: /home/lh/Documents/joao_pessoa_2026/install/ardupilot_sitl/share/ardupilot_sitl/config//default_params/periph.parm
-- Symlinking: /home/lh/Documents/joao_pessoa_2026/install/ardupilot_sitl/share/ardupilot_sitl/config//default_params/plane-dspoilers.parm
-- Symlinking: /home/lh/Documents/joao_pessoa_2026/install/ardupilot_sitl/share/ardupilot_sitl/config//default_params/plane-elevons.parm
-- Symlinking: /home/lh/Documents/joao_pessoa_2026/install/ardupilot_sitl/share/ardupilot_sitl/config//default_params/plane-ice.parm
-- Symlinking: /home/lh/Documents/joao_pessoa_2026/install/ardupilot_sitl/share/ardupilot_sitl/config//default_params/plane-jet.parm
-- Symlinking: /home/lh/Documents/joao_pessoa_2026/install/ardupilot_sitl/share/ardupilot_sitl/config//default_params/plane-jsbsim.parm
-- Symlinking: /home/lh/Documents/joao_pessoa_2026/install/ardupilot_sitl/share/ardupilot_sitl/config//default_params/plane-redundant.parm
-- Symlinking: /home/lh/Documents/joao_pessoa_2026/install/ardupilot_sitl/share/ardupilot_sitl/config//default_params/plane-soaring.parm
-- Symlinking: /home/lh/Documents/joao_pessoa_2026/install/ardupilot_sitl/share/ardupilot_sitl/config//default_params/plane-tailsitter.parm
-- Symlinking: /home/lh/Documents/joao_pessoa_2026/install/ardupilot_sitl/share/ardupilot_sitl/config//default_params/plane-vtail.parm
-- Symlinking: /home/lh/Documents/joao_pessoa_2026/install/ardupilot_sitl/share/ardupilot_sitl/config//default_params/quad-can.parm
-- Symlinking: /home/lh/Documents/joao_pessoa_2026/install/ardupilot_sitl/share/ardupilot_sitl/config//default_params/quad-periph.parm
-- Symlinking: /home/lh/Documents/joao_pessoa_2026/install/ardupilot_sitl/share/ardupilot_sitl/config//default_params/quadplane-can.parm
-- Symlinking: /home/lh/Documents/joao_pessoa_2026/install/ardupilot_sitl/share/ardupilot_sitl/config//default_params/quadplane-cl84.parm
-- Symlinking: /home/lh/Documents/joao_pessoa_2026/install/ardupilot_sitl/share/ardupilot_sitl/config//default_params/quadplane-copter_tailsitter.parm
-- Symlinking: /home/lh/Documents/joao_pessoa_2026/install/ardupilot_sitl/share/ardupilot_sitl/config//default_params/quadplane-ice.parm
-- Symlinking: /home/lh/Documents/joao_pessoa_2026/install/ardupilot_sitl/share/ardupilot_sitl/config//default_params/quadplane-periph.parm
-- Symlinking: /home/lh/Documents/joao_pessoa_2026/install/ardupilot_sitl/share/ardupilot_sitl/config//default_params/quadplane-ppp-periph.parm
-- Symlinking: /home/lh/Documents/joao_pessoa_2026/install/ardupilot_sitl/share/ardupilot_sitl/config//default_params/quadplane-ppp.parm
-- Symlinking: /home/lh/Documents/joao_pessoa_2026/install/ardupilot_sitl/share/ardupilot_sitl/config//default_params/quadplane-tilt.parm
-- Symlinking: /home/lh/Documents/joao_pessoa_2026/install/ardupilot_sitl/share/ardupilot_sitl/config//default_params/quadplane-tilthvec.parm
-- Symlinking: /home/lh/Documents/joao_pessoa_2026/install/ardupilot_sitl/share/ardupilot_sitl/config//default_params/quadplane-tilttri.parm
-- Symlinking: /home/lh/Documents/joao_pessoa_2026/install/ardupilot_sitl/share/ardupilot_sitl/config//default_params/quadplane-tilttrivec.parm
-- Symlinking: /home/lh/Documents/joao_pessoa_2026/install/ardupilot_sitl/share/ardupilot_sitl/config//default_params/quadplane-tri.parm
-- Symlinking: /home/lh/Documents/joao_pessoa_2026/install/ardupilot_sitl/share/ardupilot_sitl/config//default_params/quadplane.parm
-- Symlinking: /home/lh/Documents/joao_pessoa_2026/install/ardupilot_sitl/share/ardupilot_sitl/config//default_params/rover-omni3mecanum.parm
-- Symlinking: /home/lh/Documents/joao_pessoa_2026/install/ardupilot_sitl/share/ardupilot_sitl/config//default_params/rover-skid.parm
-- Symlinking: /home/lh/Documents/joao_pessoa_2026/install/ardupilot_sitl/share/ardupilot_sitl/config//default_params/rover-vectored.parm
-- Symlinking: /home/lh/Documents/joao_pessoa_2026/install/ardupilot_sitl/share/ardupilot_sitl/config//default_params/rover.parm
-- Symlinking: /home/lh/Documents/joao_pessoa_2026/install/ardupilot_sitl/share/ardupilot_sitl/config//default_params/sailboat-motor.parm
-- Symlinking: /home/lh/Documents/joao_pessoa_2026/install/ardupilot_sitl/share/ardupilot_sitl/config//default_params/sailboat.parm
-- Symlinking: /home/lh/Documents/joao_pessoa_2026/install/ardupilot_sitl/share/ardupilot_sitl/config//default_params/stratoblimp.parm
-- Symlinking: /home/lh/Documents/joao_pessoa_2026/install/ardupilot_sitl/share/ardupilot_sitl/config//default_params/sub-6dof.parm
-- Symlinking: /home/lh/Documents/joao_pessoa_2026/install/ardupilot_sitl/share/ardupilot_sitl/config//default_params/sub-gps-for-yaw-nmea.parm
-- Symlinking: /home/lh/Documents/joao_pessoa_2026/install/ardupilot_sitl/share/ardupilot_sitl/config//default_params/sub.parm
-- Symlinking: /home/lh/Documents/joao_pessoa_2026/install/ardupilot_sitl/share/ardupilot_sitl/config//default_params/tracker-gps-for-yaw.parm
-- Symlinking: /home/lh/Documents/joao_pessoa_2026/install/ardupilot_sitl/share/ardupilot_sitl/config//models/Callisto.json
-- Symlinking: /home/lh/Documents/joao_pessoa_2026/install/ardupilot_sitl/share/ardupilot_sitl/config//models/Callisto.parm
-- Symlinking: /home/lh/Documents/joao_pessoa_2026/install/ardupilot_sitl/share/ardupilot_sitl/config//models/freestyle.json
-- Symlinking: /home/lh/Documents/joao_pessoa_2026/install/ardupilot_sitl/share/ardupilot_sitl/config//models/freestyle.parm
-- Symlinking: /home/lh/Documents/joao_pessoa_2026/install/ardupilot_sitl/share/ardupilot_sitl/config//models/plane-3d.parm
-- Symlinking: /home/lh/Documents/joao_pessoa_2026/install/ardupilot_sitl/share/ardupilot_sitl/config//models/plane.parm
-- Symlinking: /home/lh/Documents/joao_pessoa_2026/install/ardupilot_sitl/share/ardupilot_sitl/config//models/skywalker_2013.json
-- Symlinking: /home/lh/Documents/joao_pessoa_2026/install/ardupilot_sitl/share/ardupilot_sitl/config//models/xplane_heli.json
-- Symlinking: /home/lh/Documents/joao_pessoa_2026/install/ardupilot_sitl/share/ardupilot_sitl/config//models/xplane_plane.json
-- Symlinking: /home/lh/Documents/joao_pessoa_2026/install/ardupilot_sitl/share/ardupilot_sitl/environment/pythonpath.sh
-- Symlinking: /home/lh/Documents/joao_pessoa_2026/install/ardupilot_sitl/share/ardupilot_sitl/environment/pythonpath.dsv
-- Symlinking: /home/lh/Documents/joao_pessoa_2026/install/ardupilot_sitl/local/lib/python3.10/dist-packages/ardupilot_sitl-0.0.0-py3.10.egg-info/PKG-INFO
-- Symlinking: /home/lh/Documents/joao_pessoa_2026/install/ardupilot_sitl/local/lib/python3.10/dist-packages/ardupilot_sitl-0.0.0-py3.10.egg-info/SOURCES.txt
-- Symlinking: /home/lh/Documents/joao_pessoa_2026/install/ardupilot_sitl/local/lib/python3.10/dist-packages/ardupilot_sitl-0.0.0-py3.10.egg-info/dependency_links.txt
-- Symlinking: /home/lh/Documents/joao_pessoa_2026/install/ardupilot_sitl/local/lib/python3.10/dist-packages/ardupilot_sitl-0.0.0-py3.10.egg-info/top_level.txt
-- Symlinking: /home/lh/Documents/joao_pessoa_2026/install/ardupilot_sitl/local/lib/python3.10/dist-packages/ardupilot_sitl/__init__.py
-- Symlinking: /home/lh/Documents/joao_pessoa_2026/install/ardupilot_sitl/local/lib/python3.10/dist-packages/ardupilot_sitl/actions.py
-- Symlinking: /home/lh/Documents/joao_pessoa_2026/install/ardupilot_sitl/local/lib/python3.10/dist-packages/ardupilot_sitl/launch.py
-- Symlinking: /home/lh/Documents/joao_pessoa_2026/install/ardupilot_sitl/local/lib/python3.10/dist-packages/ardupilot_sitl/utilities.py
-- Symlinking: /home/lh/Documents/joao_pessoa_2026/install/ardupilot_sitl/share/ament_index/resource_index/package_run_dependencies/ardupilot_sitl
-- Symlinking: /home/lh/Documents/joao_pessoa_2026/install/ardupilot_sitl/share/ament_index/resource_index/parent_prefix_path/ardupilot_sitl
-- Symlinking: /home/lh/Documents/joao_pessoa_2026/install/ardupilot_sitl/share/ardupilot_sitl/environment/ament_prefix_path.sh
-- Symlinking: /home/lh/Documents/joao_pessoa_2026/install/ardupilot_sitl/share/ardupilot_sitl/environment/ament_prefix_path.dsv
-- Symlinking: /home/lh/Documents/joao_pessoa_2026/install/ardupilot_sitl/share/ardupilot_sitl/environment/path.sh
-- Symlinking: /home/lh/Documents/joao_pessoa_2026/install/ardupilot_sitl/share/ardupilot_sitl/environment/path.dsv
-- Symlinking: /home/lh/Documents/joao_pessoa_2026/install/ardupilot_sitl/share/ardupilot_sitl/local_setup.bash
-- Symlinking: /home/lh/Documents/joao_pessoa_2026/install/ardupilot_sitl/share/ardupilot_sitl/local_setup.sh
-- Symlinking: /home/lh/Documents/joao_pessoa_2026/install/ardupilot_sitl/share/ardupilot_sitl/local_setup.zsh
-- Symlinking: /home/lh/Documents/joao_pessoa_2026/install/ardupilot_sitl/share/ardupilot_sitl/local_setup.dsv
-- Symlinking: /home/lh/Documents/joao_pessoa_2026/install/ardupilot_sitl/share/ardupilot_sitl/package.dsv
-- Symlinking: /home/lh/Documents/joao_pessoa_2026/install/ardupilot_sitl/share/ament_index/resource_index/packages/ardupilot_sitl
-- Symlinking: /home/lh/Documents/joao_pessoa_2026/install/ardupilot_sitl/share/ardupilot_sitl/cmake/ardupilot_sitlConfig.cmake
-- Symlinking: /home/lh/Documents/joao_pessoa_2026/install/ardupilot_sitl/share/ardupilot_sitl/cmake/ardupilot_sitlConfig-version.cmake
-- Symlinking: /home/lh/Documents/joao_pessoa_2026/install/ardupilot_sitl/share/ardupilot_sitl/package.xml
Listing '/home/lh/Documents/joao_pessoa_2026/install/ardupilot_sitl/local/lib/python3.10/dist-packages/ardupilot_sitl'...
Compiling '/home/lh/Documents/joao_pessoa_2026/install/ardupilot_sitl/local/lib/python3.10/dist-packages/ardupilot_sitl/__init__.py'...
Compiling '/home/lh/Documents/joao_pessoa_2026/install/ardupilot_sitl/local/lib/python3.10/dist-packages/ardupilot_sitl/actions.py'...
Compiling '/home/lh/Documents/joao_pessoa_2026/install/ardupilot_sitl/local/lib/python3.10/dist-packages/ardupilot_sitl/launch.py'...
Compiling '/home/lh/Documents/joao_pessoa_2026/install/ardupilot_sitl/local/lib/python3.10/dist-packages/ardupilot_sitl/utilities.py'...
