[0.007s] Invoking command in '/home/lh/Documents/joao_pessoa_2026/build/ardupilot_sitl': CMAKE_PREFIX_PATH=/home/lh/Documents/joao_pessoa_2026/install/micro_ros_agent:/home/lh/Documents/joao_pessoa_2026/install/micro_ros_msgs:/home/lh/Documents/joao_pessoa_2026/install/ardupilot_msgs:/home/lh/Documents/joao_pessoa_2026/install/ardupilot_sitl:/home/lh/Documents/joao_pessoa_2026/install/biguasim_interfaces:/home/lh/Documents/joao_pessoa_2026/install/ardupilot_dds_tests:/home/lh/Documents/joao_pessoa_2026/install/biguasim_main:/opt/ros/humble LD_LIBRARY_PATH=/home/lh/Documents/joao_pessoa_2026/install/micro_ros_agent/lib:/home/lh/Documents/joao_pessoa_2026/install/micro_ros_msgs/lib:/home/lh/Documents/joao_pessoa_2026/install/ardupilot_msgs/lib:/home/lh/Documents/joao_pessoa_2026/install/biguasim_interfaces/lib:/opt/ros/humble/opt/rviz_ogre_vendor/lib:/opt/ros/humble/lib/x86_64-linux-gnu:/opt/ros/humble/lib /usr/bin/cmake /home/lh/Documents/joao_pessoa_2026/src/ardupilot/Tools/ros2/ardupilot_sitl -DAMENT_CMAKE_SYMLINK_INSTALL=1 -DCMAKE_INSTALL_PREFIX=/home/lh/Documents/joao_pessoa_2026/install/ardupilot_sitl
[0.038s] -- The C compiler identification is GNU 11.4.0
[0.069s] -- The CXX compiler identification is GNU 11.4.0
[0.074s] -- Detecting C compiler ABI info
[0.107s] -- Detecting C compiler ABI info - done
[0.112s] -- Check for working C compiler: /usr/lib/ccache/cc - skipped
[0.113s] -- Detecting C compile features
[0.113s] -- Detecting C compile features - done
[0.114s] -- Detecting CXX compiler ABI info
[0.153s] -- Detecting CXX compiler ABI info - done
[0.157s] -- Check for working CXX compiler: /usr/lib/ccache/c++ - skipped
[0.158s] -- Detecting CXX compile features
[0.158s] -- Detecting CXX compile features - done
[0.159s] -- Found ament_cmake: 1.3.14 (/opt/ros/humble/share/ament_cmake/cmake)
[0.243s] -- Found Python3: /usr/bin/python3 (found version "3.10.12") found components: Interpreter 
[0.276s] -- Override CMake install command with custom implementation using symlinks instead of copying resources
[0.287s] -- WAF_COMMAND: /home/lh/Documents/joao_pessoa_2026/src/ardupilot/waf
[0.331s] -- Found ament_lint_auto: 0.12.15 (/opt/ros/humble/share/ament_lint_auto/cmake)
[0.369s] -- Added test 'black' to check Python code style
[0.369s] -- Added test 'copyright' to check source files copyright and LICENSE
[0.370s] -- Added test 'lint_cmake' to check CMake code style
[0.370s] -- Added test 'pep257' to check Python code against some of the docstring style conventions in PEP 257
[0.370s] -- Added test 'xmllint' to check XML markup files
[0.371s] -- Configuring done
[0.373s] -- Generating done
[0.374s] -- Build files have been written to: /home/lh/Documents/joao_pessoa_2026/build/ardupilot_sitl
[0.376s] Invoked command in '/home/lh/Documents/joao_pessoa_2026/build/ardupilot_sitl' returned '0': CMAKE_PREFIX_PATH=/home/lh/Documents/joao_pessoa_2026/install/micro_ros_agent:/home/lh/Documents/joao_pessoa_2026/install/micro_ros_msgs:/home/lh/Documents/joao_pessoa_2026/install/ardupilot_msgs:/home/lh/Documents/joao_pessoa_2026/install/ardupilot_sitl:/home/lh/Documents/joao_pessoa_2026/install/biguasim_interfaces:/home/lh/Documents/joao_pessoa_2026/install/ardupilot_dds_tests:/home/lh/Documents/joao_pessoa_2026/install/biguasim_main:/opt/ros/humble LD_LIBRARY_PATH=/home/lh/Documents/joao_pessoa_2026/install/micro_ros_agent/lib:/home/lh/Documents/joao_pessoa_2026/install/micro_ros_msgs/lib:/home/lh/Documents/joao_pessoa_2026/install/ardupilot_msgs/lib:/home/lh/Documents/joao_pessoa_2026/install/biguasim_interfaces/lib:/opt/ros/humble/opt/rviz_ogre_vendor/lib:/opt/ros/humble/lib/x86_64-linux-gnu:/opt/ros/humble/lib /usr/bin/cmake /home/lh/Documents/joao_pessoa_2026/src/ardupilot/Tools/ros2/ardupilot_sitl -DAMENT_CMAKE_SYMLINK_INSTALL=1 -DCMAKE_INSTALL_PREFIX=/home/lh/Documents/joao_pessoa_2026/install/ardupilot_sitl
[0.377s] Invoking command in '/home/lh/Documents/joao_pessoa_2026/build/ardupilot_sitl': CMAKE_PREFIX_PATH=/home/lh/Documents/joao_pessoa_2026/install/micro_ros_agent:/home/lh/Documents/joao_pessoa_2026/install/micro_ros_msgs:/home/lh/Documents/joao_pessoa_2026/install/ardupilot_msgs:/home/lh/Documents/joao_pessoa_2026/install/ardupilot_sitl:/home/lh/Documents/joao_pessoa_2026/install/biguasim_interfaces:/home/lh/Documents/joao_pessoa_2026/install/ardupilot_dds_tests:/home/lh/Documents/joao_pessoa_2026/install/biguasim_main:/opt/ros/humble LD_LIBRARY_PATH=/home/lh/Documents/joao_pessoa_2026/install/micro_ros_agent/lib:/home/lh/Documents/joao_pessoa_2026/install/micro_ros_msgs/lib:/home/lh/Documents/joao_pessoa_2026/install/ardupilot_msgs/lib:/home/lh/Documents/joao_pessoa_2026/install/biguasim_interfaces/lib:/opt/ros/humble/opt/rviz_ogre_vendor/lib:/opt/ros/humble/lib/x86_64-linux-gnu:/opt/ros/humble/lib /usr/bin/cmake --build /home/lh/Documents/joao_pessoa_2026/build/ardupilot_sitl -- -j32 -l32
[0.411s] Built target ament_cmake_python_symlink_ardupilot_sitl
[0.445s] [33minvalid lock file in /home/lh/Documents/joao_pessoa_2026/src/ardupilot[0m
[0.525s] [32m[0mSetting top to                           :[0m [0m[32m[32m/home/lh/Documents/joao_pessoa_2026/src/ardupilot[0m [0m
[0.525s] [32m[0mSetting out to                           :[0m [0m[32m[32m/home/lh/Documents/joao_pessoa_2026/src/ardupilot/build[0m [0m
[0.527s] [32m[0mAutoconfiguration                        :[0m [0m[32m[32menabled[0m [0m
[0.527s] [32m[0mChecking for program 'python'            :[0m [0m[32m[32m/usr/bin/python3[0m [0m
[0.541s] running egg_info
[0.541s] creating ardupilot_sitl.egg-info
[0.541s] writing ardupilot_sitl.egg-info/PKG-INFO
[0.541s] writing dependency_links to ardupilot_sitl.egg-info/dependency_links.txt
[0.541s] writing top-level names to ardupilot_sitl.egg-info/top_level.txt
[0.541s] writing manifest file 'ardupilot_sitl.egg-info/SOURCES.txt'
[0.542s] reading manifest file 'ardupilot_sitl.egg-info/SOURCES.txt'
[0.543s] writing manifest file 'ardupilot_sitl.egg-info/SOURCES.txt'
[0.556s] Built target ament_cmake_python_build_ardupilot_sitl_egg
[0.578s] [32m[0mChecking for python version >= 3.9.0     :[0m [0m[32m[32m3.10.12[0m [0m
[0.579s] [32m[0mSetting board to                         :[0m [0m[32m[32msitl[0m [0m
[0.580s] Processing /home/lh/Documents/joao_pessoa_2026/src/ardupilot/libraries/AP_HAL_SITL/hwdef/sitl/hwdef.dat
[0.580s] Writing hwdef setup in /home/lh/Documents/joao_pessoa_2026/src/ardupilot/build/sitl/hwdef.h
[0.581s] [32m[0mUsing toolchain                          :[0m [0m[32m[32mnative[0m [0m
[0.593s] [32m[0mChecking for 'g++' (C++ compiler)        :[0m [0m[32m[32m/usr/lib/ccache/g++[0m [0m
[0.607s] [32m[0mChecking for 'gcc' (C compiler)          :[0m [0m[32m[32m/usr/lib/ccache/gcc[0m [0m
[0.611s] [32m[0mChecking for c flags '-MMD'              :[0m [0m[32m[32myes[0m [0m
[0.614s] [32m[0mChecking for cxx flags '-MMD'            :[0m [0m[32m[32myes[0m [0m
[0.615s] [32m[0mCXX Compiler                             :[0m [0m[32m[32mg++ 11.4.0[0m [0m
[0.633s] [32m[0mChecking for need to link with librt     :[0m [0m[32m[32mnot necessary[0m [0m
[0.655s] [32m[0mChecking for feenableexcept              :[0m [0m[32m[32myes[0m [0m
[0.655s] [32m[0mEnabling -Werror                         :[0m [0m[32m[32myes[0m [0m
[0.656s] [32m[0mEnabled OpenDroneID                      :[0m [0m[32m[33mno[0m [0m
[0.656s] [32m[0mEnabled firmware ID checking             :[0m [0m[32m[33mno[0m [0m
[0.656s] [32m[0mGPS Debug Logging                        :[0m [0m[32m[33mno[0m [0m
[0.656s] [32m[0mEnabled custom controller                :[0m [0m[32m[32myes[0m [0m
[0.656s] [32m[0mEnabled DDS                              :[0m [0m[32m[32myes[0m [0m
[0.678s] [32m[0mChecking for HAVE_CMATH_ISFINITE         :[0m [0m[32m[32myes[0m [0m
[0.697s] [32m[0mChecking for HAVE_CMATH_ISINF            :[0m [0m[32m[32myes[0m [0m
[0.719s] [32m[0mChecking for HAVE_CMATH_ISNAN            :[0m [0m[32m[32myes[0m [0m
[0.742s] [32m[0mChecking for NEED_CMATH_ISFINITE_STD_NAMESPACE :[0m [0m[32m[32myes[0m [0m
[0.762s] [32m[0mChecking for NEED_CMATH_ISINF_STD_NAMESPACE    :[0m [0m[32m[32myes[0m [0m
[0.784s] [32m[0mChecking for NEED_CMATH_ISNAN_STD_NAMESPACE    :[0m [0m[32m[32myes[0m [0m
[0.806s] [32m[0mChecking for header endian.h                   :[0m [0m[32m[32myes[0m [0m
[0.826s] [32m[0mChecking for header byteswap.h                 :[0m [0m[32m[32myes[0m [0m
[0.847s] [32m[0mChecking for HAVE_MEMRCHR                      :[0m [0m[32m[32myes[0m [0m
[0.848s] [32m[0mConfigured VSCode Intellisense:                :[0m [0m[32m[33mno[0m [0m
[0.849s] [32m[0mDC_DSDL compiler in                            :[0m [0m[32m[32m/home/lh/Documents/joao_pessoa_2026/src/ardupilot/modules/DroneCAN/dronecan_dsdlc[0m [0m
[0.849s] [32m[0mSource is git repository                       :[0m [0m[32m[32myes[0m [0m
[0.849s] [32m[0mUpdate submodules                              :[0m [0m[32m[32myes[0m [0m
[0.850s] [32m[0mChecking for program 'git'                     :[0m [0m[32m[32m/usr/bin/git[0m [0m
[0.850s] [32m[0mLittlefs                                       :[0m [0m[32m[33mdisabled[0m [0m
[0.850s] [32m[0mChecking for program 'size'                    :[0m [0m[32m[32m/usr/bin/size[0m [0m
[0.850s] [32m[0mBenchmarks                                     :[0m [0m[32m[33mdisabled[0m [0m
[0.850s] [32m[0mUnit tests                                     :[0m [0m[32m[32menabled[0m [0m
[0.850s] [32m[0mScripting                                      :[0m [0m[32m[32mmaybe[0m [0m
[0.856s] [32m[0mChecking for program 'microxrceddsgen'         :[0m [0m[32m[32m/home/lh/Micro-XRCE-DDS-Gen/scripts/microxrceddsgen[0m [0m
[0.860s] [32m[0mScripting runtime checks                       :[0m [0m[32m[32menabled[0m [0m
[0.860s] [32m[0mDebug build                                    :[0m [0m[32m[33mdisabled[0m [0m
[0.860s] [32m[0mCoverage build                                 :[0m [0m[32m[33mdisabled[0m [0m
[0.860s] [32m[0mConsistent build                               :[0m [0m[32m[33mdisabled[0m [0m
[0.860s] [32m[0mForce 32-bit build                             :[0m [0m[32m[33mdisabled[0m [0m
[0.860s] [32m[0mChecking for program 'rsync'                   :[0m [0m[32m[32m/usr/bin/rsync[0m [0m
[0.861s] [32mRemoving target_list file /home/lh/Documents/joao_pessoa_2026/src/ardupilot/build/sitl/target_list[0m
[0.878s] [32m'configure' finished successfully (0.354s)[0m
[0.904s] Built target ardupilot_configure
[1.075s] [32mWaf: Entering directory `/home/lh/Documents/joao_pessoa_2026/src/ardupilot/build/sitl'[0m
[1.131s] Embedding file default_params/airsim-quadX.parm:Tools/autotest/default_params/airsim-quadX.parm
[1.131s] Embedding file default_params/airsim-rover.parm:Tools/autotest/default_params/airsim-rover.parm
[1.131s] Embedding file default_params/balancebot.parm:Tools/autotest/default_params/balancebot.parm
[1.131s] Embedding file default_params/blimp-motor.parm:Tools/autotest/default_params/blimp-motor.parm
[1.131s] Embedding file default_params/blimp.parm:Tools/autotest/default_params/blimp.parm
[1.131s] Embedding file default_params/copter-X.parm:Tools/autotest/default_params/copter-X.parm
[1.131s] Embedding file default_params/copter-beacon.parm:Tools/autotest/default_params/copter-beacon.parm
[1.131s] Embedding file default_params/copter-bfx.parm:Tools/autotest/default_params/copter-bfx.parm
[1.131s] Embedding file default_params/copter-coax.parm:Tools/autotest/default_params/copter-coax.parm
[1.131s] Embedding file default_params/copter-cwx.parm:Tools/autotest/default_params/copter-cwx.parm
[1.131s] Embedding file default_params/copter-deca-cwx.parm:Tools/autotest/default_params/copter-deca-cwx.parm
[1.131s] Embedding file default_params/copter-deca.parm:Tools/autotest/default_params/copter-deca.parm
[1.131s] Embedding file default_params/copter-djix.parm:Tools/autotest/default_params/copter-djix.parm
[1.131s] Embedding file default_params/copter-dodecahexa.parm:Tools/autotest/default_params/copter-dodecahexa.parm
[1.131s] Embedding file default_params/copter-dotriaconta_octaquad_x.parm:Tools/autotest/default_params/copter-dotriaconta_octaquad_x.parm
[1.131s] Embedding file default_params/copter-gimbal.parm:Tools/autotest/default_params/copter-gimbal.parm
[1.131s] Embedding file default_params/copter-gps-for-yaw-nmea.parm:Tools/autotest/default_params/copter-gps-for-yaw-nmea.parm
[1.131s] Embedding file default_params/copter-gps-for-yaw.parm:Tools/autotest/default_params/copter-gps-for-yaw.parm
[1.131s] Embedding file default_params/copter-heli-ddfptail.parm:Tools/autotest/default_params/copter-heli-ddfptail.parm
[1.131s] Embedding file default_params/copter-heli-ddvptail.parm:Tools/autotest/default_params/copter-heli-ddvptail.parm
[1.131s] Embedding file default_params/copter-heli-dual.parm:Tools/autotest/default_params/copter-heli-dual.parm
[1.131s] Embedding file default_params/copter-heli-gas.parm:Tools/autotest/default_params/copter-heli-gas.parm
[1.131s] Embedding file default_params/copter-heli.parm:Tools/autotest/default_params/copter-heli.parm
[1.131s] Embedding file default_params/copter-hexa-cwx.parm:Tools/autotest/default_params/copter-hexa-cwx.parm
[1.131s] Embedding file default_params/copter-hexa-dji.parm:Tools/autotest/default_params/copter-hexa-dji.parm
[1.131s] Embedding file default_params/copter-hexa.parm:Tools/autotest/default_params/copter-hexa.parm
[1.131s] Embedding file default_params/copter-hexadeca_octa.parm:Tools/autotest/default_params/copter-hexadeca_octa.parm
[1.131s] Embedding file default_params/copter-hexadeca_octa_cwx.parm:Tools/autotest/default_params/copter-hexadeca_octa_cwx.parm
[1.131s] Embedding file default_params/copter-octa-cwx.parm:Tools/autotest/default_params/copter-octa-cwx.parm
[1.131s] Embedding file default_params/copter-octa-dji.parm:Tools/autotest/default_params/copter-octa-dji.parm
[1.131s] Embedding file default_params/copter-octa.parm:Tools/autotest/default_params/copter-octa.parm
[1.131s] Embedding file default_params/copter-octaquad-cor.parm:Tools/autotest/default_params/copter-octaquad-cor.parm
[1.131s] Embedding file default_params/copter-octaquad-cw-cor.parm:Tools/autotest/default_params/copter-octaquad-cw-cor.parm
[1.131s] Embedding file default_params/copter-octaquad-cwx.parm:Tools/autotest/default_params/copter-octaquad-cwx.parm
[1.131s] Embedding file default_params/copter-octaquad.parm:Tools/autotest/default_params/copter-octaquad.parm
[1.131s] Embedding file default_params/copter-optflow.parm:Tools/autotest/default_params/copter-optflow.parm
[1.131s] Embedding file default_params/copter-ppp-periph.parm:Tools/autotest/default_params/copter-ppp-periph.parm
[1.131s] Embedding file default_params/copter-ppp.parm:Tools/autotest/default_params/copter-ppp.parm
[1.131s] Embedding file default_params/copter-rangefinder.parm:Tools/autotest/default_params/copter-rangefinder.parm
[1.131s] Embedding file default_params/copter-single.parm:Tools/autotest/default_params/copter-single.parm
[1.131s] Embedding file default_params/copter-tri.parm:Tools/autotest/default_params/copter-tri.parm
[1.132s] Embedding file default_params/copter-vicon.parm:Tools/autotest/default_params/copter-vicon.parm
[1.132s] Embedding file default_params/copter-winch.parm:Tools/autotest/default_params/copter-winch.parm
[1.132s] Embedding file default_params/copter-wind-estimates.parm:Tools/autotest/default_params/copter-wind-estimates.parm
[1.132s] Embedding file default_params/copter-y6.parm:Tools/autotest/default_params/copter-y6.parm
[1.132s] Embedding file default_params/copter.parm:Tools/autotest/default_params/copter.parm
[1.132s] Embedding file default_params/firefly.parm:Tools/autotest/default_params/firefly.parm
[1.132s] Embedding file default_params/gazebo-iris.parm:Tools/autotest/default_params/gazebo-iris.parm
[1.132s] Embedding file default_params/gazebo-zephyr.parm:Tools/autotest/default_params/gazebo-zephyr.parm
[1.132s] Embedding file default_params/glider.parm:Tools/autotest/default_params/glider.parm
[1.132s] Embedding file default_params/motorboat.parm:Tools/autotest/default_params/motorboat.parm
[1.132s] Embedding file default_params/msposd.parm:Tools/autotest/default_params/msposd.parm
[1.132s] Embedding file default_params/periph-ppp.parm:Tools/autotest/default_params/periph-ppp.parm
[1.132s] Embedding file default_params/periph.parm:Tools/autotest/default_params/periph.parm
[1.132s] Embedding file default_params/plane-dspoilers.parm:Tools/autotest/default_params/plane-dspoilers.parm
[1.132s] Embedding file default_params/plane-elevons.parm:Tools/autotest/default_params/plane-elevons.parm
[1.132s] Embedding file default_params/plane-ice.parm:Tools/autotest/default_params/plane-ice.parm
[1.132s] Embedding file default_params/plane-jet.parm:Tools/autotest/default_params/plane-jet.parm
[1.132s] Embedding file default_params/plane-jsbsim.parm:Tools/autotest/default_params/plane-jsbsim.parm
[1.132s] Embedding file default_params/plane-redundant.parm:Tools/autotest/default_params/plane-redundant.parm
[1.132s] Embedding file default_params/plane-soaring.parm:Tools/autotest/default_params/plane-soaring.parm
[1.132s] Embedding file default_params/plane-tailsitter.parm:Tools/autotest/default_params/plane-tailsitter.parm
[1.132s] Embedding file default_params/plane-vtail.parm:Tools/autotest/default_params/plane-vtail.parm
[1.132s] Embedding file default_params/quad-can.parm:Tools/autotest/default_params/quad-can.parm
[1.132s] Embedding file default_params/quad-periph.parm:Tools/autotest/default_params/quad-periph.parm
[1.132s] Embedding file default_params/quadplane-can.parm:Tools/autotest/default_params/quadplane-can.parm
[1.132s] Embedding file default_params/quadplane-cl84.parm:Tools/autotest/default_params/quadplane-cl84.parm
[1.132s] Embedding file default_params/quadplane-copter_tailsitter.parm:Tools/autotest/default_params/quadplane-copter_tailsitter.parm
[1.132s] Embedding file default_params/quadplane-ice.parm:Tools/autotest/default_params/quadplane-ice.parm
[1.132s] Embedding file default_params/quadplane-periph.parm:Tools/autotest/default_params/quadplane-periph.parm
[1.132s] Embedding file default_params/quadplane-ppp-periph.parm:Tools/autotest/default_params/quadplane-ppp-periph.parm
[1.132s] Embedding file default_params/quadplane-ppp.parm:Tools/autotest/default_params/quadplane-ppp.parm
[1.132s] Embedding file default_params/quadplane-tilt.parm:Tools/autotest/default_params/quadplane-tilt.parm
[1.132s] Embedding file default_params/quadplane-tilthvec.parm:Tools/autotest/default_params/quadplane-tilthvec.parm
[1.132s] Embedding file default_params/quadplane-tilttri.parm:Tools/autotest/default_params/quadplane-tilttri.parm
[1.132s] Embedding file default_params/quadplane-tilttrivec.parm:Tools/autotest/default_params/quadplane-tilttrivec.parm
[1.132s] Embedding file default_params/quadplane-tri.parm:Tools/autotest/default_params/quadplane-tri.parm
[1.132s] Embedding file default_params/quadplane.parm:Tools/autotest/default_params/quadplane.parm
[1.132s] Embedding file default_params/rover-omni3mecanum.parm:Tools/autotest/default_params/rover-omni3mecanum.parm
[1.132s] Embedding file default_params/rover-skid.parm:Tools/autotest/default_params/rover-skid.parm
[1.132s] Embedding file default_params/rover-vectored.parm:Tools/autotest/default_params/rover-vectored.parm
[1.132s] Embedding file default_params/rover.parm:Tools/autotest/default_params/rover.parm
[1.132s] Embedding file default_params/sailboat-motor.parm:Tools/autotest/default_params/sailboat-motor.parm
[1.132s] Embedding file default_params/sailboat.parm:Tools/autotest/default_params/sailboat.parm
[1.132s] Embedding file default_params/stratoblimp.parm:Tools/autotest/default_params/stratoblimp.parm
[1.132s] Embedding file default_params/sub-6dof.parm:Tools/autotest/default_params/sub-6dof.parm
[1.132s] Embedding file default_params/sub-gps-for-yaw-nmea.parm:Tools/autotest/default_params/sub-gps-for-yaw-nmea.parm
[1.132s] Embedding file default_params/sub.parm:Tools/autotest/default_params/sub.parm
[1.132s] Embedding file default_params/tracker-gps-for-yaw.parm:Tools/autotest/default_params/tracker-gps-for-yaw.parm
[1.132s] Embedding file locations.txt:Tools/autotest/locations.txt
[1.132s] Embedding file models/Callisto.json:Tools/autotest/models/Callisto.json
[1.132s] Embedding file models/Callisto.parm:Tools/autotest/models/Callisto.parm
[1.132s] Embedding file models/freestyle.json:Tools/autotest/models/freestyle.json
[1.132s] Embedding file models/freestyle.parm:Tools/autotest/models/freestyle.parm
[1.132s] Embedding file models/plane-3d.parm:Tools/autotest/models/plane-3d.parm
[1.132s] Embedding file models/plane.parm:Tools/autotest/models/plane.parm
[1.132s] Embedding file models/skywalker_2013.json:Tools/autotest/models/skywalker_2013.json
[1.132s] Embedding file models/xplane_heli.json:Tools/autotest/models/xplane_heli.json
[1.132s] Embedding file models/xplane_plane.json:Tools/autotest/models/xplane_plane.json
[1.132s] Embedding file vehicleinfo.json:Tools/autotest/pysim/vehicleinfo.json
[1.134s] Building /home/lh/Documents/joao_pessoa_2026/src/ardupilot/build/sitl/modules/Micro-XRCE-DDS-Client/include/uxr/client/config.h
[1.134s] Building /home/lh/Documents/joao_pessoa_2026/src/ardupilot/build/sitl/modules/Micro-CDR/include/ucdr/config.h
[1.696s] [1/4] Compiling [32mmodules/littlefs/bd/lfs_filebd.c[0m
[1.696s] [2/4] Compiling [32mmodules/littlefs/lfs_util.c[0m
[1.697s] [3/4] Compiling [32mmodules/littlefs/lfs.c[0m
[1.700s] [4/4] Linking [33mbuild/sitl/liblittlefs.a[0m
[1.867s] [10/28] Compiling [01;34mlibraries/AP_Scripting/generator/src/main.c[0m
[1.877s] [11/28] Processing [01;34mmavgen: modules/mavlink/message_definitions/v1.0/all.xml modules/mavlink/pymavlink/generator/C/include_v2.0/checksum.h modules/mavlink/pymavlink/generator/C/include_v2.0/mavlink_conversions.h modules/mavlink/pymavlink/generator/C/include_v2.0/mavlink_get_info.h modules/mavlink/pymavlink/generator/C/include_v2.0/mavlink_helpers.h modules/mavlink/pymavlink/generator/C/include_v2.0/mavlink_sha256.h modules/mavlink/pymavlink/generator/C/include_v2.0/mavlink_types.h modules/mavlink/pymavlink/generator/C/include_v2.0/protocol.h modules/mavlink/pymavlink/__init__.py modules/mavlink/pymavlink/generator/__init__.py modules/mavlink/pymavlink/generator/mavcrc.py modules/mavlink/pymavlink/generator/mavgen.py modules/mavlink/pymavlink/generator/mavgen_ada.py modules/mavlink/pymavlink/generator/mavgen_c.py modules/mavlink/pymavlink/generator/mavgen_cpp11.py modules/mavlink/pymavlink/generator/mavgen_cs.py modules/mavlink/pymavlink/generator/mavgen_java.py modules/mavlink/pymavlink/generator/mavgen_javascript.py modules/mavlink/pymavlink/generator/mavgen_javascript_stable.py modules/mavlink/pymavlink/generator/mavgen_lua.py modules/mavlink/pymavlink/generator/mavgen_objc.py modules/mavlink/pymavlink/generator/mavgen_python.py modules/mavlink/pymavlink/generator/mavgen_spin2.py modules/mavlink/pymavlink/generator/mavgen_swift.py modules/mavlink/pymavlink/generator/mavgen_typescript.py modules/mavlink/pymavlink/generator/mavgen_wlua.py modules/mavlink/pymavlink/generator/mavparse.py modules/mavlink/pymavlink/generator/mavtemplate.py[0m
[1.879s] Validation skipped for /home/lh/Documents/joao_pessoa_2026/src/ardupilot/modules/mavlink/message_definitions/v1.0/all.xml.
[1.879s] Parsing /home/lh/Documents/joao_pessoa_2026/src/ardupilot/modules/mavlink/message_definitions/v1.0/all.xml
[1.879s] Validation skipped for /home/lh/Documents/joao_pessoa_2026/src/ardupilot/modules/mavlink/message_definitions/v1.0/ardupilotmega.xml.
[1.879s] Parsing /home/lh/Documents/joao_pessoa_2026/src/ardupilot/modules/mavlink/message_definitions/v1.0/ardupilotmega.xml
[1.885s] Validation skipped for /home/lh/Documents/joao_pessoa_2026/src/ardupilot/modules/mavlink/message_definitions/v1.0/ASLUAV.xml.
[1.885s] Parsing /home/lh/Documents/joao_pessoa_2026/src/ardupilot/modules/mavlink/message_definitions/v1.0/ASLUAV.xml
[1.887s] Validation skipped for /home/lh/Documents/joao_pessoa_2026/src/ardupilot/modules/mavlink/message_definitions/v1.0/common.xml.
[1.887s] Parsing /home/lh/Documents/joao_pessoa_2026/src/ardupilot/modules/mavlink/message_definitions/v1.0/common.xml
[1.894s] CAMERA_TRACKING_STATUS_FLAGS_IDLE has invalid values (bitmask must have powers of 2)
[1.910s] Validation skipped for /home/lh/Documents/joao_pessoa_2026/src/ardupilot/modules/mavlink/message_definitions/v1.0/development.xml.
[1.910s] Parsing /home/lh/Documents/joao_pessoa_2026/src/ardupilot/modules/mavlink/message_definitions/v1.0/development.xml
[1.911s] Validation skipped for /home/lh/Documents/joao_pessoa_2026/src/ardupilot/modules/mavlink/message_definitions/v1.0/icarous.xml.
[1.911s] Parsing /home/lh/Documents/joao_pessoa_2026/src/ardupilot/modules/mavlink/message_definitions/v1.0/icarous.xml
[1.911s] Validation skipped for /home/lh/Documents/joao_pessoa_2026/src/ardupilot/modules/mavlink/message_definitions/v1.0/minimal.xml.
[1.911s] Parsing /home/lh/Documents/joao_pessoa_2026/src/ardupilot/modules/mavlink/message_definitions/v1.0/minimal.xml
[1.912s] Validation skipped for /home/lh/Documents/joao_pessoa_2026/src/ardupilot/modules/mavlink/message_definitions/v1.0/python_array_test.xml.
[1.912s] Parsing /home/lh/Documents/joao_pessoa_2026/src/ardupilot/modules/mavlink/message_definitions/v1.0/python_array_test.xml
[1.913s] Validation skipped for /home/lh/Documents/joao_pessoa_2026/src/ardupilot/modules/mavlink/message_definitions/v1.0/standard.xml.
[1.913s] Parsing /home/lh/Documents/joao_pessoa_2026/src/ardupilot/modules/mavlink/message_definitions/v1.0/standard.xml
[1.913s] MAV_BOOL_FALSE has invalid values (bitmask must have powers of 2)
[1.913s] Validation skipped for /home/lh/Documents/joao_pessoa_2026/src/ardupilot/modules/mavlink/message_definitions/v1.0/test.xml.
[1.913s] Parsing /home/lh/Documents/joao_pessoa_2026/src/ardupilot/modules/mavlink/message_definitions/v1.0/test.xml
[1.913s] Validation skipped for /home/lh/Documents/joao_pessoa_2026/src/ardupilot/modules/mavlink/message_definitions/v1.0/ualberta.xml.
[1.913s] Parsing /home/lh/Documents/joao_pessoa_2026/src/ardupilot/modules/mavlink/message_definitions/v1.0/ualberta.xml
[1.914s] Validation skipped for /home/lh/Documents/joao_pessoa_2026/src/ardupilot/modules/mavlink/message_definitions/v1.0/uAvionix.xml.
[1.914s] Parsing /home/lh/Documents/joao_pessoa_2026/src/ardupilot/modules/mavlink/message_definitions/v1.0/uAvionix.xml
[1.914s] Validation skipped for /home/lh/Documents/joao_pessoa_2026/src/ardupilot/modules/mavlink/message_definitions/v1.0/loweheiser.xml.
[1.914s] Parsing /home/lh/Documents/joao_pessoa_2026/src/ardupilot/modules/mavlink/message_definitions/v1.0/loweheiser.xml
[1.915s] Validation skipped for /home/lh/Documents/joao_pessoa_2026/src/ardupilot/modules/mavlink/message_definitions/v1.0/storm32.xml.
[1.915s] Parsing /home/lh/Documents/joao_pessoa_2026/src/ardupilot/modules/mavlink/message_definitions/v1.0/storm32.xml
[1.916s] Validation skipped for /home/lh/Documents/joao_pessoa_2026/src/ardupilot/modules/mavlink/message_definitions/v1.0/AVSSUAS.xml.
[1.916s] Parsing /home/lh/Documents/joao_pessoa_2026/src/ardupilot/modules/mavlink/message_definitions/v1.0/AVSSUAS.xml
[1.917s] Validation skipped for /home/lh/Documents/joao_pessoa_2026/src/ardupilot/modules/mavlink/message_definitions/v1.0/cubepilot.xml.
[1.917s] Parsing /home/lh/Documents/joao_pessoa_2026/src/ardupilot/modules/mavlink/message_definitions/v1.0/cubepilot.xml
[1.917s] Validation skipped for /home/lh/Documents/joao_pessoa_2026/src/ardupilot/modules/mavlink/message_definitions/v1.0/csAirLink.xml.
[1.917s] Parsing /home/lh/Documents/joao_pessoa_2026/src/ardupilot/modules/mavlink/message_definitions/v1.0/csAirLink.xml
[1.917s] Merged enum MAV_CMD
[1.917s] Merged enum MAV_CMD
[1.917s] Merged enum MAV_CMD
[1.917s] Merged enum MAV_CMD
[1.917s] Merged enum MAV_CMD
[1.917s] Merged enum MAV_CMD
[1.920s] Found 351 MAVLink message types in 17 XML files
[1.920s] Generating C implementation in directory /home/lh/Documents/joao_pessoa_2026/src/ardupilot/build/sitl/libraries/GCS_MAVLink/include/mavlink/v2.0/all
[1.921s] Generating C implementation in directory /home/lh/Documents/joao_pessoa_2026/src/ardupilot/build/sitl/libraries/GCS_MAVLink/include/mavlink/v2.0/ardupilotmega
[1.934s] [12/28] Processing [01;34mdronecangen: modules/DroneCAN/DSDL/ardupilot modules/DroneCAN/DSDL/com modules/DroneCAN/DSDL/cuav modules/DroneCAN/DSDL/dronecan modules/DroneCAN/DSDL/mppt modules/DroneCAN/DSDL/tests modules/DroneCAN/DSDL/uavcan[0m
[1.935s] [13/28] Compiling [01;34mmodules/Micro-XRCE-DDS-Client/include/uxr/client/config.h.in[0m
[1.936s] [14/28] Compiling [01;34mmodules/Micro-CDR/include/ucdr/config.h.in[0m
[1.937s] [15/28] Processing [01;34m/home/lh/Documents/joao_pessoa_2026/src/ardupilot/build/sitl/libraries/AP_DDS/generated/ardupilot_msgs/msg/Airspeed.h,/home/lh/Documents/joao_pessoa_2026/src/ardupilot/build/sitl/libraries/AP_DDS/generated/ardupilot_msgs/msg/Airspeed.c,/home/lh/Documents/joao_pessoa_2026/src/ardupilot/build/sitl/libraries/AP_DDS/generated/ardupilot_msgs/msg/GlobalPosition.h,/home/lh/Documents/joao_pessoa_2026/src/ardupilot/build/sitl/libraries/AP_DDS/generated/ardupilot_msgs/msg/GlobalPosition.c,/home/lh/Documents/joao_pessoa_2026/src/ardupilot/build/sitl/libraries/AP_DDS/generated/ardupilot_msgs/msg/Rc.h,/home/lh/Documents/joao_pessoa_2026/src/ardupilot/build/sitl/libraries/AP_DDS/generated/ardupilot_msgs/msg/Rc.c,/home/lh/Documents/joao_pessoa_2026/src/ardupilot/build/sitl/libraries/AP_DDS/generated/ardupilot_msgs/msg/Status.h,/home/lh/Documents/joao_pessoa_2026/src/ardupilot/build/sitl/libraries/AP_DDS/generated/ardupilot_msgs/msg/Status.c: libraries/AP_DDS/Idl/ardupilot_msgs/msg/Airspeed.idl libraries/AP_DDS/Idl/ardupilot_msgs/msg/GlobalPosition.idl libraries/AP_DDS/Idl/ardupilot_msgs/msg/Rc.idl libraries/AP_DDS/Idl/ardupilot_msgs/msg/Status.idl -> build/sitl/libraries/AP_DDS/generated/ardupilot_msgs/msg/Airspeed.h build/sitl/libraries/AP_DDS/generated/ardupilot_msgs/msg/Airspeed.c build/sitl/libraries/AP_DDS/generated/ardupilot_msgs/msg/GlobalPosition.h build/sitl/libraries/AP_DDS/generated/ardupilot_msgs/msg/GlobalPosition.c build/sitl/libraries/AP_DDS/generated/ardupilot_msgs/msg/Rc.h build/sitl/libraries/AP_DDS/generated/ardupilot_msgs/msg/Rc.c build/sitl/libraries/AP_DDS/generated/ardupilot_msgs/msg/Status.h build/sitl/libraries/AP_DDS/generated/ardupilot_msgs/msg/Status.c[0m
[1.939s] [16/28] Processing [01;34m/home/lh/Documents/joao_pessoa_2026/src/ardupilot/build/sitl/libraries/AP_DDS/generated/ardupilot_msgs/srv/ArmMotors.h,/home/lh/Documents/joao_pessoa_2026/src/ardupilot/build/sitl/libraries/AP_DDS/generated/ardupilot_msgs/srv/ArmMotors.c,/home/lh/Documents/joao_pessoa_2026/src/ardupilot/build/sitl/libraries/AP_DDS/generated/ardupilot_msgs/srv/ModeSwitch.h,/home/lh/Documents/joao_pessoa_2026/src/ardupilot/build/sitl/libraries/AP_DDS/generated/ardupilot_msgs/srv/ModeSwitch.c,/home/lh/Documents/joao_pessoa_2026/src/ardupilot/build/sitl/libraries/AP_DDS/generated/ardupilot_msgs/srv/Takeoff.h,/home/lh/Documents/joao_pessoa_2026/src/ardupilot/build/sitl/libraries/AP_DDS/generated/ardupilot_msgs/srv/Takeoff.c: libraries/AP_DDS/Idl/ardupilot_msgs/srv/ArmMotors.idl libraries/AP_DDS/Idl/ardupilot_msgs/srv/ModeSwitch.idl libraries/AP_DDS/Idl/ardupilot_msgs/srv/Takeoff.idl -> build/sitl/libraries/AP_DDS/generated/ardupilot_msgs/srv/ArmMotors.h build/sitl/libraries/AP_DDS/generated/ardupilot_msgs/srv/ArmMotors.c build/sitl/libraries/AP_DDS/generated/ardupilot_msgs/srv/ModeSwitch.h build/sitl/libraries/AP_DDS/generated/ardupilot_msgs/srv/ModeSwitch.c build/sitl/libraries/AP_DDS/generated/ardupilot_msgs/srv/Takeoff.h build/sitl/libraries/AP_DDS/generated/ardupilot_msgs/srv/Takeoff.c[0m
[1.940s] [17/28] Processing [01;34m/home/lh/Documents/joao_pessoa_2026/src/ardupilot/build/sitl/libraries/AP_DDS/generated/builtin_interfaces/msg/Duration.h,/home/lh/Documents/joao_pessoa_2026/src/ardupilot/build/sitl/libraries/AP_DDS/generated/builtin_interfaces/msg/Duration.c,/home/lh/Documents/joao_pessoa_2026/src/ardupilot/build/sitl/libraries/AP_DDS/generated/builtin_interfaces/msg/Time.h,/home/lh/Documents/joao_pessoa_2026/src/ardupilot/build/sitl/libraries/AP_DDS/generated/builtin_interfaces/msg/Time.c: libraries/AP_DDS/Idl/builtin_interfaces/msg/Duration.idl libraries/AP_DDS/Idl/builtin_interfaces/msg/Time.idl -> build/sitl/libraries/AP_DDS/generated/builtin_interfaces/msg/Duration.h build/sitl/libraries/AP_DDS/generated/builtin_interfaces/msg/Duration.c build/sitl/libraries/AP_DDS/generated/builtin_interfaces/msg/Time.h build/sitl/libraries/AP_DDS/generated/builtin_interfaces/msg/Time.c[0m
[1.941s] [18/28] Processing [01;34m/home/lh/Documents/joao_pessoa_2026/src/ardupilot/build/sitl/libraries/AP_DDS/generated/geographic_msgs/msg/GeoPoint.h,/home/lh/Documents/joao_pessoa_2026/src/ardupilot/build/sitl/libraries/AP_DDS/generated/geographic_msgs/msg/GeoPoint.c,/home/lh/Documents/joao_pessoa_2026/src/ardupilot/build/sitl/libraries/AP_DDS/generated/geographic_msgs/msg/GeoPointStamped.h,/home/lh/Documents/joao_pessoa_2026/src/ardupilot/build/sitl/libraries/AP_DDS/generated/geographic_msgs/msg/GeoPointStamped.c,/home/lh/Documents/joao_pessoa_2026/src/ardupilot/build/sitl/libraries/AP_DDS/generated/geographic_msgs/msg/GeoPose.h,/home/lh/Documents/joao_pessoa_2026/src/ardupilot/build/sitl/libraries/AP_DDS/generated/geographic_msgs/msg/GeoPose.c,/home/lh/Documents/joao_pessoa_2026/src/ardupilot/build/sitl/libraries/AP_DDS/generated/geographic_msgs/msg/GeoPoseStamped.h,/home/lh/Documents/joao_pessoa_2026/src/ardupilot/build/sitl/libraries/AP_DDS/generated/geographic_msgs/msg/GeoPoseStamped.c: libraries/AP_DDS/Idl/geographic_msgs/msg/GeoPoint.idl libraries/AP_DDS/Idl/geographic_msgs/msg/GeoPointStamped.idl libraries/AP_DDS/Idl/geographic_msgs/msg/GeoPose.idl libraries/AP_DDS/Idl/geographic_msgs/msg/GeoPoseStamped.idl -> build/sitl/libraries/AP_DDS/generated/geographic_msgs/msg/GeoPoint.h build/sitl/libraries/AP_DDS/generated/geographic_msgs/msg/GeoPoint.c build/sitl/libraries/AP_DDS/generated/geographic_msgs/msg/GeoPointStamped.h build/sitl/libraries/AP_DDS/generated/geographic_msgs/msg/GeoPointStamped.c build/sitl/libraries/AP_DDS/generated/geographic_msgs/msg/GeoPose.h build/sitl/libraries/AP_DDS/generated/geographic_msgs/msg/GeoPose.c build/sitl/libraries/AP_DDS/generated/geographic_msgs/msg/GeoPoseStamped.h build/sitl/libraries/AP_DDS/generated/geographic_msgs/msg/GeoPoseStamped.c[0m
[1.941s] [19/28] Processing [01;34m/home/lh/Documents/joao_pessoa_2026/src/ardupilot/build/sitl/libraries/AP_DDS/generated/geometry_msgs/msg/Point.h,/home/lh/Documents/joao_pessoa_2026/src/ardupilot/build/sitl/libraries/AP_DDS/generated/geometry_msgs/msg/Point.c,/home/lh/Documents/joao_pessoa_2026/src/ardupilot/build/sitl/libraries/AP_DDS/generated/geometry_msgs/msg/Pose.h,/home/lh/Documents/joao_pessoa_2026/src/ardupilot/build/sitl/libraries/AP_DDS/generated/geometry_msgs/msg/Pose.c,/home/lh/Documents/joao_pessoa_2026/src/ardupilot/build/sitl/libraries/AP_DDS/generated/geometry_msgs/msg/PoseStamped.h,/home/lh/Documents/joao_pessoa_2026/src/ardupilot/build/sitl/libraries/AP_DDS/generated/geometry_msgs/msg/PoseStamped.c,/home/lh/Documents/joao_pessoa_2026/src/ardupilot/build/sitl/libraries/AP_DDS/generated/geometry_msgs/msg/Quaternion.h,/home/lh/Documents/joao_pessoa_2026/src/ardupilot/build/sitl/libraries/AP_DDS/generated/geometry_msgs/msg/Quaternion.c,/home/lh/Documents/joao_pessoa_2026/src/ardupilot/build/sitl/libraries/AP_DDS/generated/geometry_msgs/msg/Transform.h,/home/lh/Documents/joao_pessoa_2026/src/ardupilot/build/sitl/libraries/AP_DDS/generated/geometry_msgs/msg/Transform.c,/home/lh/Documents/joao_pessoa_2026/src/ardupilot/build/sitl/libraries/AP_DDS/generated/geometry_msgs/msg/TransformStamped.h,/home/lh/Documents/joao_pessoa_2026/src/ardupilot/build/sitl/libraries/AP_DDS/generated/geometry_msgs/msg/TransformStamped.c,/home/lh/Documents/joao_pessoa_2026/src/ardupilot/build/sitl/libraries/AP_DDS/generated/geometry_msgs/msg/Twist.h,/home/lh/Documents/joao_pessoa_2026/src/ardupilot/build/sitl/libraries/AP_DDS/generated/geometry_msgs/msg/Twist.c,/home/lh/Documents/joao_pessoa_2026/src/ardupilot/build/sitl/libraries/AP_DDS/generated/geometry_msgs/msg/TwistStamped.h,/home/lh/Documents/joao_pessoa_2026/src/ardupilot/build/sitl/libraries/AP_DDS/generated/geometry_msgs/msg/TwistStamped.c,/home/lh/Documents/joao_pessoa_2026/src/ardupilot/build/sitl/libraries/AP_DDS/generated/geometry_msgs/msg/Vector3.h,/home/lh/Documents/joao_pessoa_2026/src/ardupilot/build/sitl/libraries/AP_DDS/generated/geometry_msgs/msg/Vector3.c,/home/lh/Documents/joao_pessoa_2026/src/ardupilot/build/sitl/libraries/AP_DDS/generated/geometry_msgs/msg/Vector3Stamped.h,/home/lh/Documents/joao_pessoa_2026/src/ardupilot/build/sitl/libraries/AP_DDS/generated/geometry_msgs/msg/Vector3Stamped.c: libraries/AP_DDS/Idl/geometry_msgs/msg/Point.idl libraries/AP_DDS/Idl/geometry_msgs/msg/Pose.idl libraries/AP_DDS/Idl/geometry_msgs/msg/PoseStamped.idl libraries/AP_DDS/Idl/geometry_msgs/msg/Quaternion.idl libraries/AP_DDS/Idl/geometry_msgs/msg/Transform.idl libraries/AP_DDS/Idl/geometry_msgs/msg/TransformStamped.idl libraries/AP_DDS/Idl/geometry_msgs/msg/Twist.idl libraries/AP_DDS/Idl/geometry_msgs/msg/TwistStamped.idl libraries/AP_DDS/Idl/geometry_msgs/msg/Vector3.idl libraries/AP_DDS/Idl/geometry_msgs/msg/Vector3Stamped.idl -> build/sitl/libraries/AP_DDS/generated/geometry_msgs/msg/Point.h build/sitl/libraries/AP_DDS/generated/geometry_msgs/msg/Point.c build/sitl/libraries/AP_DDS/generated/geometry_msgs/msg/Pose.h build/sitl/libraries/AP_DDS/generated/geometry_msgs/msg/Pose.c build/sitl/libraries/AP_DDS/generated/geometry_msgs/msg/PoseStamped.h build/sitl/libraries/AP_DDS/generated/geometry_msgs/msg/PoseStamped.c build/sitl/libraries/AP_DDS/generated/geometry_msgs/msg/Quaternion.h build/sitl/libraries/AP_DDS/generated/geometry_msgs/msg/Quaternion.c build/sitl/libraries/AP_DDS/generated/geometry_msgs/msg/Transform.h build/sitl/libraries/AP_DDS/generated/geometry_msgs/msg/Transform.c build/sitl/libraries/AP_DDS/generated/geometry_msgs/msg/TransformStamped.h build/sitl/libraries/AP_DDS/generated/geometry_msgs/msg/TransformStamped.c build/sitl/libraries/AP_DDS/generated/geometry_msgs/msg/Twist.h build/sitl/libraries/AP_DDS/generated/geometry_msgs/msg/Twist.c build/sitl/libraries/AP_DDS/generated/geometry_msgs/msg/TwistStamped.h build/sitl/libraries/AP_DDS/generated/geometry_msgs/msg/TwistStamped.c build/sitl/libraries/AP_DDS/generated/geometry_msgs/msg/Vector3.h build/sitl/libraries/AP_DDS/generated/geometry_msgs/msg/Vector3.c build/sitl/libraries/AP_DDS/generated/geometry_msgs/msg/Vector3Stamped.h build/sitl/libraries/AP_DDS/generated/geometry_msgs/msg/Vector3Stamped.c[0m
[1.942s] [20/28] Processing [01;34m/home/lh/Documents/joao_pessoa_2026/src/ardupilot/build/sitl/libraries/AP_DDS/generated/rcl_interfaces/msg/Parameter.h,/home/lh/Documents/joao_pessoa_2026/src/ardupilot/build/sitl/libraries/AP_DDS/generated/rcl_interfaces/msg/Parameter.c,/home/lh/Documents/joao_pessoa_2026/src/ardupilot/build/sitl/libraries/AP_DDS/generated/rcl_interfaces/msg/ParameterType.h,/home/lh/Documents/joao_pessoa_2026/src/ardupilot/build/sitl/libraries/AP_DDS/generated/rcl_interfaces/msg/ParameterType.c,/home/lh/Documents/joao_pessoa_2026/src/ardupilot/build/sitl/libraries/AP_DDS/generated/rcl_interfaces/msg/ParameterValue.h,/home/lh/Documents/joao_pessoa_2026/src/ardupilot/build/sitl/libraries/AP_DDS/generated/rcl_interfaces/msg/ParameterValue.c,/home/lh/Documents/joao_pessoa_2026/src/ardupilot/build/sitl/libraries/AP_DDS/generated/rcl_interfaces/msg/SetParametersResult.h,/home/lh/Documents/joao_pessoa_2026/src/ardupilot/build/sitl/libraries/AP_DDS/generated/rcl_interfaces/msg/SetParametersResult.c: libraries/AP_DDS/Idl/rcl_interfaces/msg/Parameter.idl libraries/AP_DDS/Idl/rcl_interfaces/msg/ParameterType.idl libraries/AP_DDS/Idl/rcl_interfaces/msg/ParameterValue.idl libraries/AP_DDS/Idl/rcl_interfaces/msg/SetParametersResult.idl -> build/sitl/libraries/AP_DDS/generated/rcl_interfaces/msg/Parameter.h build/sitl/libraries/AP_DDS/generated/rcl_interfaces/msg/Parameter.c build/sitl/libraries/AP_DDS/generated/rcl_interfaces/msg/ParameterType.h build/sitl/libraries/AP_DDS/generated/rcl_interfaces/msg/ParameterType.c build/sitl/libraries/AP_DDS/generated/rcl_interfaces/msg/ParameterValue.h build/sitl/libraries/AP_DDS/generated/rcl_interfaces/msg/ParameterValue.c build/sitl/libraries/AP_DDS/generated/rcl_interfaces/msg/SetParametersResult.h build/sitl/libraries/AP_DDS/generated/rcl_interfaces/msg/SetParametersResult.c[0m
[1.944s] [21/28] Processing [01;34m/home/lh/Documents/joao_pessoa_2026/src/ardupilot/build/sitl/libraries/AP_DDS/generated/rcl_interfaces/srv/GetParameters.h,/home/lh/Documents/joao_pessoa_2026/src/ardupilot/build/sitl/libraries/AP_DDS/generated/rcl_interfaces/srv/GetParameters.c,/home/lh/Documents/joao_pessoa_2026/src/ardupilot/build/sitl/libraries/AP_DDS/generated/rcl_interfaces/srv/SetParameters.h,/home/lh/Documents/joao_pessoa_2026/src/ardupilot/build/sitl/libraries/AP_DDS/generated/rcl_interfaces/srv/SetParameters.c: libraries/AP_DDS/Idl/rcl_interfaces/srv/GetParameters.idl libraries/AP_DDS/Idl/rcl_interfaces/srv/SetParameters.idl -> build/sitl/libraries/AP_DDS/generated/rcl_interfaces/srv/GetParameters.h build/sitl/libraries/AP_DDS/generated/rcl_interfaces/srv/GetParameters.c build/sitl/libraries/AP_DDS/generated/rcl_interfaces/srv/SetParameters.h build/sitl/libraries/AP_DDS/generated/rcl_interfaces/srv/SetParameters.c[0m
[1.946s] [22/28] Processing [01;34mlibraries/AP_DDS/Idl/rosgraph_msgs/msg/Clock.idl[0m
[1.947s] [23/28] Processing [01;34m/home/lh/Documents/joao_pessoa_2026/src/ardupilot/build/sitl/libraries/AP_DDS/generated/sensor_msgs/msg/BatteryState.h,/home/lh/Documents/joao_pessoa_2026/src/ardupilot/build/sitl/libraries/AP_DDS/generated/sensor_msgs/msg/BatteryState.c,/home/lh/Documents/joao_pessoa_2026/src/ardupilot/build/sitl/libraries/AP_DDS/generated/sensor_msgs/msg/Imu.h,/home/lh/Documents/joao_pessoa_2026/src/ardupilot/build/sitl/libraries/AP_DDS/generated/sensor_msgs/msg/Imu.c,/home/lh/Documents/joao_pessoa_2026/src/ardupilot/build/sitl/libraries/AP_DDS/generated/sensor_msgs/msg/Joy.h,/home/lh/Documents/joao_pessoa_2026/src/ardupilot/build/sitl/libraries/AP_DDS/generated/sensor_msgs/msg/Joy.c,/home/lh/Documents/joao_pessoa_2026/src/ardupilot/build/sitl/libraries/AP_DDS/generated/sensor_msgs/msg/NavSatFix.h,/home/lh/Documents/joao_pessoa_2026/src/ardupilot/build/sitl/libraries/AP_DDS/generated/sensor_msgs/msg/NavSatFix.c,/home/lh/Documents/joao_pessoa_2026/src/ardupilot/build/sitl/libraries/AP_DDS/generated/sensor_msgs/msg/NavSatStatus.h,/home/lh/Documents/joao_pessoa_2026/src/ardupilot/build/sitl/libraries/AP_DDS/generated/sensor_msgs/msg/NavSatStatus.c: libraries/AP_DDS/Idl/sensor_msgs/msg/BatteryState.idl libraries/AP_DDS/Idl/sensor_msgs/msg/Imu.idl libraries/AP_DDS/Idl/sensor_msgs/msg/Joy.idl libraries/AP_DDS/Idl/sensor_msgs/msg/NavSatFix.idl libraries/AP_DDS/Idl/sensor_msgs/msg/NavSatStatus.idl -> build/sitl/libraries/AP_DDS/generated/sensor_msgs/msg/BatteryState.h build/sitl/libraries/AP_DDS/generated/sensor_msgs/msg/BatteryState.c build/sitl/libraries/AP_DDS/generated/sensor_msgs/msg/Imu.h build/sitl/libraries/AP_DDS/generated/sensor_msgs/msg/Imu.c build/sitl/libraries/AP_DDS/generated/sensor_msgs/msg/Joy.h build/sitl/libraries/AP_DDS/generated/sensor_msgs/msg/Joy.c build/sitl/libraries/AP_DDS/generated/sensor_msgs/msg/NavSatFix.h build/sitl/libraries/AP_DDS/generated/sensor_msgs/msg/NavSatFix.c build/sitl/libraries/AP_DDS/generated/sensor_msgs/msg/NavSatStatus.h build/sitl/libraries/AP_DDS/generated/sensor_msgs/msg/NavSatStatus.c[0m
[1.948s] [24/28] Processing [01;34mlibraries/AP_DDS/Idl/std_msgs/msg/Header.idl[0m
[1.949s] [25/28] Processing [01;34mlibraries/AP_DDS/Idl/std_srvs/srv/Trigger.idl[0m
[1.950s] [26/28] Processing [01;34mlibraries/AP_DDS/Idl/tf2_msgs/msg/TFMessage.idl[0m
[1.953s] [27/28] Creating [01;34mbuild/sitl/ap_version.h[0m
[1.958s] [28/28] Processing [01;34m/home/lh/Documents/joao_pessoa_2026/src/ardupilot/build/sitl/libraries/AP_Scripting/lua_generated_bindings.cpp,/home/lh/Documents/joao_pessoa_2026/src/ardupilot/build/sitl/libraries/AP_Scripting/lua_generated_bindings.h: libraries/AP_Scripting/generator/description/bindings.desc build/sitl/gen-bindings -> build/sitl/libraries/AP_Scripting/lua_generated_bindings.cpp build/sitl/libraries/AP_Scripting/lua_generated_bindings.h[0m
[1.966s] Processing /home/lh/Documents/joao_pessoa_2026/src/ardupilot/modules/Micro-XRCE-DDS-Client/include/uxr/client/config.h.in to /home/lh/Documents/joao_pessoa_2026/src/ardupilot/build/sitl/modules/Micro-XRCE-DDS-Client/include/uxr/client/config.h
[1.966s] [0m
[1.968s] Processing /home/lh/Documents/joao_pessoa_2026/src/ardupilot/modules/Micro-CDR/include/ucdr/config.h.in to /home/lh/Documents/joao_pessoa_2026/src/ardupilot/build/sitl/modules/Micro-CDR/include/ucdr/config.h
[1.968s] [0m
[2.006s] Generating C implementation in directory /home/lh/Documents/joao_pessoa_2026/src/ardupilot/build/sitl/libraries/GCS_MAVLink/include/mavlink/v2.0/ASLUAV
[2.034s] Generating C implementation in directory /home/lh/Documents/joao_pessoa_2026/src/ardupilot/build/sitl/libraries/GCS_MAVLink/include/mavlink/v2.0/common
[2.563s] Generating C implementation in directory /home/lh/Documents/joao_pessoa_2026/src/ardupilot/build/sitl/libraries/GCS_MAVLink/include/mavlink/v2.0/development
[2.581s] Generating C implementation in directory /home/lh/Documents/joao_pessoa_2026/src/ardupilot/build/sitl/libraries/GCS_MAVLink/include/mavlink/v2.0/icarous
[2.589s] Generating C implementation in directory /home/lh/Documents/joao_pessoa_2026/src/ardupilot/build/sitl/libraries/GCS_MAVLink/include/mavlink/v2.0/minimal
[2.600s] Generating C implementation in directory /home/lh/Documents/joao_pessoa_2026/src/ardupilot/build/sitl/libraries/GCS_MAVLink/include/mavlink/v2.0/python_array_test
[2.617s] Generating C implementation in directory /home/lh/Documents/joao_pessoa_2026/src/ardupilot/build/sitl/libraries/GCS_MAVLink/include/mavlink/v2.0/standard
[2.625s] Generating C implementation in directory /home/lh/Documents/joao_pessoa_2026/src/ardupilot/build/sitl/libraries/GCS_MAVLink/include/mavlink/v2.0/test
[2.635s] Generating C implementation in directory /home/lh/Documents/joao_pessoa_2026/src/ardupilot/build/sitl/libraries/GCS_MAVLink/include/mavlink/v2.0/ualberta
[2.645s] Generating C implementation in directory /home/lh/Documents/joao_pessoa_2026/src/ardupilot/build/sitl/libraries/GCS_MAVLink/include/mavlink/v2.0/uAvionix
[2.665s] Generating C implementation in directory /home/lh/Documents/joao_pessoa_2026/src/ardupilot/build/sitl/libraries/GCS_MAVLink/include/mavlink/v2.0/loweheiser
[2.679s] Generating C implementation in directory /home/lh/Documents/joao_pessoa_2026/src/ardupilot/build/sitl/libraries/GCS_MAVLink/include/mavlink/v2.0/storm32
[2.700s] Loading templates...
[2.700s] Processing the file /home/lh/Documents/joao_pessoa_2026/src/ardupilot/libraries/AP_DDS/Idl/std_msgs/msg/Header.idl...
[2.700s] Generating Type definition files...
[2.700s] Adding dependency project /home/lh/Documents/joao_pessoa_2026/src/ardupilot/libraries/AP_DDS/Idl/builtin_interfaces/msg/Time.idl
[2.700s] Processing the file /home/lh/Documents/joao_pessoa_2026/src/ardupilot/libraries/AP_DDS/Idl/builtin_interfaces/msg/Time.idl...
[2.700s] Generating Type definition files...
[2.700s] [0m
[2.718s] Generating C implementation in directory /home/lh/Documents/joao_pessoa_2026/src/ardupilot/build/sitl/libraries/GCS_MAVLink/include/mavlink/v2.0/AVSSUAS
[2.740s] Generating C implementation in directory /home/lh/Documents/joao_pessoa_2026/src/ardupilot/build/sitl/libraries/GCS_MAVLink/include/mavlink/v2.0/cubepilot
[2.740s] Loading templates...
[2.740s] Processing the file /home/lh/Documents/joao_pessoa_2026/src/ardupilot/libraries/AP_DDS/Idl/std_srvs/srv/Trigger.idl...
[2.740s] Generating Type definition files...
[2.740s] [0m
[2.746s] Generating C implementation in directory /home/lh/Documents/joao_pessoa_2026/src/ardupilot/build/sitl/libraries/GCS_MAVLink/include/mavlink/v2.0/csAirLink
[2.752s] Copying fixed headers for protocol 2.0 to /home/lh/Documents/joao_pessoa_2026/src/ardupilot/build/sitl/libraries/GCS_MAVLink/include/mavlink/v2.0
[2.815s] Loading templates...
[2.815s] Processing the file /home/lh/Documents/joao_pessoa_2026/src/ardupilot/libraries/AP_DDS/Idl/rosgraph_msgs/msg/Clock.idl...
[2.815s] Generating Type definition files...
[2.815s] Adding dependency project /home/lh/Documents/joao_pessoa_2026/src/ardupilot/libraries/AP_DDS/Idl/builtin_interfaces/msg/Time.idl
[2.815s] Processing the file /home/lh/Documents/joao_pessoa_2026/src/ardupilot/libraries/AP_DDS/Idl/builtin_interfaces/msg/Time.idl...
[2.815s] Generating Type definition files...
[2.815s] [0m
[2.831s] Loading templates...
[2.831s] Processing the file /home/lh/Documents/joao_pessoa_2026/src/ardupilot/libraries/AP_DDS/Idl/builtin_interfaces/msg/Duration.idl...
[2.831s] Generating Type definition files...
[2.831s] Processing the file /home/lh/Documents/joao_pessoa_2026/src/ardupilot/libraries/AP_DDS/Idl/builtin_interfaces/msg/Time.idl...
[2.831s] Generating Type definition files...
[2.831s] [0m
[2.875s] Loading templates...
[2.875s] Processing the file /home/lh/Documents/joao_pessoa_2026/src/ardupilot/libraries/AP_DDS/Idl/ardupilot_msgs/srv/ArmMotors.idl...
[2.875s] Generating Type definition files...
[2.875s] Processing the file /home/lh/Documents/joao_pessoa_2026/src/ardupilot/libraries/AP_DDS/Idl/ardupilot_msgs/srv/ModeSwitch.idl...
[2.875s] Generating Type definition files...
[2.875s] Processing the file /home/lh/Documents/joao_pessoa_2026/src/ardupilot/libraries/AP_DDS/Idl/ardupilot_msgs/srv/Takeoff.idl...
[2.875s] Generating Type definition files...
[2.875s] [0m
[2.901s] expanding com.hex.equipment.flow.Measurement
[2.901s] expanding uavcan.equipment.camera_gimbal.GEOPOICommand
[2.901s] expanding uavcan.protocol.DataTypeKind
[2.901s] expanding com.tmotor.esc.FocCtrl
[2.901s] expanding dronecan.protocol.Stats
[2.901s] expanding uavcan.equipment.air_data.TrueAirspeed
[2.901s] expanding uavcan.protocol.SoftwareVersion
[2.901s] expanding ardupilot.equipment.trafficmonitor.TrafficReport
[2.901s] expanding com.hobbywing.esc.SetID
[2.902s] expanding dronecan.remoteid.SelfID
[2.902s] expanding dronecan.protocol.FlexDebug
[2.902s] expanding uavcan.equipment.camera_gimbal.Mode
[2.902s] expanding uavcan.equipment.esc.RawCommand
[2.902s] expanding uavcan.equipment.gnss.ECEFPositionVelocity
[2.902s] expanding uavcan.tunnel.Protocol
[2.902s] expanding uavcan.protocol.file.EntryType
[2.902s] expanding com.hobbywing.esc.SetDirection
[2.902s] expanding uavcan.equipment.actuator.Status
[2.902s] expanding uavcan.protocol.param.Empty
[2.902s] expanding com.tmotor.esc.PUSHCAN
[2.902s] expanding uavcan.equipment.ahrs.RawIMU
[2.902s] expanding uavcan.protocol.enumeration.Indication
[2.902s] expanding ardupilot.equipment.proximity_sensor.Proximity
[2.902s] expanding ardupilot.gnss.Status
[2.902s] expanding com.himark.servo.ServoCmd
[2.902s] expanding dronecan.sensors.rc.RCInput
[2.902s] expanding uavcan.Timestamp
[2.902s] expanding uavcan.equipment.indication.BeepCommand
[2.902s] expanding uavcan.protocol.GetNodeInfo
[2.902s] expanding ardupilot.gnss.Heading
[2.903s] expanding dronecan.remoteid.System
[2.903s] expanding uavcan.equipment.gnss.Fix
[2.903s] expanding uavcan.protocol.GlobalTimeSync
[2.903s] expanding uavcan.protocol.debug.LogLevel
[2.903s] expanding com.hobbywing.esc.GetMajorConfig
[2.903s] expanding uavcan.protocol.param.NumericValue
[2.903s] expanding com.hobbywing.esc.StatusMsg2
[2.903s] expanding uavcan.equipment.ahrs.MagneticFieldStrength
[2.903s] expanding uavcan.equipment.air_data.RawAirData
[2.903s] expanding uavcan.protocol.dynamic_node_id.Allocation
[2.903s] expanding com.hobbywing.esc.StatusMsg1
[2.903s] expanding uavcan.equipment.ahrs.MagneticFieldStrength2
[2.903s] expanding uavcan.protocol.GetTransportStats
[2.903s] expanding ardupilot.indication.Button
[2.903s] expanding com.hobbywing.esc.SetAngle
[2.903s] expanding uavcan.equipment.air_data.StaticTemperature
[2.903s] expanding uavcan.protocol.dynamic_node_id.server.Entry
[2.903s] expanding com.xacti.GimbalControlData
[2.903s] expanding dronecan.sensors.magnetometer.MagneticFieldStrengthHiRes
[2.903s] expanding uavcan.equipment.esc.RPMCommand
[2.903s] expanding uavcan.equipment.air_data.StaticPressure
[2.904s] expanding uavcan.protocol.file.Error
[2.904s] expanding com.xacti.GnssStatusReq
[2.904s] expanding uavcan.equipment.gnss.RTCMStream
[2.904s] expanding uavcan.protocol.NodeStatus
[2.904s] expanding uavcan.protocol.file.Path
[2.907s] expanding ardupilot.indication.SafetyState
[2.907s] expanding com.hobbywing.esc.SetThrottleSource
[2.907s] expanding uavcan.equipment.camera_gimbal.AngularCommand
[2.907s] expanding uavcan.equipment.indication.SingleLightCommand
[2.907s] expanding uavcan.protocol.param.Value
[2.907s] expanding com.volz.servo.ActuatorStatus
[2.907s] expanding uavcan.equipment.power.PrimaryPowerSupplyStatus
[2.907s] expanding uavcan.protocol.AccessCommandShell
[2.907s] expanding com.hobbywing.esc.SetReportingFrequency
[2.907s] expanding uavcan.protocol.CANIfaceStats
[2.907s] expanding uavcan.protocol.file.Delete
[2.907s] expanding ardupilot.gnss.MovingBaselineData
[2.907s] expanding dronecan.remoteid.SecureCommand
[2.907s] expanding uavcan.equipment.actuator.ArrayCommand
[2.908s] expanding uavcan.protocol.GetDataTypeInfo
[2.908s] expanding uavcan.navigation.GlobalNavigationSolution
[2.908s] expanding com.tmotor.esc.ParamGet
[2.908s] expanding dronecan.sensors.rpm.RPM
[2.908s] expanding dronecan.protocol.GlobalTime
[2.908s] expanding uavcan.equipment.power.CircuitStatus
[2.908s] expanding uavcan.tunnel.SerialConfig
[2.908s] expanding uavcan.protocol.dynamic_node_id.server.AppendEntries
[2.908s] expanding com.xacti.GnssStatus
[2.908s] expanding uavcan.equipment.gnss.Fix2
[2.908s] expanding uavcan.equipment.ice.reciprocating.Status
[2.908s] expanding uavcan.equipment.actuator.Command
[2.908s] expanding uavcan.protocol.dynamic_node_id.server.RequestVote
[2.908s] expanding ardupilot.equipment.power.BatteryTag
[2.908s] expanding com.himark.servo.ServoInfo
[2.908s] expanding dronecan.protocol.CanStats
[2.908s] expanding uavcan.equipment.power.BatteryInfo
[2.908s] expanding uavcan.tunnel.Broadcast
[2.908s] expanding uavcan.protocol.debug.KeyValue
[2.908s] expanding ardupilot.indication.NotifyState
[2.908s] expanding dronecan.remoteid.Location
[2.909s] expanding uavcan.equipment.ice.reciprocating.CylinderStatus
[2.909s] expanding uavcan.protocol.file.GetDirectoryEntryInfo
[2.909s] expanding com.hobbywing.esc.SetBaud
[2.909s] expanding uavcan.protocol.Panic
[2.909s] expanding uavcan.protocol.param.ExecuteOpcode
[2.909s] expanding com.tmotor.esc.PUSHSCI
[2.909s] expanding dronecan.sensors.hygrometer.Hygrometer
[2.909s] expanding uavcan.equipment.esc.Status
[2.909s] expanding uavcan.equipment.ice.FuelTankStatus
[2.909s] expanding uavcan.equipment.air_data.IndicatedAirspeed
[2.909s] expanding uavcan.protocol.HardwareVersion
[2.909s] expanding uavcan.protocol.debug.LogMessage
[2.909s] expanding ardupilot.equipment.power.BatteryContinuous
[2.909s] expanding com.hobbywing.esc.GetEscID
[2.909s] expanding uavcan.equipment.device.Temperature
[2.909s] expanding uavcan.equipment.air_data.Sideslip
[2.909s] expanding uavcan.protocol.dynamic_node_id.server.Discovery
[2.909s] expanding com.hobbywing.esc.StatusMsg3
[2.909s] expanding uavcan.equipment.esc.StatusExtended
[2.909s] expanding uavcan.tunnel.Targetted
[2.909s] expanding uavcan.protocol.file.Read
[2.910s] expanding com.xacti.GimbalAttitudeStatus
[2.910s] expanding cuav.equipment.power.CBAT
[2.910s] expanding uavcan.equipment.indication.RGB565
[2.910s] expanding uavcan.protocol.file.Write
[2.910s] expanding ardupilot.equipment.power.BatteryInfoAux
[2.912s] expanding com.hobbywing.esc.SetLED
[2.912s] expanding mppt.OutputEnable
[2.912s] expanding uavcan.equipment.hardpoint.Status
[2.912s] expanding uavcan.equipment.air_data.AngleOfAttack
[2.912s] expanding uavcan.protocol.file.BeginFirmwareUpdate
[2.912s] expanding ardupilot.equipment.power.BatteryCells
[2.912s] expanding com.xacti.CopterAttStatus
[2.912s] expanding com.hobbywing.esc.GetMaintenanceInformation
[2.912s] expanding dronecan.remoteid.BasicID
[2.912s] expanding mppt.Stream
[2.912s] expanding uavcan.equipment.camera_gimbal.Status
[2.913s] expanding uavcan.equipment.hardpoint.Command
[2.913s] expanding uavcan.protocol.RestartNode
[2.913s] expanding com.tmotor.esc.ParamCfg
[2.913s] expanding dronecan.remoteid.ArmStatus
[2.913s] expanding uavcan.equipment.ahrs.Solution
[2.913s] expanding uavcan.equipment.indication.LightsCommand
[2.913s] expanding uavcan.protocol.file.GetInfo
[2.913s] expanding ardupilot.gnss.RelPosHeading
[2.913s] expanding dronecan.remoteid.OperatorID
[2.913s] expanding uavcan.equipment.range_sensor.Measurement
[2.913s] expanding uavcan.tunnel.Call
[2.913s] expanding com.hobbywing.esc.RawCommand
[2.913s] expanding uavcan.CoarseOrientation
[2.913s] expanding uavcan.equipment.safety.ArmingStatus
[2.913s] expanding uavcan.protocol.param.GetSet
[2.913s] expanding ardupilot.equipment.power.BatteryPeriodic
[2.913s] expanding com.hobbywing.esc.SelfTest
[2.913s] expanding uavcan.equipment.gnss.Auxiliary
[2.913s] expanding uavcan.protocol.enumeration.Begin
[2.914s] [0m
[2.961s] Loading templates...
[2.961s] Processing the file /home/lh/Documents/joao_pessoa_2026/src/ardupilot/libraries/AP_DDS/Idl/rcl_interfaces/msg/Parameter.idl...
[2.961s] Generating Type definition files...
[2.961s] Adding dependency project /home/lh/Documents/joao_pessoa_2026/src/ardupilot/libraries/AP_DDS/Idl/rcl_interfaces/msg/ParameterValue.idl
[2.961s] Processing the file /home/lh/Documents/joao_pessoa_2026/src/ardupilot/libraries/AP_DDS/Idl/rcl_interfaces/msg/ParameterValue.idl...
[2.961s] Generating Type definition files...
[2.961s] Processing the file /home/lh/Documents/joao_pessoa_2026/src/ardupilot/libraries/AP_DDS/Idl/rcl_interfaces/msg/ParameterType.idl...
[2.961s] Generating Type definition files...
[2.961s] Processing the file /home/lh/Documents/joao_pessoa_2026/src/ardupilot/libraries/AP_DDS/Idl/rcl_interfaces/msg/ParameterValue.idl...
[2.961s] Generating Type definition files...
[2.961s] Processing the file /home/lh/Documents/joao_pessoa_2026/src/ardupilot/libraries/AP_DDS/Idl/rcl_interfaces/msg/SetParametersResult.idl...
[2.961s] Generating Type definition files...
[2.962s] [0m
[3.031s] Loading templates...
[3.031s] Processing the file /home/lh/Documents/joao_pessoa_2026/src/ardupilot/libraries/AP_DDS/Idl/rcl_interfaces/srv/GetParameters.idl...
[3.031s] Generating Type definition files...
[3.031s] Adding dependency project /home/lh/Documents/joao_pessoa_2026/src/ardupilot/libraries/AP_DDS/Idl/rcl_interfaces/msg/ParameterValue.idl
[3.032s] Processing the file /home/lh/Documents/joao_pessoa_2026/src/ardupilot/libraries/AP_DDS/Idl/rcl_interfaces/msg/ParameterValue.idl...
[3.032s] Generating Type definition files...
[3.032s] Processing the file /home/lh/Documents/joao_pessoa_2026/src/ardupilot/libraries/AP_DDS/Idl/rcl_interfaces/srv/SetParameters.idl...
[3.032s] Generating Type definition files...
[3.032s] Adding dependency project /home/lh/Documents/joao_pessoa_2026/src/ardupilot/libraries/AP_DDS/Idl/rcl_interfaces/msg/SetParametersResult.idl
[3.032s] Processing the file /home/lh/Documents/joao_pessoa_2026/src/ardupilot/libraries/AP_DDS/Idl/rcl_interfaces/msg/SetParametersResult.idl...
[3.032s] Generating Type definition files...
[3.032s] Adding dependency project /home/lh/Documents/joao_pessoa_2026/src/ardupilot/libraries/AP_DDS/Idl/rcl_interfaces/msg/Parameter.idl
[3.032s] Processing the file /home/lh/Documents/joao_pessoa_2026/src/ardupilot/libraries/AP_DDS/Idl/rcl_interfaces/msg/Parameter.idl...
[3.032s] Generating Type definition files...
[3.032s] Adding dependency project /home/lh/Documents/joao_pessoa_2026/src/ardupilot/libraries/AP_DDS/Idl/rcl_interfaces/msg/ParameterValue.idl
[3.032s] Processing the file /home/lh/Documents/joao_pessoa_2026/src/ardupilot/libraries/AP_DDS/Idl/rcl_interfaces/msg/ParameterValue.idl...
[3.032s] Generating Type definition files...
[3.032s] [0m
[3.087s] Loading templates...
[3.087s] Processing the file /home/lh/Documents/joao_pessoa_2026/src/ardupilot/libraries/AP_DDS/Idl/tf2_msgs/msg/TFMessage.idl...
[3.087s] Generating Type definition files...
[3.087s] Adding dependency project /home/lh/Documents/joao_pessoa_2026/src/ardupilot/libraries/AP_DDS/Idl/geometry_msgs/msg/TransformStamped.idl
[3.087s] Processing the file /home/lh/Documents/joao_pessoa_2026/src/ardupilot/libraries/AP_DDS/Idl/geometry_msgs/msg/TransformStamped.idl...
[3.087s] Generating Type definition files...
[3.087s] Adding dependency project /home/lh/Documents/joao_pessoa_2026/src/ardupilot/libraries/AP_DDS/Idl/std_msgs/msg/Header.idl
[3.087s] Processing the file /home/lh/Documents/joao_pessoa_2026/src/ardupilot/libraries/AP_DDS/Idl/std_msgs/msg/Header.idl...
[3.087s] Generating Type definition files...
[3.087s] Adding dependency project /home/lh/Documents/joao_pessoa_2026/src/ardupilot/libraries/AP_DDS/Idl/builtin_interfaces/msg/Time.idl
[3.087s] Processing the file /home/lh/Documents/joao_pessoa_2026/src/ardupilot/libraries/AP_DDS/Idl/builtin_interfaces/msg/Time.idl...
[3.087s] Generating Type definition files...
[3.087s] Adding dependency project /home/lh/Documents/joao_pessoa_2026/src/ardupilot/libraries/AP_DDS/Idl/geometry_msgs/msg/Transform.idl
[3.087s] Processing the file /home/lh/Documents/joao_pessoa_2026/src/ardupilot/libraries/AP_DDS/Idl/geometry_msgs/msg/Transform.idl...
[3.087s] Generating Type definition files...
[3.087s] Adding dependency project /home/lh/Documents/joao_pessoa_2026/src/ardupilot/libraries/AP_DDS/Idl/geometry_msgs/msg/Vector3.idl
[3.087s] Processing the file /home/lh/Documents/joao_pessoa_2026/src/ardupilot/libraries/AP_DDS/Idl/geometry_msgs/msg/Vector3.idl...
[3.088s] Generating Type definition files...
[3.088s] Adding dependency project /home/lh/Documents/joao_pessoa_2026/src/ardupilot/libraries/AP_DDS/Idl/geometry_msgs/msg/Quaternion.idl
[3.088s] Processing the file /home/lh/Documents/joao_pessoa_2026/src/ardupilot/libraries/AP_DDS/Idl/geometry_msgs/msg/Quaternion.idl...
[3.088s] Generating Type definition files...
[3.088s] [0m
[3.220s] Loading templates...
[3.220s] Processing the file /home/lh/Documents/joao_pessoa_2026/src/ardupilot/libraries/AP_DDS/Idl/geographic_msgs/msg/GeoPoint.idl...
[3.220s] WARNING (File GeoPoint, Line 14): Annotation unit not supported. Ignoring...
[3.220s] WARNING (File GeoPoint, Line 21): Annotation unit not supported. Ignoring...
[3.220s] WARNING (File GeoPoint, Line 26): Annotation unit not supported. Ignoring...
[3.220s] Generating Type definition files...
[3.220s] Processing the file /home/lh/Documents/joao_pessoa_2026/src/ardupilot/libraries/AP_DDS/Idl/geographic_msgs/msg/GeoPointStamped.idl...
[3.220s] WARNING (File GeoPointStamped, Line 14): Annotation unit not supported. Ignoring...
[3.220s] WARNING (File GeoPointStamped, Line 21): Annotation unit not supported. Ignoring...
[3.220s] WARNING (File GeoPointStamped, Line 26): Annotation unit not supported. Ignoring...
[3.220s] Generating Type definition files...
[3.220s] Adding dependency project /home/lh/Documents/joao_pessoa_2026/src/ardupilot/libraries/AP_DDS/Idl/std_msgs/msg/Header.idl
[3.220s] Processing the file /home/lh/Documents/joao_pessoa_2026/src/ardupilot/libraries/AP_DDS/Idl/std_msgs/msg/Header.idl...
[3.220s] Generating Type definition files...
[3.220s] Adding dependency project /home/lh/Documents/joao_pessoa_2026/src/ardupilot/libraries/AP_DDS/Idl/builtin_interfaces/msg/Time.idl
[3.220s] Processing the file /home/lh/Documents/joao_pessoa_2026/src/ardupilot/libraries/AP_DDS/Idl/builtin_interfaces/msg/Time.idl...
[3.221s] Generating Type definition files...
[3.221s] Adding dependency project /home/lh/Documents/joao_pessoa_2026/src/ardupilot/libraries/AP_DDS/Idl/geographic_msgs/msg/GeoPoint.idl
[3.221s] Processing the file /home/lh/Documents/joao_pessoa_2026/src/ardupilot/libraries/AP_DDS/Idl/geographic_msgs/msg/GeoPoint.idl...
[3.221s] WARNING (File GeoPoint, Line 14): Annotation unit not supported. Ignoring...
[3.221s] WARNING (File GeoPoint, Line 21): Annotation unit not supported. Ignoring...
[3.221s] WARNING (File GeoPoint, Line 26): Annotation unit not supported. Ignoring...
[3.221s] Generating Type definition files...
[3.221s] Processing the file /home/lh/Documents/joao_pessoa_2026/src/ardupilot/libraries/AP_DDS/Idl/geographic_msgs/msg/GeoPose.idl...
[3.221s] WARNING (File GeoPose, Line 14): Annotation unit not supported. Ignoring...
[3.221s] WARNING (File GeoPose, Line 21): Annotation unit not supported. Ignoring...
[3.221s] WARNING (File GeoPose, Line 26): Annotation unit not supported. Ignoring...
[3.221s] Generating Type definition files...
[3.221s] Adding dependency project /home/lh/Documents/joao_pessoa_2026/src/ardupilot/libraries/AP_DDS/Idl/geographic_msgs/msg/GeoPoint.idl
[3.221s] Processing the file /home/lh/Documents/joao_pessoa_2026/src/ardupilot/libraries/AP_DDS/Idl/geographic_msgs/msg/GeoPoint.idl...
[3.221s] WARNING (File GeoPoint, Line 14): Annotation unit not supported. Ignoring...
[3.221s] WARNING (File GeoPoint, Line 21): Annotation unit not supported. Ignoring...
[3.221s] WARNING (File GeoPoint, Line 26): Annotation unit not supported. Ignoring...
[3.221s] Generating Type definition files...
[3.221s] Adding dependency project /home/lh/Documents/joao_pessoa_2026/src/ardupilot/libraries/AP_DDS/Idl/geometry_msgs/msg/Quaternion.idl
[3.221s] Processing the file /home/lh/Documents/joao_pessoa_2026/src/ardupilot/libraries/AP_DDS/Idl/geometry_msgs/msg/Quaternion.idl...
[3.221s] Generating Type definition files...
[3.221s] Processing the file /home/lh/Documents/joao_pessoa_2026/src/ardupilot/libraries/AP_DDS/Idl/geographic_msgs/msg/GeoPoseStamped.idl...
[3.222s] WARNING (File GeoPoseStamped, Line 14): Annotation unit not supported. Ignoring...
[3.222s] WARNING (File GeoPoseStamped, Line 21): Annotation unit not supported. Ignoring...
[3.222s] WARNING (File GeoPoseStamped, Line 26): Annotation unit not supported. Ignoring...
[3.222s] Generating Type definition files...
[3.222s] Adding dependency project /home/lh/Documents/joao_pessoa_2026/src/ardupilot/libraries/AP_DDS/Idl/std_msgs/msg/Header.idl
[3.222s] Processing the file /home/lh/Documents/joao_pessoa_2026/src/ardupilot/libraries/AP_DDS/Idl/std_msgs/msg/Header.idl...
[3.222s] Generating Type definition files...
[3.222s] Adding dependency project /home/lh/Documents/joao_pessoa_2026/src/ardupilot/libraries/AP_DDS/Idl/builtin_interfaces/msg/Time.idl
[3.222s] Processing the file /home/lh/Documents/joao_pessoa_2026/src/ardupilot/libraries/AP_DDS/Idl/builtin_interfaces/msg/Time.idl...
[3.222s] Generating Type definition files...
[3.222s] Adding dependency project /home/lh/Documents/joao_pessoa_2026/src/ardupilot/libraries/AP_DDS/Idl/geographic_msgs/msg/GeoPose.idl
[3.222s] Processing the file /home/lh/Documents/joao_pessoa_2026/src/ardupilot/libraries/AP_DDS/Idl/geographic_msgs/msg/GeoPose.idl...
[3.222s] WARNING (File GeoPose, Line 14): Annotation unit not supported. Ignoring...
[3.222s] WARNING (File GeoPose, Line 21): Annotation unit not supported. Ignoring...
[3.222s] WARNING (File GeoPose, Line 26): Annotation unit not supported. Ignoring...
[3.222s] Generating Type definition files...
[3.222s] Adding dependency project /home/lh/Documents/joao_pessoa_2026/src/ardupilot/libraries/AP_DDS/Idl/geographic_msgs/msg/GeoPoint.idl
[3.222s] Processing the file /home/lh/Documents/joao_pessoa_2026/src/ardupilot/libraries/AP_DDS/Idl/geographic_msgs/msg/GeoPoint.idl...
[3.222s] WARNING (File GeoPoint, Line 14): Annotation unit not supported. Ignoring...
[3.222s] WARNING (File GeoPoint, Line 21): Annotation unit not supported. Ignoring...
[3.222s] WARNING (File GeoPoint, Line 26): Annotation unit not supported. Ignoring...
[3.222s] Generating Type definition files...
[3.222s] Adding dependency project /home/lh/Documents/joao_pessoa_2026/src/ardupilot/libraries/AP_DDS/Idl/geometry_msgs/msg/Quaternion.idl
[3.223s] Processing the file /home/lh/Documents/joao_pessoa_2026/src/ardupilot/libraries/AP_DDS/Idl/geometry_msgs/msg/Quaternion.idl...
[3.223s] Generating Type definition files...
[3.223s] [0m
[3.461s] Loading templates...
[3.461s] Processing the file /home/lh/Documents/joao_pessoa_2026/src/ardupilot/libraries/AP_DDS/Idl/ardupilot_msgs/msg/Airspeed.idl...
[3.461s] Generating Type definition files...
[3.461s] Adding dependency project /home/lh/Documents/joao_pessoa_2026/src/ardupilot/libraries/AP_DDS/Idl/std_msgs/msg/Header.idl
[3.461s] Processing the file /home/lh/Documents/joao_pessoa_2026/src/ardupilot/libraries/AP_DDS/Idl/std_msgs/msg/Header.idl...
[3.461s] Generating Type definition files...
[3.461s] Adding dependency project /home/lh/Documents/joao_pessoa_2026/src/ardupilot/libraries/AP_DDS/Idl/builtin_interfaces/msg/Time.idl
[3.461s] Processing the file /home/lh/Documents/joao_pessoa_2026/src/ardupilot/libraries/AP_DDS/Idl/builtin_interfaces/msg/Time.idl...
[3.461s] Generating Type definition files...
[3.461s] Adding dependency project /home/lh/Documents/joao_pessoa_2026/src/ardupilot/libraries/AP_DDS/Idl/geometry_msgs/msg/Vector3.idl
[3.461s] Processing the file /home/lh/Documents/joao_pessoa_2026/src/ardupilot/libraries/AP_DDS/Idl/geometry_msgs/msg/Vector3.idl...
[3.461s] Generating Type definition files...
[3.461s] Processing the file /home/lh/Documents/joao_pessoa_2026/src/ardupilot/libraries/AP_DDS/Idl/ardupilot_msgs/msg/GlobalPosition.idl...
[3.462s] Generating Type definition files...
[3.462s] Adding dependency project /home/lh/Documents/joao_pessoa_2026/src/ardupilot/libraries/AP_DDS/Idl/std_msgs/msg/Header.idl
[3.462s] Processing the file /home/lh/Documents/joao_pessoa_2026/src/ardupilot/libraries/AP_DDS/Idl/std_msgs/msg/Header.idl...
[3.462s] Generating Type definition files...
[3.462s] Adding dependency project /home/lh/Documents/joao_pessoa_2026/src/ardupilot/libraries/AP_DDS/Idl/builtin_interfaces/msg/Time.idl
[3.462s] Processing the file /home/lh/Documents/joao_pessoa_2026/src/ardupilot/libraries/AP_DDS/Idl/builtin_interfaces/msg/Time.idl...
[3.462s] Generating Type definition files...
[3.462s] Adding dependency project /home/lh/Documents/joao_pessoa_2026/src/ardupilot/libraries/AP_DDS/Idl/geometry_msgs/msg/Twist.idl
[3.462s] Processing the file /home/lh/Documents/joao_pessoa_2026/src/ardupilot/libraries/AP_DDS/Idl/geometry_msgs/msg/Twist.idl...
[3.462s] Generating Type definition files...
[3.462s] Adding dependency project /home/lh/Documents/joao_pessoa_2026/src/ardupilot/libraries/AP_DDS/Idl/geometry_msgs/msg/Vector3.idl
[3.462s] Processing the file /home/lh/Documents/joao_pessoa_2026/src/ardupilot/libraries/AP_DDS/Idl/geometry_msgs/msg/Vector3.idl...
[3.462s] Generating Type definition files...
[3.462s] Processing the file /home/lh/Documents/joao_pessoa_2026/src/ardupilot/libraries/AP_DDS/Idl/ardupilot_msgs/msg/Rc.idl...
[3.462s] Generating Type definition files...
[3.462s] Adding dependency project /home/lh/Documents/joao_pessoa_2026/src/ardupilot/libraries/AP_DDS/Idl/std_msgs/msg/Header.idl
[3.462s] Processing the file /home/lh/Documents/joao_pessoa_2026/src/ardupilot/libraries/AP_DDS/Idl/std_msgs/msg/Header.idl...
[3.462s] Generating Type definition files...
[3.462s] Adding dependency project /home/lh/Documents/joao_pessoa_2026/src/ardupilot/libraries/AP_DDS/Idl/builtin_interfaces/msg/Time.idl
[3.462s] Processing the file /home/lh/Documents/joao_pessoa_2026/src/ardupilot/libraries/AP_DDS/Idl/builtin_interfaces/msg/Time.idl...
[3.462s] Generating Type definition files...
[3.462s] Processing the file /home/lh/Documents/joao_pessoa_2026/src/ardupilot/libraries/AP_DDS/Idl/ardupilot_msgs/msg/Status.idl...
[3.462s] Generating Type definition files...
[3.462s] Adding dependency project /home/lh/Documents/joao_pessoa_2026/src/ardupilot/libraries/AP_DDS/Idl/std_msgs/msg/Header.idl
[3.463s] Processing the file /home/lh/Documents/joao_pessoa_2026/src/ardupilot/libraries/AP_DDS/Idl/std_msgs/msg/Header.idl...
[3.463s] Generating Type definition files...
[3.463s] Adding dependency project /home/lh/Documents/joao_pessoa_2026/src/ardupilot/libraries/AP_DDS/Idl/builtin_interfaces/msg/Time.idl
[3.463s] Processing the file /home/lh/Documents/joao_pessoa_2026/src/ardupilot/libraries/AP_DDS/Idl/builtin_interfaces/msg/Time.idl...
[3.463s] Generating Type definition files...
[3.463s] [0m
[3.466s] Loading templates...
[3.467s] Processing the file /home/lh/Documents/joao_pessoa_2026/src/ardupilot/libraries/AP_DDS/Idl/sensor_msgs/msg/BatteryState.idl...
[3.467s] Generating Type definition files...
[3.467s] Adding dependency project /home/lh/Documents/joao_pessoa_2026/src/ardupilot/libraries/AP_DDS/Idl/std_msgs/msg/Header.idl
[3.467s] Processing the file /home/lh/Documents/joao_pessoa_2026/src/ardupilot/libraries/AP_DDS/Idl/std_msgs/msg/Header.idl...
[3.467s] Generating Type definition files...
[3.467s] Adding dependency project /home/lh/Documents/joao_pessoa_2026/src/ardupilot/libraries/AP_DDS/Idl/builtin_interfaces/msg/Time.idl
[3.467s] Processing the file /home/lh/Documents/joao_pessoa_2026/src/ardupilot/libraries/AP_DDS/Idl/builtin_interfaces/msg/Time.idl...
[3.467s] Generating Type definition files...
[3.467s] Processing the file /home/lh/Documents/joao_pessoa_2026/src/ardupilot/libraries/AP_DDS/Idl/sensor_msgs/msg/Imu.idl...
[3.467s] Generating Type definition files...
[3.467s] Adding dependency project /home/lh/Documents/joao_pessoa_2026/src/ardupilot/libraries/AP_DDS/Idl/std_msgs/msg/Header.idl
[3.467s] Processing the file /home/lh/Documents/joao_pessoa_2026/src/ardupilot/libraries/AP_DDS/Idl/std_msgs/msg/Header.idl...
[3.467s] Generating Type definition files...
[3.467s] Adding dependency project /home/lh/Documents/joao_pessoa_2026/src/ardupilot/libraries/AP_DDS/Idl/builtin_interfaces/msg/Time.idl
[3.467s] Processing the file /home/lh/Documents/joao_pessoa_2026/src/ardupilot/libraries/AP_DDS/Idl/builtin_interfaces/msg/Time.idl...
[3.467s] Generating Type definition files...
[3.467s] Adding dependency project /home/lh/Documents/joao_pessoa_2026/src/ardupilot/libraries/AP_DDS/Idl/geometry_msgs/msg/Vector3.idl
[3.467s] Processing the file /home/lh/Documents/joao_pessoa_2026/src/ardupilot/libraries/AP_DDS/Idl/geometry_msgs/msg/Vector3.idl...
[3.467s] Generating Type definition files...
[3.467s] Adding dependency project /home/lh/Documents/joao_pessoa_2026/src/ardupilot/libraries/AP_DDS/Idl/geometry_msgs/msg/Quaternion.idl
[3.467s] Processing the file /home/lh/Documents/joao_pessoa_2026/src/ardupilot/libraries/AP_DDS/Idl/geometry_msgs/msg/Quaternion.idl...
[3.467s] Generating Type definition files...
[3.467s] Processing the file /home/lh/Documents/joao_pessoa_2026/src/ardupilot/libraries/AP_DDS/Idl/sensor_msgs/msg/Joy.idl...
[3.467s] Generating Type definition files...
[3.468s] Adding dependency project /home/lh/Documents/joao_pessoa_2026/src/ardupilot/libraries/AP_DDS/Idl/std_msgs/msg/Header.idl
[3.468s] Processing the file /home/lh/Documents/joao_pessoa_2026/src/ardupilot/libraries/AP_DDS/Idl/std_msgs/msg/Header.idl...
[3.468s] Generating Type definition files...
[3.468s] Adding dependency project /home/lh/Documents/joao_pessoa_2026/src/ardupilot/libraries/AP_DDS/Idl/builtin_interfaces/msg/Time.idl
[3.468s] Processing the file /home/lh/Documents/joao_pessoa_2026/src/ardupilot/libraries/AP_DDS/Idl/builtin_interfaces/msg/Time.idl...
[3.468s] Generating Type definition files...
[3.468s] Processing the file /home/lh/Documents/joao_pessoa_2026/src/ardupilot/libraries/AP_DDS/Idl/sensor_msgs/msg/NavSatFix.idl...
[3.468s] WARNING (File NavSatFix, Line 41): Annotation unit not supported. Ignoring...
[3.468s] WARNING (File NavSatFix, Line 46): Annotation unit not supported. Ignoring...
[3.468s] WARNING (File NavSatFix, Line 52): Annotation unit not supported. Ignoring...
[3.468s] WARNING (File NavSatFix, Line 61): Annotation unit not supported. Ignoring...
[3.468s] Generating Type definition files...
[3.468s] Adding dependency project /home/lh/Documents/joao_pessoa_2026/src/ardupilot/libraries/AP_DDS/Idl/std_msgs/msg/Header.idl
[3.468s] Processing the file /home/lh/Documents/joao_pessoa_2026/src/ardupilot/libraries/AP_DDS/Idl/std_msgs/msg/Header.idl...
[3.468s] Generating Type definition files...
[3.468s] Adding dependency project /home/lh/Documents/joao_pessoa_2026/src/ardupilot/libraries/AP_DDS/Idl/builtin_interfaces/msg/Time.idl
[3.468s] Processing the file /home/lh/Documents/joao_pessoa_2026/src/ardupilot/libraries/AP_DDS/Idl/builtin_interfaces/msg/Time.idl...
[3.468s] Generating Type definition files...
[3.468s] Adding dependency project /home/lh/Documents/joao_pessoa_2026/src/ardupilot/libraries/AP_DDS/Idl/sensor_msgs/msg/NavSatStatus.idl
[3.468s] Processing the file /home/lh/Documents/joao_pessoa_2026/src/ardupilot/libraries/AP_DDS/Idl/sensor_msgs/msg/NavSatStatus.idl...
[3.468s] Generating Type definition files...
[3.468s] Processing the file /home/lh/Documents/joao_pessoa_2026/src/ardupilot/libraries/AP_DDS/Idl/sensor_msgs/msg/NavSatStatus.idl...
[3.468s] Generating Type definition files...
[3.468s] [0m
[3.486s] Loading templates...
[3.486s] Processing the file /home/lh/Documents/joao_pessoa_2026/src/ardupilot/libraries/AP_DDS/Idl/geometry_msgs/msg/Point.idl...
[3.486s] Generating Type definition files...
[3.486s] Processing the file /home/lh/Documents/joao_pessoa_2026/src/ardupilot/libraries/AP_DDS/Idl/geometry_msgs/msg/Pose.idl...
[3.486s] Generating Type definition files...
[3.486s] Adding dependency project /home/lh/Documents/joao_pessoa_2026/src/ardupilot/libraries/AP_DDS/Idl/geometry_msgs/msg/Quaternion.idl
[3.486s] Processing the file /home/lh/Documents/joao_pessoa_2026/src/ardupilot/libraries/AP_DDS/Idl/geometry_msgs/msg/Quaternion.idl...
[3.486s] Generating Type definition files...
[3.486s] Adding dependency project /home/lh/Documents/joao_pessoa_2026/src/ardupilot/libraries/AP_DDS/Idl/geometry_msgs/msg/Point.idl
[3.486s] Processing the file /home/lh/Documents/joao_pessoa_2026/src/ardupilot/libraries/AP_DDS/Idl/geometry_msgs/msg/Point.idl...
[3.486s] Generating Type definition files...
[3.486s] Processing the file /home/lh/Documents/joao_pessoa_2026/src/ardupilot/libraries/AP_DDS/Idl/geometry_msgs/msg/PoseStamped.idl...
[3.486s] Generating Type definition files...
[3.486s] Adding dependency project /home/lh/Documents/joao_pessoa_2026/src/ardupilot/libraries/AP_DDS/Idl/std_msgs/msg/Header.idl
[3.486s] Processing the file /home/lh/Documents/joao_pessoa_2026/src/ardupilot/libraries/AP_DDS/Idl/std_msgs/msg/Header.idl...
[3.486s] Generating Type definition files...
[3.486s] Adding dependency project /home/lh/Documents/joao_pessoa_2026/src/ardupilot/libraries/AP_DDS/Idl/builtin_interfaces/msg/Time.idl
[3.486s] Processing the file /home/lh/Documents/joao_pessoa_2026/src/ardupilot/libraries/AP_DDS/Idl/builtin_interfaces/msg/Time.idl...
[3.486s] Generating Type definition files...
[3.486s] Adding dependency project /home/lh/Documents/joao_pessoa_2026/src/ardupilot/libraries/AP_DDS/Idl/geometry_msgs/msg/Pose.idl
[3.486s] Processing the file /home/lh/Documents/joao_pessoa_2026/src/ardupilot/libraries/AP_DDS/Idl/geometry_msgs/msg/Pose.idl...
[3.486s] Generating Type definition files...
[3.487s] Adding dependency project /home/lh/Documents/joao_pessoa_2026/src/ardupilot/libraries/AP_DDS/Idl/geometry_msgs/msg/Quaternion.idl
[3.487s] Processing the file /home/lh/Documents/joao_pessoa_2026/src/ardupilot/libraries/AP_DDS/Idl/geometry_msgs/msg/Quaternion.idl...
[3.487s] Generating Type definition files...
[3.487s] Adding dependency project /home/lh/Documents/joao_pessoa_2026/src/ardupilot/libraries/AP_DDS/Idl/geometry_msgs/msg/Point.idl
[3.487s] Processing the file /home/lh/Documents/joao_pessoa_2026/src/ardupilot/libraries/AP_DDS/Idl/geometry_msgs/msg/Point.idl...
[3.487s] Generating Type definition files...
[3.487s] Processing the file /home/lh/Documents/joao_pessoa_2026/src/ardupilot/libraries/AP_DDS/Idl/geometry_msgs/msg/Quaternion.idl...
[3.487s] Generating Type definition files...
[3.487s] Processing the file /home/lh/Documents/joao_pessoa_2026/src/ardupilot/libraries/AP_DDS/Idl/geometry_msgs/msg/Transform.idl...
[3.487s] Generating Type definition files...
[3.487s] Adding dependency project /home/lh/Documents/joao_pessoa_2026/src/ardupilot/libraries/AP_DDS/Idl/geometry_msgs/msg/Vector3.idl
[3.487s] Processing the file /home/lh/Documents/joao_pessoa_2026/src/ardupilot/libraries/AP_DDS/Idl/geometry_msgs/msg/Vector3.idl...
[3.487s] Generating Type definition files...
[3.487s] Adding dependency project /home/lh/Documents/joao_pessoa_2026/src/ardupilot/libraries/AP_DDS/Idl/geometry_msgs/msg/Quaternion.idl
[3.487s] Processing the file /home/lh/Documents/joao_pessoa_2026/src/ardupilot/libraries/AP_DDS/Idl/geometry_msgs/msg/Quaternion.idl...
[3.487s] Generating Type definition files...
[3.487s] Processing the file /home/lh/Documents/joao_pessoa_2026/src/ardupilot/libraries/AP_DDS/Idl/geometry_msgs/msg/TransformStamped.idl...
[3.487s] Generating Type definition files...
[3.487s] Adding dependency project /home/lh/Documents/joao_pessoa_2026/src/ardupilot/libraries/AP_DDS/Idl/std_msgs/msg/Header.idl
[3.487s] Processing the file /home/lh/Documents/joao_pessoa_2026/src/ardupilot/libraries/AP_DDS/Idl/std_msgs/msg/Header.idl...
[3.487s] Generating Type definition files...
[3.487s] Adding dependency project /home/lh/Documents/joao_pessoa_2026/src/ardupilot/libraries/AP_DDS/Idl/builtin_interfaces/msg/Time.idl
[3.487s] Processing the file /home/lh/Documents/joao_pessoa_2026/src/ardupilot/libraries/AP_DDS/Idl/builtin_interfaces/msg/Time.idl...
[3.487s] Generating Type definition files...
[3.487s] Adding dependency project /home/lh/Documents/joao_pessoa_2026/src/ardupilot/libraries/AP_DDS/Idl/geometry_msgs/msg/Transform.idl
[3.487s] Processing the file /home/lh/Documents/joao_pessoa_2026/src/ardupilot/libraries/AP_DDS/Idl/geometry_msgs/msg/Transform.idl...
[3.487s] Generating Type definition files...
[3.487s] Adding dependency project /home/lh/Documents/joao_pessoa_2026/src/ardupilot/libraries/AP_DDS/Idl/geometry_msgs/msg/Vector3.idl
[3.487s] Processing the file /home/lh/Documents/joao_pessoa_2026/src/ardupilot/libraries/AP_DDS/Idl/geometry_msgs/msg/Vector3.idl...
[3.487s] Generating Type definition files...
[3.487s] Adding dependency project /home/lh/Documents/joao_pessoa_2026/src/ardupilot/libraries/AP_DDS/Idl/geometry_msgs/msg/Quaternion.idl
[3.487s] Processing the file /home/lh/Documents/joao_pessoa_2026/src/ardupilot/libraries/AP_DDS/Idl/geometry_msgs/msg/Quaternion.idl...
[3.487s] Generating Type definition files...
[3.487s] Processing the file /home/lh/Documents/joao_pessoa_2026/src/ardupilot/libraries/AP_DDS/Idl/geometry_msgs/msg/Twist.idl...
[3.487s] Generating Type definition files...
[3.487s] Adding dependency project /home/lh/Documents/joao_pessoa_2026/src/ardupilot/libraries/AP_DDS/Idl/geometry_msgs/msg/Vector3.idl
[3.487s] Processing the file /home/lh/Documents/joao_pessoa_2026/src/ardupilot/libraries/AP_DDS/Idl/geometry_msgs/msg/Vector3.idl...
[3.487s] Generating Type definition files...
[3.487s] Processing the file /home/lh/Documents/joao_pessoa_2026/src/ardupilot/libraries/AP_DDS/Idl/geometry_msgs/msg/TwistStamped.idl...
[3.487s] Generating Type definition files...
[3.487s] Adding dependency project /home/lh/Documents/joao_pessoa_2026/src/ardupilot/libraries/AP_DDS/Idl/std_msgs/msg/Header.idl
[3.487s] Processing the file /home/lh/Documents/joao_pessoa_2026/src/ardupilot/libraries/AP_DDS/Idl/std_msgs/msg/Header.idl...
[3.487s] Generating Type definition files...
[3.487s] Adding dependency project /home/lh/Documents/joao_pessoa_2026/src/ardupilot/libraries/AP_DDS/Idl/builtin_interfaces/msg/Time.idl
[3.487s] Processing the file /home/lh/Documents/joao_pessoa_2026/src/ardupilot/libraries/AP_DDS/Idl/builtin_interfaces/msg/Time.idl...
[3.487s] Generating Type definition files...
[3.488s] Adding dependency project /home/lh/Documents/joao_pessoa_2026/src/ardupilot/libraries/AP_DDS/Idl/geometry_msgs/msg/Twist.idl
[3.488s] Processing the file /home/lh/Documents/joao_pessoa_2026/src/ardupilot/libraries/AP_DDS/Idl/geometry_msgs/msg/Twist.idl...
[3.488s] Generating Type definition files...
[3.488s] Adding dependency project /home/lh/Documents/joao_pessoa_2026/src/ardupilot/libraries/AP_DDS/Idl/geometry_msgs/msg/Vector3.idl
[3.488s] Processing the file /home/lh/Documents/joao_pessoa_2026/src/ardupilot/libraries/AP_DDS/Idl/geometry_msgs/msg/Vector3.idl...
[3.488s] Generating Type definition files...
[3.488s] Processing the file /home/lh/Documents/joao_pessoa_2026/src/ardupilot/libraries/AP_DDS/Idl/geometry_msgs/msg/Vector3.idl...
[3.488s] Generating Type definition files...
[3.488s] Processing the file /home/lh/Documents/joao_pessoa_2026/src/ardupilot/libraries/AP_DDS/Idl/geometry_msgs/msg/Vector3Stamped.idl...
[3.488s] Generating Type definition files...
[3.488s] Adding dependency project /home/lh/Documents/joao_pessoa_2026/src/ardupilot/libraries/AP_DDS/Idl/std_msgs/msg/Header.idl
[3.488s] Processing the file /home/lh/Documents/joao_pessoa_2026/src/ardupilot/libraries/AP_DDS/Idl/std_msgs/msg/Header.idl...
[3.488s] Generating Type definition files...
[3.488s] Adding dependency project /home/lh/Documents/joao_pessoa_2026/src/ardupilot/libraries/AP_DDS/Idl/builtin_interfaces/msg/Time.idl
[3.488s] Processing the file /home/lh/Documents/joao_pessoa_2026/src/ardupilot/libraries/AP_DDS/Idl/builtin_interfaces/msg/Time.idl...
[3.488s] Generating Type definition files...
[3.488s] Adding dependency project /home/lh/Documents/joao_pessoa_2026/src/ardupilot/libraries/AP_DDS/Idl/geometry_msgs/msg/Vector3.idl
[3.488s] Processing the file /home/lh/Documents/joao_pessoa_2026/src/ardupilot/libraries/AP_DDS/Idl/geometry_msgs/msg/Vector3.idl...
[3.488s] Generating Type definition files...
[3.488s] [0m
[3.525s] [32mNo target_list file found, creating[0m
[3.525s] [32mGenerating compile_commands.json[0m
[3.561s] [32mGenerating compile_commands.json[0m
[3.588s] [32mGenerating compile_commands.json[0m
[3.611s] [32mGenerating compile_commands.json[0m
[3.648s] [32mGenerating compile_commands.json[0m
[3.686s] [32mGenerating compile_commands.json[0m
[3.744s] [32mGenerating compile_commands.json[0m
[3.764s] [32mBuild commands will be stored in build/sitl/compile_commands.json[0m
[3.818s] [32mGenerating compile_commands.json[0m
[3.822s] [32mBuild commands will be stored in build/sitl/compile_commands.json[0m
[3.862s] [32mBuild commands will be stored in build/sitl/compile_commands.json[0m
[3.911s] [32mGenerating compile_commands.json[0m
[3.914s] [32mBuild commands will be stored in build/sitl/compile_commands.json[0m
[3.953s] [32mBuild commands will be stored in build/sitl/compile_commands.json[0m
[4.001s] [32mGenerating compile_commands.json[0m
[4.005s] [32mBuild commands will be stored in build/sitl/compile_commands.json[0m
[4.045s] [32mBuild commands will be stored in build/sitl/compile_commands.json[0m
[4.094s] [32mGenerating compile_commands.json[0m
[4.098s] [32mBuild commands will be stored in build/sitl/compile_commands.json[0m
[4.138s] [32mBuild commands will be stored in build/sitl/compile_commands.json[0m
[4.180s] [32mBuild commands will be stored in build/sitl/compile_commands.json[0m
[4.227s] [32mGenerating compile_commands.json[0m
[4.231s] [32mBuild commands will be stored in build/sitl/compile_commands.json[0m
[4.273s] [32mBuild commands will be stored in build/sitl/compile_commands.json[0m
[4.320s] [32mGenerating compile_commands.json[0m
[4.324s] [32mBuild commands will be stored in build/sitl/compile_commands.json[0m
[4.369s] [  29/2351] Compiling [32mbuild/sitl/modules/DroneCAN/libcanard/dsdlc_generated/src/uavcan.protocol.GetTransportStats_req.c[0m
[4.369s] [  30/2351] Compiling [32mbuild/sitl/modules/DroneCAN/libcanard/dsdlc_generated/src/dronecan.remoteid.SecureCommand_req.c[0m
[4.370s] [  31/2351] Compiling [32mbuild/sitl/modules/DroneCAN/libcanard/dsdlc_generated/src/com.hex.equipment.flow.Measurement.c[0m
[4.370s] [  32/2351] Compiling [32mbuild/sitl/modules/DroneCAN/libcanard/dsdlc_generated/src/uavcan.protocol.GetNodeInfo_res.c[0m
[4.371s] [  33/2351] Compiling [32mbuild/sitl/modules/DroneCAN/libcanard/dsdlc_generated/src/uavcan.protocol.GetNodeInfo_req.c[0m
[4.371s] [  34/2351] Compiling [32mbuild/sitl/modules/DroneCAN/libcanard/dsdlc_generated/src/uavcan.protocol.GetDataTypeInfo_req.c[0m
[4.371s] [  35/2351] Compiling [32mbuild/sitl/modules/DroneCAN/libcanard/dsdlc_generated/src/dronecan.remoteid.Location.c[0m
[4.372s] [  36/2351] Compiling [32mbuild/sitl/modules/DroneCAN/libcanard/dsdlc_generated/src/uavcan.protocol.AccessCommandShell_req.c[0m
[4.372s] [  37/2351] Compiling [32mbuild/sitl/modules/DroneCAN/libcanard/dsdlc_generated/src/ardupilot.indication.SafetyState.c[0m
[4.372s] [  38/2351] Compiling [32mbuild/sitl/modules/DroneCAN/libcanard/dsdlc_generated/src/uavcan.equipment.safety.ArmingStatus.c[0m
[4.373s] [  39/2351] Compiling [32mbuild/sitl/modules/DroneCAN/libcanard/dsdlc_generated/src/uavcan.equipment.range_sensor.Measurement.c[0m
[4.373s] [  40/2351] Compiling [32mbuild/sitl/modules/DroneCAN/libcanard/dsdlc_generated/src/dronecan.protocol.GlobalTime.c[0m
[4.373s] [  41/2351] Compiling [32mbuild/sitl/modules/DroneCAN/libcanard/dsdlc_generated/src/uavcan.equipment.indication.LightsCommand.c[0m
[4.374s] [  42/2351] Compiling [32mbuild/sitl/modules/DroneCAN/libcanard/dsdlc_generated/src/uavcan.equipment.indication.BeepCommand.c[0m
[4.374s] [  43/2351] Compiling [32mbuild/sitl/modules/DroneCAN/libcanard/dsdlc_generated/src/uavcan.equipment.ice.reciprocating.Status.c[0m
[4.375s] [  44/2351] Compiling [32mbuild/sitl/modules/DroneCAN/libcanard/dsdlc_generated/src/cuav.equipment.power.CBAT.c[0m
[4.375s] [  45/2351] Compiling [32mbuild/sitl/modules/DroneCAN/libcanard/dsdlc_generated/src/ardupilot.equipment.proximity_sensor.Proximity.c[0m
[4.375s] [  46/2351] Compiling [32mbuild/sitl/modules/DroneCAN/libcanard/dsdlc_generated/src/uavcan.equipment.ice.reciprocating.CylinderStatus.c[0m
[4.376s] [  47/2351] Compiling [32mbuild/sitl/modules/DroneCAN/libcanard/dsdlc_generated/src/com.xacti.GnssStatusReq.c[0m
[4.376s] [  48/2351] Compiling [32mbuild/sitl/modules/DroneCAN/libcanard/dsdlc_generated/src/com.hobbywing.esc.SetAngle_req.c[0m
[4.377s] [  49/2351] Compiling [32mbuild/sitl/modules/DroneCAN/libcanard/dsdlc_generated/src/uavcan.equipment.ice.FuelTankStatus.c[0m
[4.377s] [  50/2351] Compiling [32mbuild/sitl/modules/DroneCAN/libcanard/dsdlc_generated/src/uavcan.equipment.hardpoint.Status.c[0m
[4.378s] [  51/2351] Compiling [32mbuild/sitl/modules/DroneCAN/libcanard/dsdlc_generated/src/ardupilot.indication.NotifyState.c[0m
[4.379s] [  52/2351] Compiling [32mbuild/sitl/modules/DroneCAN/libcanard/dsdlc_generated/src/uavcan.equipment.hardpoint.Command.c[0m
[4.380s] [  53/2351] Compiling [32mbuild/sitl/modules/DroneCAN/libcanard/dsdlc_generated/src/uavcan.equipment.gnss.RTCMStream.c[0m
[4.380s] [  54/2351] Compiling [32mbuild/sitl/modules/DroneCAN/libcanard/dsdlc_generated/src/com.xacti.GimbalControlData.c[0m
[4.380s] [  55/2351] Compiling [32mbuild/sitl/modules/DroneCAN/libcanard/dsdlc_generated/src/com.hobbywing.esc.SelfTest_res.c[0m
[4.381s] [  56/2351] Compiling [32mbuild/sitl/modules/DroneCAN/libcanard/dsdlc_generated/src/ardupilot.indication.Button.c[0m
[4.381s] [  57/2351] Compiling [32mbuild/sitl/modules/DroneCAN/libcanard/dsdlc_generated/src/uavcan.equipment.gnss.Fix2.c[0m
[4.382s] [  58/2351] Compiling [32mbuild/sitl/modules/DroneCAN/libcanard/dsdlc_generated/src/uavcan.equipment.gnss.Fix.c[0m
[4.382s] [  59/2351] Compiling [32mbuild/sitl/modules/DroneCAN/libcanard/dsdlc_generated/src/com.xacti.GnssStatus.c[0m
[4.382s] [  60/2351] Compiling [32mbuild/sitl/modules/DroneCAN/libcanard/dsdlc_generated/src/com.xacti.GimbalAttitudeStatus.c[0m
[4.383s] [  61/2351] Compiling [32mbuild/sitl/modules/DroneCAN/libcanard/dsdlc_generated/src/uavcan.equipment.gnss.ECEFPositionVelocity.c[0m
[4.384s] [  62/2351] Compiling [32mbuild/sitl/modules/DroneCAN/libcanard/dsdlc_generated/src/com.hobbywing.esc.SetAngle_res.c[0m
[4.384s] [  63/2351] Compiling [32mbuild/sitl/modules/DroneCAN/libcanard/dsdlc_generated/src/uavcan.equipment.gnss.Auxiliary.c[0m
[4.386s] [  64/2351] Compiling [32mbuild/sitl/modules/DroneCAN/libcanard/dsdlc_generated/src/com.hobbywing.esc.SelfTest_req.c[0m
[4.387s] [  65/2351] Compiling [32mbuild/sitl/modules/DroneCAN/libcanard/dsdlc_generated/src/uavcan.equipment.esc.StatusExtended.c[0m
[4.387s] [  66/2351] Compiling [32mbuild/sitl/modules/DroneCAN/libcanard/dsdlc_generated/src/uavcan.equipment.esc.Status.c[0m
[4.388s] [  67/2351] Compiling [32mbuild/sitl/modules/DroneCAN/libcanard/dsdlc_generated/src/com.volz.servo.ActuatorStatus.c[0m
[4.388s] [  68/2351] Compiling [32mbuild/sitl/modules/DroneCAN/libcanard/dsdlc_generated/src/com.xacti.CopterAttStatus.c[0m
[4.389s] [  69/2351] Compiling [32mbuild/sitl/modules/DroneCAN/libcanard/dsdlc_generated/src/com.tmotor.esc.ParamGet.c[0m
[4.389s] [  70/2351] Compiling [32mbuild/sitl/modules/DroneCAN/libcanard/dsdlc_generated/src/com.hobbywing.esc.RawCommand.c[0m
[4.389s] [  71/2351] Compiling [32mbuild/sitl/modules/DroneCAN/libcanard/dsdlc_generated/src/ardupilot.gnss.Status.c[0m
[4.390s] [  72/2351] Compiling [32mbuild/sitl/modules/DroneCAN/libcanard/dsdlc_generated/src/ardupilot.equipment.power.BatteryTag.c[0m
[4.390s] [  73/2351] Compiling [32mbuild/sitl/modules/DroneCAN/libcanard/dsdlc_generated/src/ardupilot.equipment.power.BatteryContinuous.c[0m
[4.391s] [  74/2351] Compiling [32mbuild/sitl/modules/DroneCAN/libcanard/dsdlc_generated/src/uavcan.equipment.device.Temperature.c[0m
[4.391s] [  75/2351] Compiling [32mbuild/sitl/modules/DroneCAN/libcanard/dsdlc_generated/src/uavcan.equipment.esc.RPMCommand.c[0m
[4.392s] [  76/2351] Compiling [32mbuild/sitl/modules/DroneCAN/libcanard/dsdlc_generated/src/uavcan.equipment.esc.RawCommand.c[0m
[4.393s] [  77/2351] Compiling [32mbuild/sitl/modules/DroneCAN/libcanard/dsdlc_generated/src/dronecan.protocol.CanStats.c[0m
[4.393s] [  78/2351] Compiling [32mbuild/sitl/modules/DroneCAN/libcanard/dsdlc_generated/src/uavcan.equipment.camera_gimbal.Status.c[0m
[4.394s] [  79/2351] Compiling [32mbuild/sitl/modules/DroneCAN/libcanard/dsdlc_generated/src/uavcan.equipment.indication.RGB565.c[0m
[4.394s] [  80/2351] Compiling [32mbuild/sitl/modules/DroneCAN/libcanard/dsdlc_generated/src/uavcan.equipment.indication.SingleLightCommand.c[0m
[4.395s] [  81/2351] Compiling [32mbuild/sitl/modules/DroneCAN/libcanard/dsdlc_generated/src/uavcan.equipment.camera_gimbal.Mode.c[0m
[4.395s] [  82/2351] Compiling [32mbuild/sitl/modules/DroneCAN/libcanard/dsdlc_generated/src/uavcan.equipment.camera_gimbal.GEOPOICommand.c[0m
[4.396s] [  83/2351] Compiling [32mbuild/sitl/modules/DroneCAN/libcanard/dsdlc_generated/src/com.tmotor.esc.ParamCfg.c[0m
[4.396s] [  84/2351] Compiling [32mbuild/sitl/modules/DroneCAN/libcanard/dsdlc_generated/src/dronecan.protocol.FlexDebug.c[0m
[4.397s] [  85/2351] Compiling [32mbuild/sitl/modules/DroneCAN/libcanard/dsdlc_generated/src/com.tmotor.esc.PUSHSCI.c[0m
[4.397s] [  86/2351] Compiling [32mbuild/sitl/modules/DroneCAN/libcanard/dsdlc_generated/src/uavcan.equipment.power.BatteryInfo.c[0m
[4.397s] [  87/2351] Compiling [32mbuild/sitl/modules/DroneCAN/libcanard/dsdlc_generated/src/uavcan.equipment.power.CircuitStatus.c[0m
[4.399s] [  88/2351] Compiling [32mbuild/sitl/modules/DroneCAN/libcanard/dsdlc_generated/src/com.hobbywing.esc.GetMajorConfig_res.c[0m
[4.399s] [  89/2351] Compiling [32mbuild/sitl/modules/DroneCAN/libcanard/dsdlc_generated/src/com.hobbywing.esc.SetBaud_req.c[0m
[4.400s] [  90/2351] Compiling [32mbuild/sitl/modules/DroneCAN/libcanard/dsdlc_generated/src/uavcan.equipment.camera_gimbal.AngularCommand.c[0m
[4.400s] [  91/2351] Compiling [32mbuild/sitl/modules/DroneCAN/libcanard/dsdlc_generated/src/uavcan.equipment.power.PrimaryPowerSupplyStatus.c[0m
[4.401s] [  92/2351] Compiling [32mbuild/sitl/modules/DroneCAN/libcanard/dsdlc_generated/src/uavcan.equipment.air_data.TrueAirspeed.c[0m
[4.401s] [  93/2351] Compiling [32mbuild/sitl/modules/DroneCAN/libcanard/dsdlc_generated/src/dronecan.protocol.Stats.c[0m
[4.402s] [  94/2351] Compiling [32mbuild/sitl/modules/DroneCAN/libcanard/dsdlc_generated/src/com.tmotor.esc.PUSHCAN.c[0m
[4.402s] [  95/2351] Compiling [32mbuild/sitl/modules/DroneCAN/libcanard/dsdlc_generated/src/uavcan.tunnel.Targetted.c[0m
[4.403s] [  96/2351] Compiling [32mbuild/sitl/modules/DroneCAN/libcanard/dsdlc_generated/src/uavcan.tunnel.SerialConfig.c[0m
[4.404s] [  97/2351] Compiling [32mbuild/sitl/modules/DroneCAN/libcanard/dsdlc_generated/src/uavcan.equipment.air_data.StaticTemperature.c[0m
[4.404s] [  98/2351] Compiling [32mbuild/sitl/modules/DroneCAN/libcanard/dsdlc_generated/src/com.hobbywing.esc.GetMajorConfig_req.c[0m
[4.405s] [  99/2351] Compiling [32mbuild/sitl/modules/DroneCAN/libcanard/dsdlc_generated/src/com.tmotor.esc.FocCtrl.c[0m
[4.406s] [ 100/2351] Compiling [32mbuild/sitl/modules/DroneCAN/libcanard/dsdlc_generated/src/ardupilot.gnss.RelPosHeading.c[0m
[4.406s] [ 101/2351] Compiling [32mbuild/sitl/modules/DroneCAN/libcanard/dsdlc_generated/src/uavcan.equipment.air_data.StaticPressure.c[0m
[4.407s] [ 102/2351] Compiling [32mbuild/sitl/modules/DroneCAN/libcanard/dsdlc_generated/src/uavcan.tunnel.Protocol.c[0m
[4.407s] [ 103/2351] Compiling [32mbuild/sitl/modules/DroneCAN/libcanard/dsdlc_generated/src/uavcan.tunnel.Call_res.c[0m
[4.408s] [ 104/2351] Compiling [32mbuild/sitl/modules/DroneCAN/libcanard/dsdlc_generated/src/uavcan.tunnel.Broadcast.c[0m
[4.408s] [ 105/2351] Compiling [32mbuild/sitl/modules/DroneCAN/libcanard/dsdlc_generated/src/uavcan.protocol.param.Value.c[0m
[4.408s] [ 106/2351] Compiling [32mbuild/sitl/modules/DroneCAN/libcanard/dsdlc_generated/src/com.hobbywing.esc.StatusMsg3.c[0m
[4.409s] [ 107/2351] Compiling [32mbuild/sitl/modules/DroneCAN/libcanard/dsdlc_generated/src/uavcan.equipment.air_data.IndicatedAirspeed.c[0m
[4.409s] [ 108/2351] Compiling [32mbuild/sitl/modules/DroneCAN/libcanard/dsdlc_generated/src/uavcan.protocol.param.GetSet_res.c[0m
[4.410s] [ 109/2351] Compiling [32mbuild/sitl/modules/DroneCAN/libcanard/dsdlc_generated/src/uavcan.protocol.param.NumericValue.c[0m
[4.410s] [ 110/2351] Compiling [32mbuild/sitl/modules/DroneCAN/libcanard/dsdlc_generated/src/uavcan.equipment.air_data.RawAirData.c[0m
[4.411s] [ 111/2351] Compiling [32mbuild/sitl/modules/DroneCAN/libcanard/dsdlc_generated/src/uavcan.tunnel.Call_req.c[0m
[4.411s] [ 112/2351] Compiling [32mbuild/sitl/modules/DroneCAN/libcanard/dsdlc_generated/src/uavcan.equipment.air_data.AngleOfAttack.c[0m
[4.413s] [ 113/2351] Compiling [32mbuild/sitl/modules/DroneCAN/libcanard/dsdlc_generated/src/com.hobbywing.esc.GetMaintenanceInformation_res.c[0m
[4.413s] [ 114/2351] Compiling [32mbuild/sitl/modules/DroneCAN/libcanard/dsdlc_generated/src/com.hobbywing.esc.StatusMsg2.c[0m
[4.414s] [ 115/2351] Compiling [32mbuild/sitl/modules/DroneCAN/libcanard/dsdlc_generated/src/uavcan.equipment.ahrs.Solution.c[0m
[4.414s] [ 116/2351] Compiling [32mbuild/sitl/modules/DroneCAN/libcanard/dsdlc_generated/src/uavcan.protocol.file.Write_res.c[0m
[4.415s] [ 117/2351] Compiling [32mbuild/sitl/modules/DroneCAN/libcanard/dsdlc_generated/src/uavcan.protocol.param.Empty.c[0m
[4.415s] [ 118/2351] Compiling [32mbuild/sitl/modules/DroneCAN/libcanard/dsdlc_generated/src/uavcan.protocol.file.Write_req.c[0m
[4.415s] [ 119/2351] Compiling [32mbuild/sitl/modules/DroneCAN/libcanard/dsdlc_generated/src/uavcan.equipment.ahrs.MagneticFieldStrength2.c[0m
[4.415s] [ 120/2351] Compiling [32mbuild/sitl/modules/DroneCAN/libcanard/dsdlc_generated/src/uavcan.protocol.file.Read_res.c[0m
[4.416s] [ 121/2351] Compiling [32mbuild/sitl/modules/DroneCAN/libcanard/dsdlc_generated/src/uavcan.protocol.file.Read_req.c[0m
[4.416s] [ 122/2351] Compiling [32mbuild/sitl/modules/DroneCAN/libcanard/dsdlc_generated/src/com.hobbywing.esc.StatusMsg1.c[0m
[4.417s] [ 123/2351] Compiling [32mbuild/sitl/modules/DroneCAN/libcanard/dsdlc_generated/src/uavcan.protocol.file.Path.c[0m
[4.418s] [ 124/2351] Compiling [32mbuild/sitl/modules/DroneCAN/libcanard/dsdlc_generated/src/uavcan.equipment.ahrs.RawIMU.c[0m
[4.418s] [ 125/2351] Compiling [32mbuild/sitl/modules/DroneCAN/libcanard/dsdlc_generated/src/uavcan.equipment.ahrs.MagneticFieldStrength.c[0m
[4.419s] [ 126/2351] Compiling [32mbuild/sitl/modules/DroneCAN/libcanard/dsdlc_generated/src/uavcan.protocol.param.ExecuteOpcode_req.c[0m
[4.419s] [ 127/2351] Compiling [32mbuild/sitl/modules/DroneCAN/libcanard/dsdlc_generated/src/com.hobbywing.esc.SetThrottleSource_res.c[0m
[4.420s] [ 128/2351] Compiling [32mbuild/sitl/modules/DroneCAN/libcanard/dsdlc_generated/src/com.hobbywing.esc.GetMaintenanceInformation_req.c[0m
[4.421s] [ 129/2351] Compiling [32mbuild/sitl/modules/DroneCAN/libcanard/dsdlc_generated/src/ardupilot.equipment.power.BatteryPeriodic.c[0m
[4.421s] [ 130/2351] Compiling [32mbuild/sitl/modules/DroneCAN/libcanard/dsdlc_generated/src/ardupilot.gnss.MovingBaselineData.c[0m
[4.422s] [ 131/2351] Compiling [32mbuild/sitl/modules/DroneCAN/libcanard/dsdlc_generated/src/uavcan.protocol.file.GetInfo_res.c[0m
[4.422s] [ 132/2351] Compiling [32mbuild/sitl/modules/DroneCAN/libcanard/dsdlc_generated/src/uavcan.protocol.param.ExecuteOpcode_res.c[0m
[4.423s] [ 133/2351] Compiling [32mbuild/sitl/modules/DroneCAN/libcanard/dsdlc_generated/src/uavcan.protocol.file.GetInfo_req.c[0m
[4.423s] [ 134/2351] Compiling [32mbuild/sitl/modules/DroneCAN/libcanard/dsdlc_generated/src/uavcan.equipment.actuator.Status.c[0m
[4.424s] [ 135/2351] Compiling [32mbuild/sitl/modules/DroneCAN/libcanard/dsdlc_generated/src/uavcan.protocol.file.GetDirectoryEntryInfo_res.c[0m
[4.424s] [ 136/2351] Compiling [32mbuild/sitl/modules/DroneCAN/libcanard/dsdlc_generated/src/uavcan.protocol.param.GetSet_req.c[0m
[4.426s] [ 137/2351] Compiling [32mbuild/sitl/modules/DroneCAN/libcanard/dsdlc_generated/src/uavcan.protocol.file.GetDirectoryEntryInfo_req.c[0m
[4.426s] [ 138/2351] Compiling [32mbuild/sitl/modules/DroneCAN/libcanard/dsdlc_generated/src/uavcan.equipment.actuator.Command.c[0m
[4.428s] [ 139/2351] Compiling [32mbuild/sitl/modules/DroneCAN/libcanard/dsdlc_generated/src/com.hobbywing.esc.SetThrottleSource_req.c[0m
[4.428s] [ 140/2351] Compiling [32mbuild/sitl/modules/DroneCAN/libcanard/dsdlc_generated/src/uavcan.equipment.air_data.Sideslip.c[0m
[4.428s] [ 141/2351] Compiling [32mbuild/sitl/modules/DroneCAN/libcanard/dsdlc_generated/src/uavcan.navigation.GlobalNavigationSolution.c[0m
[4.429s] [ 142/2351] Compiling [32mbuild/sitl/modules/DroneCAN/libcanard/dsdlc_generated/src/com.hobbywing.esc.GetEscID.c[0m
[4.429s] [ 143/2351] Compiling [32mbuild/sitl/modules/DroneCAN/libcanard/dsdlc_generated/src/com.hobbywing.esc.SetReportingFrequency_res.c[0m
[4.430s] [ 144/2351] Compiling [32mbuild/sitl/modules/DroneCAN/libcanard/dsdlc_generated/src/uavcan.protocol.enumeration.Begin_req.c[0m
[4.430s] [ 145/2351] Compiling [32mbuild/sitl/modules/DroneCAN/libcanard/dsdlc_generated/src/uavcan.protocol.dynamic_node_id.server.Entry.c[0m
[4.431s] [ 146/2351] Compiling [32mbuild/sitl/modules/DroneCAN/libcanard/dsdlc_generated/src/uavcan.protocol.dynamic_node_id.server.RequestVote_req.c[0m
[4.431s] [ 147/2351] Compiling [32mbuild/sitl/modules/DroneCAN/libcanard/dsdlc_generated/src/mppt.OutputEnable_req.c[0m
[4.432s] [ 148/2351] Compiling [32mbuild/sitl/modules/DroneCAN/libcanard/dsdlc_generated/src/com.himark.servo.ServoInfo.c[0m
[4.432s] [ 149/2351] Compiling [32mbuild/sitl/modules/DroneCAN/libcanard/dsdlc_generated/src/ardupilot.gnss.Heading.c[0m
[4.433s] [ 150/2351] Compiling [32mbuild/sitl/modules/DroneCAN/libcanard/dsdlc_generated/src/com.hobbywing.esc.SetLED_res.c[0m
[4.434s] [ 151/2351] Compiling [32mbuild/sitl/modules/DroneCAN/libcanard/dsdlc_generated/src/uavcan.protocol.dynamic_node_id.server.Discovery.c[0m
[4.434s] [ 152/2351] Compiling [32mbuild/sitl/modules/DroneCAN/libcanard/dsdlc_generated/src/uavcan.protocol.dynamic_node_id.server.AppendEntries_res.c[0m
[4.435s] [ 153/2351] Compiling [32mbuild/sitl/modules/DroneCAN/libcanard/dsdlc_generated/src/dronecan.sensors.rpm.RPM.c[0m
[4.435s] [ 154/2351] Compiling [32mbuild/sitl/modules/DroneCAN/libcanard/dsdlc_generated/src/uavcan.protocol.dynamic_node_id.Allocation.c[0m
[4.436s] [ 155/2351] Compiling [32mbuild/sitl/modules/DroneCAN/libcanard/dsdlc_generated/src/uavcan.protocol.dynamic_node_id.server.AppendEntries_req.c[0m
[4.437s] [ 156/2351] Compiling [32mbuild/sitl/modules/DroneCAN/libcanard/dsdlc_generated/src/com.hobbywing.esc.SetLED_req.c[0m
[4.437s] [ 157/2351] Compiling [32mbuild/sitl/modules/DroneCAN/libcanard/dsdlc_generated/src/uavcan.protocol.debug.LogMessage.c[0m
[4.438s] [ 158/2351] Compiling [32mbuild/sitl/modules/DroneCAN/libcanard/dsdlc_generated/src/dronecan.sensors.magnetometer.MagneticFieldStrengthHiRes.c[0m
[4.438s] [ 159/2351] Compiling [32mbuild/sitl/modules/DroneCAN/libcanard/dsdlc_generated/src/uavcan.protocol.debug.KeyValue.c[0m
[4.439s] [ 160/2351] Compiling [32mbuild/sitl/modules/DroneCAN/libcanard/dsdlc_generated/src/com.hobbywing.esc.SetID_res.c[0m
[4.439s] [ 161/2351] Compiling [32mbuild/sitl/modules/DroneCAN/libcanard/dsdlc_generated/src/com.himark.servo.ServoCmd.c[0m
[4.440s] [ 162/2351] Compiling [32mbuild/sitl/modules/DroneCAN/libcanard/dsdlc_generated/src/uavcan.protocol.RestartNode_res.c[0m
[4.440s] [ 163/2351] Compiling [32mbuild/sitl/modules/DroneCAN/libcanard/dsdlc_generated/src/dronecan.sensors.hygrometer.Hygrometer.c[0m
[4.440s] [ 164/2351] Compiling [32mbuild/sitl/modules/DroneCAN/libcanard/dsdlc_generated/src/uavcan.protocol.RestartNode_req.c[0m
[4.441s] [ 165/2351] Compiling [32mbuild/sitl/modules/DroneCAN/libcanard/dsdlc_generated/src/dronecan.remoteid.System.c[0m
[4.441s] [ 166/2351] Compiling [32mbuild/sitl/modules/DroneCAN/libcanard/dsdlc_generated/src/uavcan.protocol.NodeStatus.c[0m
[4.441s] [ 167/2351] Compiling [32mbuild/sitl/modules/DroneCAN/libcanard/dsdlc_generated/src/dronecan.remoteid.SelfID.c[0m
[4.442s] [ 168/2351] Compiling [32mbuild/sitl/modules/DroneCAN/libcanard/dsdlc_generated/src/com.hobbywing.esc.SetID_req.c[0m
[4.442s] [ 169/2351] Compiling [32mbuild/sitl/modules/DroneCAN/libcanard/dsdlc_generated/src/uavcan.protocol.Panic.c[0m
[4.443s] [ 170/2351] Compiling [32mbuild/sitl/modules/DroneCAN/libcanard/dsdlc_generated/src/uavcan.protocol.SoftwareVersion.c[0m
[4.443s] [ 171/2351] Compiling [32mbuild/sitl/modules/DroneCAN/libcanard/dsdlc_generated/src/uavcan.protocol.HardwareVersion.c[0m
[4.444s] [ 172/2351] Compiling [32mbuild/sitl/modules/DroneCAN/libcanard/dsdlc_generated/src/uavcan.protocol.GlobalTimeSync.c[0m
[4.444s] [ 173/2351] Compiling [32mbuild/sitl/modules/DroneCAN/libcanard/dsdlc_generated/src/uavcan.protocol.debug.LogLevel.c[0m
[4.445s] [ 174/2351] Compiling [32mbuild/sitl/modules/DroneCAN/libcanard/dsdlc_generated/src/dronecan.remoteid.SecureCommand_res.c[0m
[4.446s] [ 175/2351] Compiling [32mbuild/sitl/modules/DroneCAN/libcanard/dsdlc_generated/src/dronecan.sensors.rc.RCInput.c[0m
[4.447s] [ 176/2351] Compiling [32mbuild/sitl/modules/DroneCAN/libcanard/dsdlc_generated/src/uavcan.protocol.GetTransportStats_res.c[0m
[4.447s] [ 177/2351] Compiling [32mbuild/sitl/modules/DroneCAN/libcanard/dsdlc_generated/src/com.hobbywing.esc.SetReportingFrequency_req.c[0m
[4.448s] [ 178/2351] Compiling [32mbuild/sitl/modules/DroneCAN/libcanard/dsdlc_generated/src/mppt.OutputEnable_res.c[0m
[4.448s] [ 179/2351] Compiling [32mbuild/sitl/modules/DroneCAN/libcanard/dsdlc_generated/src/uavcan.protocol.AccessCommandShell_res.c[0m
[4.448s] [ 180/2351] Compiling [32mbuild/sitl/modules/DroneCAN/libcanard/dsdlc_generated/src/mppt.Stream.c[0m
[4.449s] [ 181/2351] Compiling [32mbuild/sitl/modules/DroneCAN/libcanard/dsdlc_generated/src/uavcan.protocol.enumeration.Begin_res.c[0m
[4.449s] [ 182/2351] Compiling [32mbuild/sitl/modules/DroneCAN/libcanard/dsdlc_generated/src/ardupilot.equipment.power.BatteryCells.c[0m
[4.450s] [ 183/2351] Compiling [32mbuild/sitl/modules/DroneCAN/libcanard/dsdlc_generated/src/dronecan.remoteid.BasicID.c[0m
[4.450s] [ 184/2351] Compiling [32mbuild/sitl/modules/DroneCAN/libcanard/dsdlc_generated/src/uavcan.protocol.enumeration.Indication.c[0m
[4.451s] [ 185/2351] Compiling [32mbuild/sitl/modules/DroneCAN/libcanard/dsdlc_generated/src/uavcan.CoarseOrientation.c[0m
[4.451s] [ 186/2351] Compiling [32mbuild/sitl/modules/DroneCAN/libcanard/dsdlc_generated/src/uavcan.protocol.CANIfaceStats.c[0m
[4.452s] [ 187/2351] Compiling [32mbuild/sitl/modules/DroneCAN/libcanard/dsdlc_generated/src/uavcan.protocol.file.BeginFirmwareUpdate_req.c[0m
[4.452s] [ 188/2351] Compiling [32mbuild/sitl/modules/DroneCAN/libcanard/dsdlc_generated/src/uavcan.protocol.file.BeginFirmwareUpdate_res.c[0m
[4.453s] [ 189/2351] Compiling [32mbuild/sitl/modules/DroneCAN/libcanard/dsdlc_generated/src/com.hobbywing.esc.SetDirection_res.c[0m
[4.453s] [ 190/2351] Compiling [32mbuild/sitl/modules/DroneCAN/libcanard/dsdlc_generated/src/ardupilot.equipment.power.BatteryInfoAux.c[0m
[4.453s] [ 191/2351] Compiling [32mbuild/sitl/modules/DroneCAN/libcanard/dsdlc_generated/src/uavcan.protocol.DataTypeKind.c[0m
[4.454s] [ 192/2351] Compiling [32mbuild/sitl/modules/DroneCAN/libcanard/dsdlc_generated/src/uavcan.Timestamp.c[0m
[4.455s] [ 193/2351] Compiling [32mbuild/sitl/modules/DroneCAN/libcanard/dsdlc_generated/src/uavcan.protocol.file.Delete_req.c[0m
[4.455s] [ 194/2351] Compiling [32mbuild/sitl/modules/DroneCAN/libcanard/dsdlc_generated/src/uavcan.protocol.dynamic_node_id.server.RequestVote_res.c[0m
[4.456s] [ 195/2351] Compiling [32mbuild/sitl/modules/DroneCAN/libcanard/dsdlc_generated/src/com.hobbywing.esc.SetDirection_req.c[0m
[4.456s] [ 196/2351] Compiling [32mbuild/sitl/modules/DroneCAN/libcanard/dsdlc_generated/src/uavcan.protocol.file.Delete_res.c[0m
[4.457s] [ 197/2351] Compiling [32mbuild/sitl/modules/DroneCAN/libcanard/dsdlc_generated/src/uavcan.equipment.actuator.ArrayCommand.c[0m
[4.458s] [ 198/2351] Compiling [32mbuild/sitl/modules/DroneCAN/libcanard/dsdlc_generated/src/ardupilot.equipment.trafficmonitor.TrafficReport.c[0m
[4.458s] [ 199/2351] Compiling [32mbuild/sitl/modules/DroneCAN/libcanard/dsdlc_generated/src/uavcan.protocol.GetDataTypeInfo_res.c[0m
[4.459s] [ 200/2351] Compiling [32mbuild/sitl/modules/DroneCAN/libcanard/dsdlc_generated/src/uavcan.protocol.file.EntryType.c[0m
[4.459s] [ 201/2351] Compiling [32mbuild/sitl/modules/DroneCAN/libcanard/dsdlc_generated/src/uavcan.protocol.file.Error.c[0m
[4.460s] [ 202/2351] Compiling [32mbuild/sitl/modules/DroneCAN/libcanard/dsdlc_generated/src/dronecan.remoteid.OperatorID.c[0m
[4.460s] [ 203/2351] Compiling [32mbuild/sitl/modules/DroneCAN/libcanard/dsdlc_generated/src/com.hobbywing.esc.SetBaud_res.c[0m
[4.461s] [ 204/2351] Compiling [32mbuild/sitl/modules/DroneCAN/libcanard/dsdlc_generated/src/dronecan.remoteid.ArmStatus.c[0m
[4.462s] [ 205/2351] Compiling [32mlibraries/AC_Avoidance/AP_OAVisGraph.cpp[0m
[4.462s] [ 206/2351] Compiling [32mlibraries/AC_Avoidance/AC_Avoidance_Logging.cpp[0m
[4.463s] [ 207/2351] Compiling [32mlibraries/AC_Avoidance/AP_OADijkstra.cpp[0m
[4.463s] [ 208/2351] Compiling [32mlibraries/AC_Avoidance/AP_OAPathPlanner.cpp[0m
[4.464s] [ 209/2351] Compiling [32mlibraries/AC_CustomControl/AC_CustomControl.cpp[0m
[4.464s] [ 210/2351] Compiling [32mlibraries/AC_CustomControl/AC_CustomControl_Empty.cpp[0m
[4.465s] [ 211/2351] Compiling [32mlibraries/AC_CustomControl/AC_CustomControl_PID.cpp[0m
[4.465s] [ 212/2351] Compiling [32mlibraries/AC_PID/AC_PID_Basic.cpp[0m
[4.466s] [ 213/2351] Compiling [32mlibraries/AC_PID/AC_PID.cpp[0m
[4.466s] [ 214/2351] Compiling [32mlibraries/AC_PID/AC_PI_2D.cpp[0m
[4.467s] [ 215/2351] Compiling [32mlibraries/AC_PID/AC_PID_2D.cpp[0m
[4.468s] [ 216/2351] Compiling [32mlibraries/AC_PID/AC_P.cpp[0m
[4.468s] [ 217/2351] Compiling [32mlibraries/AC_PID/AC_PI.cpp[0m
[4.468s] [ 218/2351] Compiling [32mlibraries/AC_PID/AC_P_1D.cpp[0m
[4.469s] [ 219/2351] Compiling [32mlibraries/AC_PID/AC_HELI_PID.cpp[0m
[4.469s] [ 220/2351] Compiling [32mlibraries/AC_PID/AC_P_2D.cpp[0m
[4.470s] [ 221/2351] Compiling [32mlibraries/AC_Sprayer/AC_Sprayer.cpp[0m
[4.470s] [ 222/2351] Compiling [32mlibraries/AP_ADC/AP_ADC_ADS1115.cpp[0m
[4.471s] [ 223/2351] Compiling [32mlibraries/AP_ADSB/AP_ADSB_uAvionix_MAVLink.cpp[0m
[4.472s] [ 224/2351] Compiling [32mlibraries/AP_ADSB/AP_ADSB_Sagetech.cpp[0m
[4.472s] [ 225/2351] Compiling [32mlibraries/AP_ADSB/AP_ADSB_uAvionix_UCP.cpp[0m
[4.472s] [ 226/2351] Compiling [32mlibraries/AP_ADSB/AP_ADSB_Backend.cpp[0m
[4.473s] [ 227/2351] Compiling [32mlibraries/AP_AHRS/AP_AHRS_External.cpp[0m
[4.474s] [ 228/2351] Compiling [32mlibraries/AP_AHRS/AP_AHRS_View.cpp[0m
[4.475s] [ 229/2351] Compiling [32mlibraries/AP_AHRS/AP_AHRS_Logging.cpp[0m
[4.475s] [ 230/2351] Compiling [32mlibraries/AP_AHRS/AP_AHRS_NavEKF3.cpp[0m
[4.476s] [ 231/2351] Compiling [32mlibraries/AP_AHRS/AP_AHRS_NavEKF2.cpp[0m
[4.477s] [ 232/2351] Compiling [32mlibraries/AP_AHRS/AP_AHRS_SIM.cpp[0m
[4.477s] [ 233/2351] Compiling [32mlibraries/AP_AIS/AP_AIS_Vessel.cpp[0m
[4.478s] [ 234/2351] Compiling [32mlibraries/AP_AccelCal/AccelCalibrator.cpp[0m
[4.478s] [ 235/2351] Compiling [32mlibraries/AP_AccelCal/AP_AccelCal.cpp[0m
[4.479s] [ 236/2351] Compiling [32mlibraries/AP_Airspeed/AP_Airspeed_DroneCAN.cpp[0m
[4.494s] [ 237/2351] Compiling [32mlibraries/AP_Airspeed/AP_Airspeed_ASP5033.cpp[0m
[4.507s] [ 238/2351] Compiling [32mlibraries/AP_Airspeed/AP_Airspeed_SITL.cpp[0m
[4.507s] [ 239/2351] Compiling [32mlibraries/AP_Airspeed/Airspeed_Calibration.cpp[0m
[4.508s] [ 240/2351] Compiling [32mlibraries/AP_Airspeed/AP_Airspeed_MS5525.cpp[0m
[4.508s] [ 241/2351] Compiling [32mlibraries/AP_Airspeed/AP_Airspeed_analog.cpp[0m
[4.509s] [ 242/2351] Compiling [32mlibraries/AP_Airspeed/AP_Airspeed_MSP.cpp[0m
[4.510s] [ 243/2351] Compiling [32mlibraries/AP_Airspeed/AP_Airspeed_External.cpp[0m
[4.510s] [ 244/2351] Compiling [32mlibraries/AP_Airspeed/AP_Airspeed_AUAV.cpp[0m
[4.511s] [ 245/2351] Compiling [32mlibraries/AP_Airspeed/AP_Airspeed_Backend.cpp[0m
[4.511s] [ 246/2351] Compiling [32mlibraries/AP_Airspeed/AP_Airspeed_SDP3X.cpp[0m
[4.512s] [ 247/2351] Compiling [32mlibraries/AP_Airspeed/AP_Airspeed_DLVR.cpp[0m
[4.513s] [ 248/2351] Compiling [32mlibraries/AP_Airspeed/AP_Airspeed_Health.cpp[0m
[4.514s] [ 249/2351] Compiling [32mlibraries/AP_Airspeed/AP_Airspeed_MS4525.cpp[0m
[4.515s] [ 250/2351] Compiling [32mlibraries/AP_Baro/AP_Baro_MS5611.cpp[0m
[4.517s] [ 251/2351] Compiling [32mlibraries/AP_Baro/AP_Baro_LPS2XH.cpp[0m
[4.518s] [ 252/2351] Compiling [32mlibraries/AP_Baro/AP_Baro_Dummy.cpp[0m
[4.519s] [ 253/2351] Compiling [32mlibraries/AP_Baro/AP_Baro_ExternalAHRS.cpp[0m
[4.520s] [ 254/2351] Compiling [32mlibraries/AP_Baro/AP_Baro_Logging.cpp[0m
[4.525s] [ 255/2351] Compiling [32mlibraries/AP_Baro/AP_Baro_FBM320.cpp[0m
[4.528s] [ 256/2351] Compiling [32mlibraries/AP_Baro/AP_Baro_HIL.cpp[0m
[4.531s] [ 257/2351] Compiling [32mlibraries/AP_Baro/AP_Baro_KellerLD.cpp[0m
[4.535s] [ 258/2351] Compiling [32mlibraries/AP_Baro/AP_Baro_ICM20789.cpp[0m
[4.536s] [ 259/2351] Compiling [32mlibraries/AP_Baro/AP_Baro_ICP101XX.cpp[0m
[4.537s] [ 260/2351] Compiling [32mlibraries/AP_Baro/AP_Baro_ICP201XX.cpp[0m
[4.537s] [ 261/2351] Compiling [32mlibraries/AP_Baro/AP_Baro_SPL06.cpp[0m
[4.542s] [ 262/2351] Compiling [32mlibraries/AP_Baro/AP_Baro_BMP388.cpp[0m
[4.544s] [ 263/2351] Compiling [32mlibraries/AP_Baro/AP_Baro_BMP280.cpp[0m
[4.550s] [ 264/2351] Compiling [32mlibraries/AP_Baro/AP_Baro_atmosphere.cpp[0m
[4.554s] [ 265/2351] Compiling [32mlibraries/AP_Baro/AP_Baro_MSP.cpp[0m
[4.556s] [ 266/2351] Compiling [32mlibraries/AP_Baro/AP_Baro_AUAV.cpp[0m
[4.562s] [ 267/2351] Compiling [32mlibraries/AP_Baro/AP_Baro_BMP085.cpp[0m
[4.568s] [ 268/2351] Compiling [32mlibraries/AP_Baro/AP_Baro_BMP581.cpp[0m
[4.570s] [ 269/2351] Compiling [32mlibraries/AP_Baro/AP_Baro_Wind.cpp[0m
[4.577s] [ 270/2351] Compiling [32mlibraries/AP_Baro/AP_Baro_DPS280.cpp[0m
[4.586s] [ 271/2351] Compiling [32mlibraries/AP_Baro/AP_Baro_DroneCAN.cpp[0m
[4.829s] [ 272/2351] Compiling [32mlibraries/AP_BattMonitor/AP_BattMonitor_AD7091R5.cpp[0m
[4.830s] [ 273/2351] Compiling [32mlibraries/AP_BattMonitor/AP_BattMonitor_Analog.cpp[0m
[4.832s] [ 274/2351] Compiling [32mlibraries/AP_BattMonitor/AP_BattMonitor_Backend.cpp[0m
[4.832s] [ 275/2351] Compiling [32mlibraries/AP_BattMonitor/AP_BattMonitor_Bebop.cpp[0m
[4.833s] [ 276/2351] Compiling [32mlibraries/AP_BattMonitor/AP_BattMonitor_DroneCAN.cpp[0m
[4.834s] [ 277/2351] Compiling [32mlibraries/AP_BattMonitor/AP_BattMonitor_EFI.cpp[0m
[4.835s] [ 278/2351] Compiling [32mlibraries/AP_BattMonitor/AP_BattMonitor_ESC.cpp[0m
[4.835s] [ 279/2351] Compiling [32mlibraries/AP_BattMonitor/AP_BattMonitor_FuelFlow.cpp[0m
[4.836s] [ 280/2351] Compiling [32mlibraries/AP_BattMonitor/AP_BattMonitor_FuelLevel_Analog.cpp[0m
[4.837s] [ 281/2351] Compiling [32mlibraries/AP_BattMonitor/AP_BattMonitor_FuelLevel_PWM.cpp[0m
[4.843s] [ 282/2351] Compiling [32mlibraries/AP_BattMonitor/AP_BattMonitor_Generator.cpp[0m
[4.844s] [ 283/2351] Compiling [32mlibraries/AP_BattMonitor/AP_BattMonitor_INA239.cpp[0m
[4.845s] [ 284/2351] Compiling [32mlibraries/AP_BattMonitor/AP_BattMonitor_INA2xx.cpp[0m
[4.845s] [ 285/2351] Compiling [32mlibraries/AP_BattMonitor/AP_BattMonitor_INA3221.cpp[0m
[4.846s] [ 286/2351] Compiling [32mlibraries/AP_BattMonitor/AP_BattMonitor_LTC2946.cpp[0m
[4.846s] [ 287/2351] Compiling [32mlibraries/AP_BattMonitor/AP_BattMonitor_Logging.cpp[0m
[4.847s] [ 288/2351] Compiling [32mlibraries/AP_BattMonitor/AP_BattMonitor_SMBus.cpp[0m
[4.848s] [ 289/2351] Compiling [32mlibraries/AP_BattMonitor/AP_BattMonitor_SMBus_Generic.cpp[0m
[4.848s] [ 290/2351] Compiling [32mlibraries/AP_BattMonitor/AP_BattMonitor_SMBus_NeoDesign.cpp[0m
[4.852s] [ 291/2351] Compiling [32mlibraries/AP_BattMonitor/AP_BattMonitor_SMBus_Rotoye.cpp[0m
[4.852s] [ 292/2351] Compiling [32mlibraries/AP_BattMonitor/AP_BattMonitor_SMBus_SUI.cpp[0m
[4.853s] [ 293/2351] Compiling [32mlibraries/AP_BattMonitor/AP_BattMonitor_SMBus_Solo.cpp[0m
[4.855s] [ 294/2351] Compiling [32mlibraries/AP_BattMonitor/AP_BattMonitor_Scripting.cpp[0m
[4.855s] [ 295/2351] Compiling [32mlibraries/AP_BattMonitor/AP_BattMonitor_Sum.cpp[0m
[4.855s] [ 296/2351] Compiling [32mlibraries/AP_BattMonitor/AP_BattMonitor_Synthetic_Current.cpp[0m
[4.856s] [ 297/2351] Compiling [32mlibraries/AP_BattMonitor/AP_BattMonitor_TIBQ76952.cpp[0m
[4.856s] [ 298/2351] Compiling [32mlibraries/AP_BattMonitor/AP_BattMonitor_Torqeedo.cpp[0m
[4.856s] [ 299/2351] Compiling [32mlibraries/AP_Beacon/AP_Beacon_Pozyx.cpp[0m
[4.857s] [ 300/2351] Compiling [32mlibraries/AP_Beacon/AP_Beacon_SITL.cpp[0m
[4.857s] [ 301/2351] Compiling [32mlibraries/AP_Beacon/AP_Beacon.cpp[0m
[4.859s] [ 302/2351] Compiling [32mlibraries/AP_Beacon/AP_Beacon_Backend.cpp[0m
[4.860s] [ 303/2351] Compiling [32mlibraries/AP_Beacon/AP_Beacon_Marvelmind.cpp[0m
[4.860s] [ 304/2351] Compiling [32mlibraries/AP_Beacon/AP_Beacon_Nooploop.cpp[0m
[4.861s] [ 305/2351] Compiling [32mlibraries/AP_BoardConfig/IMU_heater.cpp[0m
[4.861s] [ 306/2351] Compiling [32mlibraries/AP_BoardConfig/board_drivers.cpp[0m
[4.864s] [ 307/2351] Compiling [32mlibraries/AP_Button/AP_Button.cpp[0m
[4.864s] [ 308/2351] Compiling [32mlibraries/AP_CANManager/AP_CANIfaceParams.cpp[0m
[4.867s] [ 309/2351] Compiling [32mlibraries/AP_CANManager/AP_CANManager.cpp[0m
[4.868s] [ 310/2351] Compiling [32mlibraries/AP_CANManager/AP_CANManager_CANDriver_Params.cpp[0m
[4.869s] [ 311/2351] Compiling [32mlibraries/AP_CANManager/AP_CANSensor.cpp[0m
[4.871s] [ 312/2351] Compiling [32mlibraries/AP_CANManager/AP_MAVLinkCAN.cpp[0m
[4.880s] [ 313/2351] Compiling [32mlibraries/AP_CANManager/AP_SLCANIface.cpp[0m
[4.884s] [ 314/2351] Compiling [32mlibraries/AP_CSVReader/AP_CSVReader.cpp[0m
[4.888s] [ 315/2351] Compiling [32mlibraries/AP_Camera/AP_Camera.cpp[0m
[5.029s] [ 316/2351] Compiling [32mlibraries/AP_Camera/AP_Camera_Backend.cpp[0m
[5.030s] [ 317/2351] Compiling [32mlibraries/AP_Camera/AP_Camera_Logging.cpp[0m
[5.034s] [ 318/2351] Compiling [32mlibraries/AP_Camera/AP_Camera_MAVLink.cpp[0m
[5.042s] [ 319/2351] Compiling [32mlibraries/AP_Camera/AP_Camera_MAVLinkCamV2.cpp[0m
[5.045s] [ 320/2351] Compiling [32mlibraries/AP_Camera/AP_Camera_Mount.cpp[0m
[5.047s] [ 321/2351] Compiling [32mlibraries/AP_Camera/AP_Camera_Params.cpp[0m
[5.056s] [ 322/2351] Compiling [32mlibraries/AP_Camera/AP_Camera_Relay.cpp[0m
[5.057s] [ 323/2351] Compiling [32mlibraries/AP_Camera/AP_Camera_Scripting.cpp[0m
[5.062s] [ 324/2351] Compiling [32mlibraries/AP_Camera/AP_Camera_Servo.cpp[0m
[5.076s] [ 325/2351] Compiling [32mlibraries/AP_Camera/AP_Camera_SoloGimbal.cpp[0m
[5.080s] [ 326/2351] Compiling [32mlibraries/AP_Camera/AP_RunCam.cpp[0m
[5.082s] [ 327/2351] Compiling [32mlibraries/AP_CheckFirmware/AP_CheckFirmware.cpp[0m
[5.082s] [ 328/2351] Compiling [32mlibraries/AP_CheckFirmware/AP_CheckFirmware_secure_command.cpp[0m
[5.093s] [ 329/2351] Compiling [32mlibraries/AP_CheckFirmware/monocypher.cpp[0m
[5.098s] [ 330/2351] Compiling [32mlibraries/AP_Common/AP_Common.cpp[0m
[5.098s] [ 331/2351] Compiling [32mlibraries/AP_Common/AP_ExpandingArray.cpp[0m
[5.101s] [ 332/2351] Compiling [32mlibraries/AP_Common/AP_FWVersion.cpp[0m
[5.101s] [ 333/2351] Compiling [32mlibraries/AP_Common/ExpandingString.cpp[0m
[5.102s] [ 334/2351] Compiling [32mlibraries/AP_Common/Location.cpp[0m
[5.108s] [ 335/2351] Compiling [32mlibraries/AP_Common/NMEA.cpp[0m
[5.110s] [ 336/2351] Compiling [32mlibraries/AP_Common/c++.cpp[0m
[5.111s] [ 337/2351] Compiling [32mlibraries/AP_Common/float16.cpp[0m
[5.112s] [ 338/2351] Compiling [32mlibraries/AP_Common/sorting.cpp[0m
[5.114s] [ 339/2351] Compiling [32mlibraries/AP_Common/time.cpp[0m
[5.115s] [ 340/2351] Compiling [32mlibraries/AP_Compass/AP_Compass_BMM150.cpp[0m
[5.117s] [ 341/2351] Compiling [32mlibraries/AP_Compass/AP_Compass_Backend.cpp[0m
[5.117s] [ 342/2351] Compiling [32mlibraries/AP_Compass/AP_Compass_Calibration.cpp[0m
[5.119s] [ 343/2351] Compiling [32mlibraries/AP_Compass/AP_Compass_DroneCAN.cpp[0m
[5.119s] [ 344/2351] Compiling [32mlibraries/AP_Compass/AP_Compass_ExternalAHRS.cpp[0m
[5.120s] [ 345/2351] Compiling [32mlibraries/AP_Compass/AP_Compass_HMC5843.cpp[0m
[5.121s] [ 346/2351] Compiling [32mlibraries/AP_Compass/AP_Compass_IIS2MDC.cpp[0m
[5.121s] [ 347/2351] Compiling [32mlibraries/AP_Compass/AP_Compass_IST8308.cpp[0m
[5.122s] [ 348/2351] Compiling [32mlibraries/AP_Compass/AP_Compass_IST8310.cpp[0m
[5.122s] [ 349/2351] Compiling [32mlibraries/AP_Compass/AP_Compass_LIS3MDL.cpp[0m
[5.123s] [ 350/2351] Compiling [32mlibraries/AP_Compass/AP_Compass_LSM303D.cpp[0m
[5.124s] [ 351/2351] Compiling [32mlibraries/AP_Compass/AP_Compass_LSM9DS1.cpp[0m
[5.125s] [ 352/2351] Compiling [32mlibraries/AP_Compass/AP_Compass_MAG3110.cpp[0m
[5.125s] [ 353/2351] Compiling [32mlibraries/AP_Compass/AP_Compass_MMC3416.cpp[0m
[5.128s] [ 354/2351] Compiling [32mlibraries/AP_Compass/AP_Compass_MMC5xx3.cpp[0m
[5.128s] [ 355/2351] Compiling [32mlibraries/AP_Compass/AP_Compass_AK8963.cpp[0m
[5.129s] [ 356/2351] Compiling [32mlibraries/AP_Compass/AP_Compass_MSP.cpp[0m
[5.131s] [ 357/2351] Compiling [32mlibraries/AP_Compass/AP_Compass_QMC5883L.cpp[0m
[5.134s] [ 358/2351] Compiling [32mlibraries/AP_Compass/AP_Compass_QMC5883P.cpp[0m
[5.135s] [ 359/2351] Compiling [32mlibraries/AP_Compass/AP_Compass_RM3100.cpp[0m
[5.135s] [ 360/2351] Compiling [32mlibraries/AP_Compass/AP_Compass_SITL.cpp[0m
[5.155s] [ 361/2351] Compiling [32mlibraries/AP_Compass/CompassCalibrator.cpp[0m
[5.182s] [ 362/2351] Compiling [32mlibraries/AP_Compass/Compass_PerMotor.cpp[0m
[5.236s] [ 363/2351] Compiling [32mlibraries/AP_Compass/Compass_learn.cpp[0m
[5.236s] [ 364/2351] Compiling [32mlibraries/AP_Compass/AP_Compass_AK09916.cpp[0m
[5.251s] [ 365/2351] Compiling [32mlibraries/AP_Compass/AP_Compass_Logging.cpp[0m
[5.253s] [ 366/2351] Compiling [32mlibraries/AP_Compass/AP_Compass.cpp[0m
[5.256s] [ 367/2351] Compiling [32mlibraries/AP_Compass/AP_Compass_BMM350.cpp[0m
[5.264s] [ 368/2351] Compiling [32mlibraries/AP_CustomRotations/AP_CustomRotations.cpp[0m
[5.267s] [ 369/2351] Compiling [32mlibraries/AP_CustomRotations/AP_CustomRotations_params.cpp[0m
[5.273s] [ 370/2351] Compiling [32mlibraries/AP_DAL/AP_DAL_Compass.cpp[0m
[5.275s] [ 371/2351] Compiling [32mlibraries/AP_DAL/AP_DAL_Airspeed.cpp[0m
[5.276s] [ 372/2351] Compiling [32mlibraries/AP_DAL/AP_DAL_GPS.cpp[0m
[5.282s] [ 373/2351] Compiling [32mlibraries/AP_DAL/AP_DAL_Baro.cpp[0m
[5.298s] [ 374/2351] Compiling [32mlibraries/AP_DAL/AP_DAL_InertialSensor.cpp[0m
[5.301s] [ 375/2351] Compiling [32mbuild/sitl/libraries/AP_DDS/generated/std_msgs/msg/Header.c[0m
[5.308s] [ 376/2351] Compiling [32mmodules/Micro-XRCE-DDS-Client/src/c/core/session/common_create_entities.c[0m
[5.308s] [ 377/2351] Compiling [32mbuild/sitl/libraries/AP_DDS/generated/rcl_interfaces/msg/SetParametersResult.c[0m
[5.309s] [ 378/2351] Compiling [32mmodules/Micro-XRCE-DDS-Client/src/c/core/session/create_entities_bin.c[0m
[5.310s] [ 379/2351] Compiling [32mmodules/Micro-XRCE-DDS-Client/src/c/core/session/create_entities_ref.c[0m
[5.313s] [ 380/2351] Compiling [32mmodules/Micro-XRCE-DDS-Client/src/c/core/session/create_entities_xml.c[0m
[5.314s] [ 381/2351] Compiling [32mmodules/Micro-XRCE-DDS-Client/src/c/core/session/object_id.c[0m
[5.317s] [ 382/2351] Compiling [32mmodules/Micro-XRCE-DDS-Client/src/c/core/session/read_access.c[0m
[5.317s] [ 383/2351] Compiling [32mbuild/sitl/libraries/AP_DDS/generated/sensor_msgs/msg/NavSatFix.c[0m
[5.321s] [ 384/2351] Compiling [32mbuild/sitl/libraries/AP_DDS/generated/geometry_msgs/msg/Point.c[0m
[5.325s] [ 385/2351] Compiling [32mbuild/sitl/libraries/AP_DDS/generated/geometry_msgs/msg/PoseStamped.c[0m
[5.328s] [ 386/2351] Compiling [32mbuild/sitl/libraries/AP_DDS/generated/sensor_msgs/msg/Joy.c[0m
[5.331s] [ 387/2351] Compiling [32mbuild/sitl/libraries/AP_DDS/generated/sensor_msgs/msg/NavSatStatus.c[0m
[5.332s] [ 388/2351] Compiling [32mbuild/sitl/libraries/AP_DDS/generated/geographic_msgs/msg/GeoPose.c[0m
[5.335s] [ 389/2351] Compiling [32mbuild/sitl/libraries/AP_DDS/generated/geographic_msgs/msg/GeoPoseStamped.c[0m
[5.336s] [ 390/2351] Compiling [32mbuild/sitl/libraries/AP_DDS/generated/rcl_interfaces/msg/ParameterValue.c[0m
[5.337s] [ 391/2351] Compiling [32mbuild/sitl/libraries/AP_DDS/generated/geographic_msgs/msg/GeoPoint.c[0m
[5.344s] [ 392/2351] Compiling [32mbuild/sitl/libraries/AP_DDS/generated/rosgraph_msgs/msg/Clock.c[0m
[5.347s] [ 393/2351] Compiling [32mbuild/sitl/libraries/AP_DDS/generated/sensor_msgs/msg/Imu.c[0m
[5.353s] [ 394/2351] Compiling [32mbuild/sitl/libraries/AP_DDS/generated/builtin_interfaces/msg/Duration.c[0m
[5.354s] [ 395/2351] Compiling [32mbuild/sitl/libraries/AP_DDS/generated/builtin_interfaces/msg/Time.c[0m
[5.356s] [ 396/2351] Compiling [32mbuild/sitl/libraries/AP_DDS/generated/ardupilot_msgs/srv/Takeoff.c[0m
[5.357s] [ 397/2351] Compiling [32mmodules/Micro-XRCE-DDS-Client/src/c/core/serialization/xrce_types.c[0m
[5.361s] [ 398/2351] Compiling [32mbuild/sitl/libraries/AP_DDS/generated/rcl_interfaces/msg/ParameterType.c[0m
[5.363s] [ 399/2351] Compiling [32mbuild/sitl/libraries/AP_DDS/generated/ardupilot_msgs/msg/GlobalPosition.c[0m
[5.364s] [ 400/2351] Compiling [32mbuild/sitl/libraries/AP_DDS/generated/ardupilot_msgs/srv/ArmMotors.c[0m
[5.366s] [ 401/2351] Compiling [32mbuild/sitl/libraries/AP_DDS/generated/ardupilot_msgs/srv/ModeSwitch.c[0m
[5.366s] [ 402/2351] Compiling [32mbuild/sitl/libraries/AP_DDS/generated/geographic_msgs/msg/GeoPointStamped.c[0m
[5.367s] [ 403/2351] Compiling [32mmodules/Micro-XRCE-DDS-Client/src/c/core/session/stream/output_best_effort_stream.c[0m
[5.370s] [ 404/2351] Compiling [32mbuild/sitl/libraries/AP_DDS/generated/rcl_interfaces/msg/Parameter.c[0m
[5.374s] [ 405/2351] Compiling [32mmodules/Micro-XRCE-DDS-Client/src/c/core/session/stream/stream_storage.c[0m
[5.375s] [ 406/2351] Compiling [32mbuild/sitl/libraries/AP_DDS/generated/std_srvs/srv/Trigger.c[0m
[5.376s] [ 407/2351] Compiling [32mbuild/sitl/libraries/AP_DDS/generated/geometry_msgs/msg/Pose.c[0m
[5.376s] [ 408/2351] Compiling [32mmodules/Micro-CDR/src/c/types/string.c[0m
[5.378s] [ 409/2351] Compiling [32mmodules/Micro-CDR/src/c/common.c[0m
[5.380s] [ 410/2351] Compiling [32mmodules/Micro-CDR/src/c/types/basic.c[0m
[5.382s] [ 411/2351] Compiling [32mlibraries/AP_DDS/AP_DDS_Serial.cpp[0m
[5.384s] [ 412/2351] Compiling [32mbuild/sitl/libraries/AP_DDS/generated/ardupilot_msgs/msg/Rc.c[0m
[5.385s] [ 413/2351] Compiling [32mbuild/sitl/libraries/AP_DDS/generated/rcl_interfaces/srv/GetParameters.c[0m
[5.386s] [ 414/2351] Compiling [32mlibraries/AP_DDS/AP_DDS_Type_Conversions.cpp[0m
[5.387s] [ 415/2351] Compiling [32mmodules/Micro-XRCE-DDS-Client/src/c/core/session/stream/input_best_effort_stream.c[0m
[5.387s] [ 416/2351] Compiling [32mlibraries/AP_DDS/AP_DDS_ExternalControl.cpp[0m
[5.388s] [ 417/2351] Compiling [32mlibraries/AP_DDS/AP_DDS_UDP.cpp[0m
[5.389s] [ 418/2351] Compiling [32mmodules/Micro-CDR/src/c/types/sequence.c[0m
[5.390s] [ 419/2351] Compiling [32mbuild/sitl/libraries/AP_DDS/generated/ardupilot_msgs/msg/Status.c[0m
[5.390s] [ 420/2351] Compiling [32mlibraries/AP_DDS/AP_DDS_Client.cpp[0m
[5.391s] [ 421/2351] Compiling [32mlibraries/AP_DDS/AP_DDS_External_Odom.cpp[0m
[5.392s] [ 422/2351] Compiling [32mmodules/Micro-XRCE-DDS-Client/src/c/core/session/stream/output_reliable_stream.c[0m
[5.392s] [ 423/2351] Compiling [32mmodules/Micro-XRCE-DDS-Client/src/c/core/session/stream/input_reliable_stream.c[0m
[5.395s] [ 424/2351] Compiling [32mmodules/Micro-XRCE-DDS-Client/src/c/core/session/stream/stream_id.c[0m
[5.396s] [ 425/2351] Compiling [32mbuild/sitl/libraries/AP_DDS/generated/geometry_msgs/msg/Vector3.c[0m
[5.397s] [ 426/2351] Compiling [32mmodules/Micro-XRCE-DDS-Client/src/c/util/ping.c[0m
[5.397s] [ 427/2351] Compiling [32mbuild/sitl/libraries/AP_DDS/generated/rcl_interfaces/srv/SetParameters.c[0m
[5.398s] [ 428/2351] Compiling [32mbuild/sitl/libraries/AP_DDS/generated/geometry_msgs/msg/Vector3Stamped.c[0m
[5.398s] [ 429/2351] Compiling [32mmodules/Micro-XRCE-DDS-Client/src/c/core/session/session.c[0m
[5.399s] [ 430/2351] Compiling [32mmodules/Micro-XRCE-DDS-Client/src/c/util/time.c[0m
[5.400s] [ 431/2351] Compiling [32mmodules/Micro-XRCE-DDS-Client/src/c/profile/transport/custom/custom_transport.c[0m
[5.401s] [ 432/2351] Compiling [32mbuild/sitl/libraries/AP_DDS/generated/tf2_msgs/msg/TFMessage.c[0m
[5.402s] [ 433/2351] Compiling [32mbuild/sitl/libraries/AP_DDS/generated/sensor_msgs/msg/BatteryState.c[0m
[5.402s] [ 434/2351] Compiling [32mmodules/Micro-XRCE-DDS-Client/src/c/core/session/write_access.c[0m
[5.403s] [ 435/2351] Compiling [32mmodules/Micro-XRCE-DDS-Client/src/c/core/session/session_info.c[0m
[5.403s] [ 436/2351] Compiling [32mmodules/Micro-XRCE-DDS-Client/src/c/core/session/stream/seq_num.c[0m
[5.404s] [ 437/2351] Compiling [32mbuild/sitl/libraries/AP_DDS/generated/geometry_msgs/msg/TwistStamped.c[0m
[5.405s] [ 438/2351] Compiling [32mmodules/Micro-XRCE-DDS-Client/src/c/core/serialization/xrce_subheader.c[0m
[5.406s] [ 439/2351] Compiling [32mmodules/Micro-XRCE-DDS-Client/src/c/core/session/submessage.c[0m
[5.408s] [ 440/2351] Compiling [32mbuild/sitl/libraries/AP_DDS/generated/geometry_msgs/msg/Quaternion.c[0m
[5.409s] [ 441/2351] Compiling [32mbuild/sitl/libraries/AP_DDS/generated/geometry_msgs/msg/Twist.c[0m
[5.410s] [ 442/2351] Compiling [32mmodules/Micro-XRCE-DDS-Client/src/c/profile/transport/stream_framing/stream_framing_protocol.c[0m
[5.410s] [ 443/2351] Compiling [32mmodules/Micro-XRCE-DDS-Client/src/c/core/serialization/xrce_header.c[0m
[5.411s] [ 444/2351] Compiling [32mbuild/sitl/libraries/AP_DDS/generated/geometry_msgs/msg/Transform.c[0m
[5.411s] [ 445/2351] Compiling [32mbuild/sitl/libraries/AP_DDS/generated/geometry_msgs/msg/TransformStamped.c[0m
[5.412s] [ 446/2351] Compiling [32mbuild/sitl/libraries/AP_DDS/generated/ardupilot_msgs/msg/Airspeed.c[0m
[5.413s] [ 447/2351] Compiling [32mmodules/Micro-CDR/src/c/types/array.c[0m
[5.413s] [ 448/2351] Compiling [32mlibraries/AP_Declination/AP_Declination.cpp[0m
[5.414s] [ 449/2351] Compiling [32mlibraries/AP_Declination/tables.cpp[0m
[5.416s] [ 450/2351] Compiling [32mlibraries/AP_DroneCAN/AP_Canard_iface.cpp[0m
[5.417s] [ 451/2351] Compiling [32mlibraries/AP_DroneCAN/AP_DroneCAN.cpp[0m
[5.418s] [ 452/2351] Compiling [32mlibraries/AP_DroneCAN/AP_DroneCAN_serial.cpp[0m
[5.419s] [ 453/2351] Compiling [32mlibraries/AP_DroneCAN/AP_DroneCAN_DNA_Server.cpp[0m
[5.420s] [ 454/2351] Compiling [32mlibraries/AP_EFI/AP_EFI.cpp[0m
[5.421s] [ 455/2351] Compiling [32mlibraries/AP_EFI/AP_EFI_Serial_MS.cpp[0m
[5.421s] [ 456/2351] Compiling [32mlibraries/AP_EFI/AP_EFI_Backend.cpp[0m
[5.423s] [ 457/2351] Compiling [32mlibraries/AP_EFI/AP_EFI_Currawong_ECU.cpp[0m
[5.425s] [ 458/2351] Compiling [32mlibraries/AP_EFI/AP_EFI_Serial_Lutan.cpp[0m
[5.425s] [ 459/2351] Compiling [32mlibraries/AP_EFI/AP_EFI_DroneCAN.cpp[0m
[5.426s] [ 460/2351] Compiling [32mlibraries/AP_EFI/AP_EFI_MAV.cpp[0m
[5.426s] [ 461/2351] Compiling [32mlibraries/AP_EFI/AP_EFI_NWPMU.cpp[0m
[5.428s] [ 462/2351] Compiling [32mlibraries/AP_EFI/AP_EFI_Scripting.cpp[0m
[5.433s] [ 463/2351] Compiling [32mlibraries/AP_EFI/AP_EFI_Loweheiser.cpp[0m
[5.433s] [ 464/2351] Compiling [32mlibraries/AP_EFI/AP_EFI_ThrottleLinearisation.cpp[0m
[5.433s] [ 465/2351] Compiling [32mlibraries/AP_EFI/AP_EFI_Serial_Hirth.cpp[0m
[5.433s] [ 466/2351] Compiling [32mlibraries/AP_ESC_Telem/AP_ESC_Telem.cpp[0m
[5.436s] [ 467/2351] Compiling [32mlibraries/AP_ESC_Telem/AP_ESC_Telem_SITL.cpp[0m
[5.437s] [ 468/2351] Compiling [32mlibraries/AP_ExternalAHRS/AP_ExternalAHRS_MicroStrain5.cpp[0m
[5.437s] [ 469/2351] Compiling [32mlibraries/AP_ExternalAHRS/AP_ExternalAHRS_SensAItion_Parser.cpp[0m
[5.439s] [ 470/2351] Compiling [32mlibraries/AP_ExternalAHRS/AP_ExternalAHRS.cpp[0m
[5.440s] [ 471/2351] Compiling [32mlibraries/AP_ExternalAHRS/AP_ExternalAHRS_backend.cpp[0m
[5.440s] [ 472/2351] Compiling [32mlibraries/AP_ExternalAHRS/AP_ExternalAHRS_VectorNav.cpp[0m
[5.460s] [ 473/2351] Compiling [32mlibraries/AP_ExternalAHRS/AP_ExternalAHRS_SensAItion.cpp[0m
[5.461s] [ 474/2351] Compiling [32mlibraries/AP_ExternalAHRS/AP_ExternalAHRS_GSOF.cpp[0m
[5.465s] [ 475/2351] Compiling [32mlibraries/AP_ExternalAHRS/MicroStrain_common.cpp[0m
[5.475s] [ 476/2351] Compiling [32mlibraries/AP_ExternalAHRS/AP_ExternalAHRS_MicroStrain7.cpp[0m
[5.481s] [ 477/2351] Compiling [32mlibraries/AP_ExternalControl/AP_ExternalControl.cpp[0m
[5.488s] [ 478/2351] Compiling [32mlibraries/AP_FETtecOneWire/AP_FETtecOneWire.cpp[0m
[5.532s] [ 479/2351] Compiling [32mlibraries/AP_Filesystem/AP_Filesystem.cpp[0m
[5.542s] [ 480/2351] Compiling [32mlibraries/AP_Filesystem/AP_Filesystem_FATFS.cpp[0m
[5.544s] [ 481/2351] Compiling [32mlibraries/AP_Filesystem/AP_Filesystem_Param.cpp[0m
[5.548s] [ 482/2351] Compiling [32mlibraries/AP_Filesystem/AP_Filesystem_Sys.cpp[0m
[5.558s] [ 483/2351] Compiling [32mlibraries/AP_Filesystem/AP_Filesystem_ROMFS.cpp[0m
[5.561s] [ 484/2351] Compiling [32mlibraries/AP_Filesystem/AP_Filesystem_FlashMemory_LittleFS.cpp[0m
[5.561s] [ 485/2351] Compiling [32mlibraries/AP_Filesystem/AP_Filesystem_backend.cpp[0m
[5.565s] [ 486/2351] Compiling [32mlibraries/AP_Filesystem/AP_Filesystem_Mission.cpp[0m
[5.566s] [ 487/2351] Compiling [32mlibraries/AP_Filesystem/posix_compat.cpp[0m
[5.567s] [ 488/2351] Compiling [32mlibraries/AP_Filesystem/AP_Filesystem_ESP32.cpp[0m
[5.573s] [ 489/2351] Compiling [32mlibraries/AP_FlashStorage/AP_FlashStorage.cpp[0m
[5.583s] [ 490/2351] Compiling [32mlibraries/AP_Frsky_Telem/AP_Frsky_D.cpp[0m
[5.583s] [ 491/2351] Compiling [32mlibraries/AP_Frsky_Telem/AP_Frsky_SPort.cpp[0m
[5.587s] [ 492/2351] Compiling [32mlibraries/AP_Frsky_Telem/AP_Frsky_Telem.cpp[0m
[5.598s] [ 493/2351] Compiling [32mlibraries/AP_Frsky_Telem/AP_Frsky_MAVlite_MAVliteToSPort.cpp[0m
[5.608s] [ 494/2351] Compiling [32mlibraries/AP_Frsky_Telem/AP_Frsky_MAVlite_Message.cpp[0m
[5.617s] [ 495/2351] Compiling [32mlibraries/AP_Frsky_Telem/AP_Frsky_MAVlite_SPortToMAVlite.cpp[0m
[5.621s] [ 496/2351] Compiling [32mlibraries/AP_Frsky_Telem/AP_Frsky_Parameters.cpp[0m
[5.621s] [ 497/2351] Compiling [32mlibraries/AP_Frsky_Telem/AP_Frsky_MAVliteMsgHandler.cpp[0m
[5.628s] [ 498/2351] Compiling [32mlibraries/AP_Frsky_Telem/AP_Frsky_Backend.cpp[0m
[5.628s] [ 499/2351] Compiling [32mlibraries/AP_GPS/AP_GPS_ExternalAHRS.cpp[0m
[5.633s] [ 500/2351] Compiling [32mlibraries/AP_GPS/AP_GPS_Blended.cpp[0m
[5.641s] [ 501/2351] Compiling [32mlibraries/AP_GPS/AP_GPS_DroneCAN.cpp[0m
[5.649s] [ 502/2351] Compiling [32mlibraries/AP_GPS/AP_GPS_SITL.cpp[0m
[5.652s] [ 503/2351] Compiling [32mlibraries/AP_GPS/AP_GPS.cpp[0m
[5.663s] [ 504/2351] Compiling [32mlibraries/AP_GPS/MovingBase.cpp[0m
[5.668s] [ 505/2351] Compiling [32mlibraries/AP_GPS/AP_GPS_UBLOX.cpp[0m
[5.669s] [ 506/2351] Compiling [32mlibraries/AP_GPS/RTCM3_Parser.cpp[0m
[5.674s] [ 507/2351] Compiling [32mlibraries/AP_GPS/AP_GPS_SIRF.cpp[0m
[5.680s] [ 508/2351] Compiling [32mlibraries/AP_GPS/AP_GPS_GSOF.cpp[0m
[5.684s] [ 509/2351] Compiling [32mlibraries/AP_GPS/GPS_Backend.cpp[0m
[5.688s] [ 510/2351] Compiling [32mlibraries/AP_GPS/AP_GPS_SBP.cpp[0m
[5.696s] [ 511/2351] Compiling [32mlibraries/AP_GPS/AP_GPS_SBP2.cpp[0m
[5.700s] [ 512/2351] Compiling [32mlibraries/AP_GPS/AP_GPS_Params.cpp[0m
[5.700s] [ 513/2351] Compiling [32mlibraries/AP_GPS/AP_GPS_NMEA.cpp[0m
[5.710s] [ 514/2351] Compiling [32mlibraries/AP_GPS/AP_GPS_SBF.cpp[0m
[5.714s] [ 515/2351] Compiling [32mlibraries/AP_GPS/AP_GPS_NOVA.cpp[0m
[5.717s] [ 516/2351] Compiling [32mlibraries/AP_GPS/AP_GPS_UBLOX_CFGv2.cpp[0m
[5.718s] [ 517/2351] Compiling [32mlibraries/AP_GPS/AP_GPS_MAV.cpp[0m
[5.726s] [ 518/2351] Compiling [32mlibraries/AP_GPS/AP_GPS_MSP.cpp[0m
[5.738s] [ 519/2351] Compiling [32mlibraries/AP_GPS/AP_GPS_ERB.cpp[0m
[5.743s] [ 520/2351] Compiling [32mlibraries/AP_GSOF/AP_GSOF.cpp[0m
[5.743s] [ 521/2351] Compiling [32mlibraries/AP_Generator/AP_Generator_IE_2400.cpp[0m
[5.748s] [ 522/2351] Compiling [32mlibraries/AP_Generator/AP_Generator_Cortex.cpp[0m
[5.758s] [ 523/2351] Compiling [32mlibraries/AP_Generator/AP_Generator_IE_FuelCell.cpp[0m
[5.776s] [ 524/2351] Compiling [32mlibraries/AP_Generator/AP_Generator_Loweheiser.cpp[0m
[5.784s] [ 525/2351] Compiling [32mlibraries/AP_Generator/AP_Generator_IE_650_800.cpp[0m
[5.789s] [ 526/2351] Compiling [32mlibraries/AP_Generator/AP_Generator_RichenPower.cpp[0m
[5.815s] [ 527/2351] Compiling [32mlibraries/AP_Generator/AP_Generator.cpp[0m
[5.820s] [ 528/2351] Compiling [32mlibraries/AP_Generator/AP_Generator_Backend.cpp[0m
[5.821s] [ 529/2351] Compiling [32mlibraries/AP_Gripper/AP_Gripper_EPM.cpp[0m
[5.827s] [ 530/2351] Compiling [32mlibraries/AP_Gripper/AP_Gripper_Servo.cpp[0m
[5.836s] [ 531/2351] Compiling [32mlibraries/AP_Gripper/AP_Gripper.cpp[0m
[5.842s] [ 532/2351] Compiling [32mlibraries/AP_Gripper/AP_Gripper_Backend.cpp[0m
[5.843s] [ 533/2351] Compiling [32mlibraries/AP_Hott_Telem/AP_Hott_Telem.cpp[0m
[5.850s] [ 534/2351] Compiling [32mlibraries/AP_ICEngine/AP_ICEngine.cpp[0m
[5.885s] [ 535/2351] Compiling [32mlibraries/AP_IOMCU/fw_uploader.cpp[0m
[5.886s] [ 536/2351] Compiling [32mlibraries/AP_IOMCU/AP_IOMCU.cpp[0m
[5.892s] [ 537/2351] Compiling [32mlibraries/AP_InertialSensor/AP_InertialSensor_ExternalAHRS.cpp[0m
[5.896s] [ 538/2351] Compiling [32mlibraries/AP_InertialSensor/AP_InertialSensor_Invensensev2.cpp[0m
[5.900s] [ 539/2351] Compiling [32mlibraries/AP_InertialSensor/AP_InertialSensor_SITL.cpp[0m
[5.904s] [ 540/2351] Compiling [32mlibraries/AP_InertialSensor/AP_InertialSensor_ZeroOne_FPGA_SCH16T.cpp[0m
[5.904s] [ 541/2351] Compiling [32mlibraries/AP_InertialSensor/AP_InertialSensor_tempcal.cpp[0m
[5.908s] [ 542/2351] Compiling [32mlibraries/AP_InertialSensor/BatchSampler.cpp[0m
[5.910s] [ 543/2351] Compiling [32mlibraries/AP_InertialSensor/AP_InertialSensor_Params.cpp[0m
[5.921s] [ 544/2351] Compiling [32mlibraries/AP_InertialSensor/AP_InertialSensor_SCHA63T.cpp[0m
[5.924s] [ 545/2351] Compiling [32mlibraries/AP_InertialSensor/AP_InertialSensor_NONE.cpp[0m
[5.924s] [ 546/2351] Compiling [32mlibraries/AP_InertialSensor/AP_InertialSensor_Logging.cpp[0m
[5.926s] [ 547/2351] Compiling [32mlibraries/AP_InertialSensor/AP_InertialSensor_LSM9DS0.cpp[0m
[5.932s] [ 548/2351] Compiling [32mlibraries/AP_InertialSensor/AP_InertialSensor_LSM9DS1.cpp[0m
[5.936s] [ 549/2351] Compiling [32mlibraries/AP_InertialSensor/AP_InertialSensor_L3G4200D.cpp[0m
[5.937s] [ 550/2351] Compiling [32mlibraries/AP_InertialSensor/AuxiliaryBus.cpp[0m
[5.957s] [ 551/2351] Compiling [32mlibraries/AP_InertialSensor/AP_InertialSensor_LSM6DSV.cpp[0m
[5.957s] [ 552/2351] Compiling [32mlibraries/AP_InertialSensor/AP_InertialSensor_BMI088.cpp[0m
[5.957s] [ 553/2351] Compiling [32mlibraries/AP_InertialSensor/AP_InertialSensor_ADIS16607.cpp[0m
[5.957s] [ 554/2351] Compiling [32mlibraries/AP_InertialSensor/AP_InertialSensor_Invensense.cpp[0m
[5.959s] [ 555/2351] Compiling [32mlibraries/AP_InertialSensor/AP_InertialSensor_BMI055.cpp[0m
[5.963s] [ 556/2351] Compiling [32mlibraries/AP_InertialSensor/AP_InertialSensor_BMI160.cpp[0m
[5.967s] [ 557/2351] Compiling [32mlibraries/AP_InertialSensor/AP_InertialSensor_ASM330.cpp[0m
[5.979s] [ 558/2351] Compiling [32mlibraries/AP_InertialSensor/AP_InertialSensor_ADIS1647x.cpp[0m
[5.981s] [ 559/2351] Compiling [32mlibraries/AP_InertialSensor/AP_InertialSensor_BMI270.cpp[0m
[5.987s] [ 560/2351] Compiling [32mlibraries/AP_InternalError/AP_InternalError.cpp[0m
[5.992s] [ 561/2351] Compiling [32mlibraries/AP_JSON/AP_JSON.cpp[0m
[5.999s] [ 562/2351] Compiling [32mlibraries/AP_KDECAN/AP_KDECAN.cpp[0m
[6.000s] [ 563/2351] Compiling [32mlibraries/AP_LightWareSerial/AP_LightWareSerial.cpp[0m
[6.004s] [ 564/2351] Compiling [32mlibraries/AP_Logger/AP_Logger_Block.cpp[0m
[6.006s] [ 565/2351] Compiling [32mlibraries/AP_Logger/AP_Logger_Flash_JEDEC.cpp[0m
[6.006s] [ 566/2351] Compiling [32mlibraries/AP_Logger/AP_Logger_MAVLink.cpp[0m
[6.007s] [ 567/2351] Compiling [32mlibraries/AP_Logger/AP_Logger_MAVLinkLogTransfer.cpp[0m
[6.028s] [ 568/2351] Compiling [32mlibraries/AP_Logger/LogFile.cpp[0m
[6.056s] [ 569/2351] Compiling [32mlibraries/AP_Logger/AP_Logger_W25NXX.cpp[0m
[6.075s] [ 570/2351] Compiling [32mlibraries/AP_MSP/AP_MSP_Telem_DisplayPort.cpp[0m
[6.079s] [ 571/2351] Compiling [32mlibraries/AP_MSP/AP_MSP_Telem_Generic.cpp[0m
[6.083s] [ 572/2351] Compiling [32mlibraries/AP_MSP/AP_MSP.cpp[0m
[6.103s] [ 573/2351] Compiling [32mlibraries/AP_MSP/AP_MSP_Telem_Backend.cpp[0m
[6.111s] [ 574/2351] Compiling [32mlibraries/AP_MSP/msp.cpp[0m
[6.120s] [ 575/2351] Compiling [32mlibraries/AP_MSP/msp_sbuf.cpp[0m
[6.123s] [ 576/2351] Compiling [32mlibraries/AP_MSP/AP_MSP_Telem_DJI.cpp[0m
[6.125s] [ 577/2351] Compiling [32mlibraries/AP_Math/matrix_alg.cpp[0m
[6.130s] [ 578/2351] Compiling [32mlibraries/AP_Math/AP_GeodesicGrid.cpp[0m
[6.135s] [ 579/2351] Compiling [32mlibraries/AP_Math/polygon.cpp[0m
[6.136s] [ 580/2351] Compiling [32mlibraries/AP_Math/control.cpp[0m
[6.140s] [ 581/2351] Compiling [32mlibraries/AP_Math/quaternion.cpp[0m
[6.141s] [ 582/2351] Compiling [32mlibraries/AP_Math/vector3.cpp[0m
[6.146s] [ 583/2351] Compiling [32mlibraries/AP_Math/AP_Math.cpp[0m
[6.146s] [ 584/2351] Compiling [32mlibraries/AP_Math/matrix3.cpp[0m
[6.151s] [ 585/2351] Compiling [32mlibraries/AP_Math/location_double.cpp[0m
[6.155s] [ 586/2351] Compiling [32mlibraries/AP_Math/matrixN.cpp[0m
[6.159s] [ 587/2351] Compiling [32mlibraries/AP_Math/polyfit.cpp[0m
[6.163s] [ 588/2351] Compiling [32mlibraries/AP_Math/vector2.cpp[0m
[6.165s] [ 589/2351] Compiling [32mlibraries/AP_Math/spline5.cpp[0m
[6.165s] [ 590/2351] Compiling [32mlibraries/AP_Math/SplineCurve.cpp[0m
[6.166s] [ 591/2351] Compiling [32mlibraries/AP_Math/chirp.cpp[0m
[6.167s] [ 592/2351] Compiling [32mlibraries/AP_Math/location.cpp[0m
[6.168s] [ 593/2351] Compiling [32mlibraries/AP_Math/crc.cpp[0m
[6.171s] [ 594/2351] Compiling [32mlibraries/AP_Mission/AP_Mission_Commands.cpp[0m
[6.172s] [ 595/2351] Compiling [32mlibraries/AP_Mission/AP_Mission_ChangeDetector.cpp[0m
[6.174s] [ 596/2351] Compiling [32mlibraries/AP_Module/AP_Module.cpp[0m
[6.177s] [ 597/2351] Compiling [32mlibraries/AP_Mount/AP_Mount_Viewpro.cpp[0m
[6.180s] [ 598/2351] Compiling [32mlibraries/AP_Mount/AP_Mount_Topotek.cpp[0m
[6.181s] [ 599/2351] Compiling [32mlibraries/AP_Mount/AP_Mount.cpp[0m
[6.183s] [ 600/2351] Compiling [32mlibraries/AP_Mount/AP_Mount_XFRobot.cpp[0m
[6.184s] [ 601/2351] Compiling [32mlibraries/AP_Mount/AP_Mount_Siyi.cpp[0m
[6.186s] [ 602/2351] Compiling [32mlibraries/AP_Mount/AP_Mount_Xacti.cpp[0m
[6.186s] [ 603/2351] Compiling [32mlibraries/AP_Mount/SoloGimbal_Parameters.cpp[0m
[6.187s] [ 604/2351] Compiling [32mlibraries/AP_Mount/SoloGimbalEKF.cpp[0m
[6.189s] [ 605/2351] Compiling [32mlibraries/AP_Mount/SoloGimbal.cpp[0m
[6.190s] [ 606/2351] Compiling [32mlibraries/AP_Mount/AP_Mount_Alexmos.cpp[0m
[6.192s] [ 607/2351] Compiling [32mlibraries/AP_Mount/AP_Mount_MAVLink.cpp[0m
[6.193s] [ 608/2351] Compiling [32mlibraries/AP_Mount/AP_Mount_Servo.cpp[0m
[6.193s] [ 609/2351] Compiling [32mlibraries/AP_Mount/AP_Mount_Backend.cpp[0m
[6.194s] [ 610/2351] Compiling [32mlibraries/AP_Mount/AP_Mount_SoloGimbal.cpp[0m
[6.197s] [ 611/2351] Compiling [32mlibraries/AP_Mount/AP_Mount_Scripting.cpp[0m
[6.198s] [ 612/2351] Compiling [32mlibraries/AP_Mount/AP_Mount_Params.cpp[0m
[6.202s] [ 613/2351] Compiling [32mlibraries/AP_Mount/AP_Mount_SToRM32.cpp[0m
[6.208s] [ 614/2351] Compiling [32mlibraries/AP_Mount/AP_Mount_SToRM32_serial.cpp[0m
[6.212s] [ 615/2351] Compiling [32mlibraries/AP_Mount/AP_Mount_CADDX.cpp[0m
[6.215s] [ 616/2351] Compiling [32mlibraries/AP_Mount/AP_Mount_Backend_Serial.cpp[0m
[6.216s] [ 617/2351] Compiling [32mlibraries/AP_MultiHeap/MultiHeap_malloc.cpp[0m
[6.228s] [ 618/2351] Compiling [32mlibraries/AP_MultiHeap/MultiHeap_chibios.cpp[0m
[6.232s] [ 619/2351] Compiling [32mlibraries/AP_MultiHeap/AP_MultiHeap.cpp[0m
[6.237s] [ 620/2351] Compiling [32mlibraries/AP_NMEA_Output/AP_NMEA_Output.cpp[0m
[6.240s] [ 621/2351] Compiling [32mlibraries/AP_NavEKF/AP_NavEKF_Source.cpp[0m
[6.241s] [ 622/2351] Compiling [32mlibraries/AP_NavEKF/EKF_Buffer.cpp[0m
[6.245s] [ 623/2351] Compiling [32mlibraries/AP_NavEKF/EKFGSF_yaw.cpp[0m
[6.268s] [ 624/2351] Compiling [32mlibraries/AP_NavEKF/AP_NavEKF_core_common.cpp[0m
[6.274s] [ 625/2351] Compiling [32mlibraries/AP_NavEKF/EKFGSF_Logging.cpp[0m
[6.279s] [ 626/2351] Compiling [32mlibraries/AP_NavEKF2/AP_NavEKF2_Measurements.cpp[0m
[6.282s] [ 627/2351] Compiling [32mlibraries/AP_NavEKF2/AP_NavEKF_GyroBias.cpp[0m
[6.316s] [ 628/2351] Compiling [32mlibraries/AP_NavEKF2/AP_NavEKF2_core.cpp[0m
[6.316s] [ 629/2351] Compiling [32mlibraries/AP_NavEKF2/AP_NavEKF2_VehicleStatus.cpp[0m
[6.328s] [ 630/2351] Compiling [32mlibraries/AP_NavEKF2/AP_NavEKF2_PosVelFusion.cpp[0m
[6.337s] [ 631/2351] Compiling [32mlibraries/AP_NavEKF2/AP_NavEKF2_RngBcnFusion.cpp[0m
[6.392s] [ 632/2351] Compiling [32mlibraries/AP_NavEKF2/AP_NavEKF2_MagFusion.cpp[0m
[6.400s] [ 633/2351] Compiling [32mlibraries/AP_NavEKF2/AP_NavEKF2_Outputs.cpp[0m
[6.400s] [ 634/2351] Compiling [32mlibraries/AP_NavEKF2/AP_NavEKF2_Control.cpp[0m
[6.408s] [ 635/2351] Compiling [32mlibraries/AP_NavEKF2/AP_NavEKF2_Logging.cpp[0m
[6.413s] [ 636/2351] Compiling [32mlibraries/AP_NavEKF2/AP_NavEKF2_AirDataFusion.cpp[0m
[6.415s] [ 637/2351] Compiling [32mmodules/lwip/src/core/def.c[0m
[6.425s] [ 638/2351] Compiling [32mmodules/lwip/src/netif/slipif.c[0m
[6.426s] [ 639/2351] Compiling [32mmodules/lwip/src/core/pbuf.c[0m
[6.427s] [ 640/2351] Compiling [32mmodules/lwip/src/core/memp.c[0m
[6.428s] [ 641/2351] Compiling [32mmodules/lwip/src/netif/ppp/fsm.c[0m
[6.439s] [ 642/2351] Compiling [32mmodules/lwip/src/netif/lowpan6_common.c[0m
[6.440s] [ 643/2351] Compiling [32mmodules/lwip/src/core/altcp_tcp.c[0m
[6.441s] [ 644/2351] Compiling [32mlibraries/AP_Networking/AP_Networking_tests.cpp[0m
[6.448s] [ 645/2351] Compiling [32mlibraries/AP_Networking/AP_Networking_ChibiOS.cpp[0m
[6.452s] [ 646/2351] Compiling [32mmodules/lwip/src/core/altcp.c[0m
[6.455s] [ 647/2351] Compiling [32mmodules/lwip/src/core/dns.c[0m
[6.457s] [ 648/2351] Compiling [32mmodules/lwip/src/core/init.c[0m
[6.463s] [ 649/2351] Compiling [32mmodules/lwip/src/core/netif.c[0m
[6.463s] [ 650/2351] Compiling [32mlibraries/AP_Networking/lwip_hal/arch/sys_arch.cpp[0m
[6.464s] [ 651/2351] Compiling [32mmodules/lwip/src/netif/ppp/vj.c[0m
[6.466s] [ 652/2351] Compiling [32mmodules/lwip/src/netif/ppp/mppe.c[0m
[6.467s] [ 653/2351] Compiling [32mmodules/lwip/src/netif/ppp/pppcrypt.c[0m
[6.470s] [ 654/2351] Compiling [32mlibraries/AP_Networking/AP_Networking_port.cpp[0m
[6.470s] [ 655/2351] Compiling [32mmodules/lwip/src/netif/ppp/multilink.c[0m
[6.471s] [ 656/2351] Compiling [32mmodules/lwip/src/netif/ppp/lcp.c[0m
[6.476s] [ 657/2351] Compiling [32mlibraries/AP_Networking/AP_Networking_macaddr.cpp[0m
[6.477s] [ 658/2351] Compiling [32mlibraries/AP_Networking/AP_Networking_SITL_TUN.cpp[0m
[6.478s] [ 659/2351] Compiling [32mmodules/lwip/src/netif/ppp/ipv6cp.c[0m
[6.480s] [ 660/2351] Compiling [32mmodules/lwip/src/netif/ppp/magic.c[0m
[6.481s] [ 661/2351] Compiling [32mlibraries/AP_Networking/AP_Networking_address.cpp[0m
[6.481s] [ 662/2351] Compiling [32mmodules/lwip/src/core/altcp_alloc.c[0m
[6.485s] [ 663/2351] Compiling [32mmodules/lwip/src/netif/ppp/ipcp.c[0m
[6.485s] [ 664/2351] Compiling [32mmodules/lwip/src/core/stats.c[0m
[6.486s] [ 665/2351] Compiling [32mmodules/lwip/src/core/ip.c[0m
[6.488s] [ 666/2351] Compiling [32mmodules/lwip/src/netif/ppp/ccp.c[0m
[6.489s] [ 667/2351] Compiling [32mmodules/lwip/src/core/timeouts.c[0m
[6.490s] [ 668/2351] Compiling [32mmodules/lwip/src/core/sys.c[0m
[6.492s] [ 669/2351] Compiling [32mmodules/lwip/src/core/ipv4/acd.c[0m
[6.494s] [ 670/2351] Compiling [32mmodules/lwip/src/netif/ppp/pppoe.c[0m
[6.495s] [ 671/2351] Compiling [32mmodules/lwip/src/netif/ppp/ppp.c[0m
[6.499s] [ 672/2351] Compiling [32mlibraries/AP_Networking/AP_Networking.cpp[0m
[6.500s] [ 673/2351] Compiling [32mmodules/lwip/src/netif/ppp/utils.c[0m
[6.501s] [ 674/2351] Compiling [32mmodules/lwip/src/core/inet_chksum.c[0m
[6.502s] [ 675/2351] Compiling [32mlibraries/AP_Networking/AP_Networking_PPP.cpp[0m
[6.507s] [ 676/2351] Compiling [32mlibraries/AP_Networking/AP_Networking_Backend.cpp[0m
[6.507s] [ 677/2351] Compiling [32mmodules/lwip/src/netif/ppp/demand.c[0m
[6.508s] [ 678/2351] Compiling [32mmodules/lwip/src/netif/ppp/ecp.c[0m
[6.508s] [ 679/2351] Compiling [32mmodules/lwip/src/netif/ppp/chap_ms.c[0m
[6.513s] [ 680/2351] Compiling [32mmodules/lwip/src/netif/ppp/eap.c[0m
[6.514s] [ 681/2351] Compiling [32mmodules/lwip/src/netif/ppp/auth.c[0m
[6.514s] [ 682/2351] Compiling [32mmodules/lwip/src/netif/ppp/pppol2tp.c[0m
[6.514s] [ 683/2351] Compiling [32mmodules/lwip/src/netif/ppp/chap-md5.c[0m
[6.518s] [ 684/2351] Compiling [32mmodules/lwip/src/netif/lowpan6_ble.c[0m
[6.518s] [ 685/2351] Compiling [32mlibraries/AP_Networking/AP_Networking_CAN.cpp[0m
[6.519s] [ 686/2351] Compiling [32mmodules/lwip/src/netif/ppp/upap.c[0m
[6.520s] [ 687/2351] Compiling [32mmodules/lwip/src/netif/ppp/chap-new.c[0m
[6.523s] [ 688/2351] Compiling [32mmodules/lwip/src/netif/lowpan6.c[0m
[6.526s] [ 689/2351] Compiling [32mmodules/lwip/src/netif/zepif.c[0m
[6.528s] [ 690/2351] Compiling [32mmodules/lwip/src/api/netdb.c[0m
[6.528s] [ 691/2351] Compiling [32mmodules/lwip/src/core/ipv4/autoip.c[0m
[6.529s] [ 692/2351] Compiling [32mmodules/lwip/src/core/raw.c[0m
[6.529s] [ 693/2351] Compiling [32mmodules/lwip/src/core/mem.c[0m
[6.530s] [ 694/2351] Compiling [32mmodules/lwip/src/api/tcpip.c[0m
[6.531s] [ 695/2351] Compiling [32mmodules/lwip/src/netif/ppp/pppapi.c[0m
[6.532s] [ 696/2351] Compiling [32mmodules/lwip/src/netif/bridgeif.c[0m
[6.534s] [ 697/2351] Compiling [32mmodules/lwip/src/netif/ppp/eui64.c[0m
[6.534s] [ 698/2351] Compiling [32mmodules/lwip/src/netif/bridgeif_fdb.c[0m
[6.535s] [ 699/2351] Compiling [32mmodules/lwip/src/api/netbuf.c[0m
[6.536s] [ 700/2351] Compiling [32mmodules/lwip/src/core/ipv4/dhcp.c[0m
[6.536s] [ 701/2351] Compiling [32mmodules/lwip/src/netif/ppp/pppos.c[0m
[6.537s] [ 702/2351] Compiling [32mmodules/lwip/src/netif/ethernet.c[0m
[6.537s] [ 703/2351] Compiling [32mmodules/lwip/src/api/netifapi.c[0m
[6.539s] [ 704/2351] Compiling [32mmodules/lwip/src/api/sockets.c[0m
[6.539s] [ 705/2351] Compiling [32mmodules/lwip/src/api/if_api.c[0m
[6.541s] [ 706/2351] Compiling [32mmodules/lwip/src/core/ipv4/icmp.c[0m
[6.542s] [ 707/2351] Compiling [32mmodules/lwip/src/core/tcp_in.c[0m
[6.545s] [ 708/2351] Compiling [32mmodules/lwip/src/core/ipv4/ip4_frag.c[0m
[6.545s] [ 709/2351] Compiling [32mmodules/lwip/src/api/err.c[0m
[6.547s] [ 710/2351] Compiling [32mmodules/lwip/src/api/api_lib.c[0m
[6.548s] [ 711/2351] Compiling [32mmodules/lwip/src/api/api_msg.c[0m
[6.550s] [ 712/2351] Compiling [32mmodules/lwip/src/core/ipv4/ip4_addr.c[0m
[6.550s] [ 713/2351] Compiling [32mmodules/lwip/src/core/ipv4/etharp.c[0m
[6.551s] [ 714/2351] Compiling [32mmodules/lwip/src/core/tcp.c[0m
[6.552s] [ 715/2351] Compiling [32mmodules/lwip/src/core/ipv4/igmp.c[0m
[6.552s] [ 716/2351] Compiling [32mmodules/lwip/src/core/ipv4/ip4.c[0m
[6.553s] [ 717/2351] Compiling [32mmodules/lwip/src/core/tcp_out.c[0m
[6.554s] [ 718/2351] Compiling [32mmodules/lwip/src/core/udp.c[0m
[6.555s] [ 719/2351] Compiling [32mlibraries/AP_Notify/ExternalLED.cpp[0m
[6.557s] [ 720/2351] Compiling [32mlibraries/AP_Notify/Buzzer.cpp[0m
[6.557s] [ 721/2351] Compiling [32mlibraries/AP_Notify/GPIO_LED_1.cpp[0m
[6.558s] [ 722/2351] Compiling [32mlibraries/AP_Notify/IS31FL3195.cpp[0m
[6.558s] [ 723/2351] Compiling [32mlibraries/AP_Notify/ProfiLED.cpp[0m
[6.559s] [ 724/2351] Compiling [32mlibraries/AP_Notify/DiscreteRGBLed.cpp[0m
[6.559s] [ 725/2351] Compiling [32mlibraries/AP_Notify/VRBoard_LED.cpp[0m
[6.562s] [ 726/2351] Compiling [32mlibraries/AP_Notify/ScriptingLED.cpp[0m
[6.563s] [ 727/2351] Compiling [32mlibraries/AP_Notify/AP_Notify.cpp[0m
[6.564s] [ 728/2351] Compiling [32mlibraries/AP_Notify/SITL_SFML_LED.cpp[0m
[6.565s] [ 729/2351] Compiling [32mlibraries/AP_Notify/RGBLed.cpp[0m
[6.565s] [ 730/2351] Compiling [32mlibraries/AP_Notify/RCOutputRGBLed.cpp[0m
[6.569s] [ 731/2351] Compiling [32mlibraries/AP_Notify/DShotLED.cpp[0m
[6.569s] [ 732/2351] Compiling [32mlibraries/AP_Notify/SerialLED.cpp[0m
[6.570s] [ 733/2351] Compiling [32mlibraries/AP_Notify/ToneAlarm.cpp[0m
[6.571s] [ 734/2351] Compiling [32mlibraries/AP_Notify/PCA9685LED_I2C.cpp[0m
[6.575s] [ 735/2351] Compiling [32mlibraries/AP_Notify/MMLPlayer.cpp[0m
[6.575s] [ 736/2351] Compiling [32mlibraries/AP_Notify/ToshibaLED_I2C.cpp[0m
[6.576s] [ 737/2351] Compiling [32mlibraries/AP_Notify/OreoLED_I2C.cpp[0m
[6.576s] [ 738/2351] Compiling [32mlibraries/AP_Notify/PixRacerLED.cpp[0m
[6.576s] [ 739/2351] Compiling [32mlibraries/AP_Notify/NavigatorLED.cpp[0m
[6.576s] [ 740/2351] Compiling [32mlibraries/AP_Notify/Display_SSD1306_I2C.cpp[0m
[6.577s] [ 741/2351] Compiling [32mlibraries/AP_Notify/Led_Sysfs.cpp[0m
[6.577s] [ 742/2351] Compiling [32mlibraries/AP_Notify/NCP5623.cpp[0m
[6.578s] [ 743/2351] Compiling [32mlibraries/AP_Notify/NeoPixel.cpp[0m
[6.578s] [ 744/2351] Compiling [32mlibraries/AP_Notify/LP5562.cpp[0m
[6.581s] [ 745/2351] Compiling [32mlibraries/AP_Notify/DroneCAN_RGB_LED.cpp[0m
[6.581s] [ 746/2351] Compiling [32mlibraries/AP_Notify/Display.cpp[0m
[6.587s] [ 747/2351] Compiling [32mlibraries/AP_Notify/Display_SH1106_I2C.cpp[0m
[6.620s] [ 748/2351] Compiling [32mlibraries/AP_Notify/Display_SITL.cpp[0m
[6.625s] [ 749/2351] Compiling [32mlibraries/AP_Notify/DiscoLED.cpp[0m
[6.659s] [ 750/2351] Compiling [32mlibraries/AP_Notify/AP_BoardLED2.cpp[0m
[6.702s] [ 751/2351] Compiling [32mlibraries/AP_Notify/AP_BoardLED.cpp[0m
[6.734s] [ 752/2351] Compiling [32mlibraries/AP_OLC/AP_OLC.cpp[0m
[6.736s] [ 753/2351] Compiling [32mlibraries/AP_OSD/AP_OSD_Backend.cpp[0m
[6.742s] [ 754/2351] Compiling [32mlibraries/AP_OSD/AP_OSD_MSP.cpp[0m
[6.742s] [ 755/2351] Compiling [32mlibraries/AP_OSD/AP_OSD_Setting.cpp[0m
[6.747s] [ 756/2351] Compiling [32mlibraries/AP_OSD/AP_OSD_SITL.cpp[0m
[6.749s] [ 757/2351] Compiling [32mlibraries/AP_OSD/AP_OSD.cpp[0m
[6.750s] [ 758/2351] Compiling [32mlibraries/AP_OSD/AP_OSD_MAX7456.cpp[0m
[6.758s] [ 759/2351] Compiling [32mlibraries/AP_OSD/AP_OSD_MSP_DisplayPort.cpp[0m
[6.758s] [ 760/2351] Compiling [32mlibraries/AP_OpenDroneID/AP_OpenDroneID.cpp[0m
[6.765s] [ 761/2351] Compiling [32mlibraries/AP_OpenDroneID/AP_OpenDroneID_DroneCAN.cpp[0m
[6.767s] [ 762/2351] Compiling [32mlibraries/AP_OpticalFlow/AP_OpticalFlow_HereFlow.cpp[0m
[6.773s] [ 763/2351] Compiling [32mlibraries/AP_OpticalFlow/AP_OpticalFlow_UPFLOW.cpp[0m
[6.775s] [ 764/2351] Compiling [32mlibraries/AP_OpticalFlow/AP_OpticalFlow_Pixart.cpp[0m
[6.776s] [ 765/2351] Compiling [32mlibraries/AP_OpticalFlow/AP_OpticalFlow_MSP.cpp[0m
[6.783s] [ 766/2351] Compiling [32mlibraries/AP_OpticalFlow/AP_OpticalFlow_PX4Flow.cpp[0m
[6.784s] [ 767/2351] Compiling [32mlibraries/AP_OpticalFlow/AP_OpticalFlow.cpp[0m
[6.784s] [ 768/2351] Compiling [32mlibraries/AP_OpticalFlow/AP_OpticalFlow_MAV.cpp[0m
[6.790s] [ 769/2351] Compiling [32mlibraries/AP_OpticalFlow/AP_OpticalFlow_CXOF.cpp[0m
[6.795s] [ 770/2351] Compiling [32mlibraries/AP_OpticalFlow/AP_OpticalFlow_Backend.cpp[0m
[6.799s] [ 771/2351] Compiling [32mlibraries/AP_OpticalFlow/AP_OpticalFlow_SITL.cpp[0m
[6.803s] [ 772/2351] Compiling [32mlibraries/AP_OpticalFlow/AP_OpticalFlow_Calibrator.cpp[0m
[6.807s] [ 773/2351] Compiling [32mlibraries/AP_OpticalFlow/AP_OpticalFlow_Onboard.cpp[0m
[6.809s] [ 774/2351] Compiling [32mlibraries/AP_Parachute/AP_Parachute.cpp[0m
[6.817s] [ 775/2351] Compiling [32mlibraries/AP_Param/AP_ParamT.cpp[0m
[6.817s] [ 776/2351] Compiling [32mlibraries/AP_Param/AP_Param.cpp[0m
[6.820s] [ 777/2351] Compiling [32mlibraries/AP_PiccoloCAN/AP_PiccoloCAN_ESC.cpp[0m
[6.824s] [ 778/2351] Compiling [32mlibraries/AP_PiccoloCAN/AP_PiccoloCAN_Servo.cpp[0m
[6.825s] [ 779/2351] Compiling [32mlibraries/AP_PiccoloCAN/AP_PiccoloCAN_Cortex.cpp[0m
[6.828s] [ 780/2351] Compiling [32mlibraries/AP_PiccoloCAN/AP_PiccoloCAN_ECU.cpp[0m
[6.828s] [ 781/2351] Compiling [32mlibraries/AP_PiccoloCAN/AP_PiccoloCAN.cpp[0m
[6.829s] [ 782/2351] Compiling [32mlibraries/AP_Proximity/AP_Proximity_SITL.cpp[0m
[6.829s] [ 783/2351] Compiling [32mlibraries/AP_Proximity/AP_Proximity_Params.cpp[0m
[6.834s] [ 784/2351] Compiling [32mlibraries/AP_Proximity/AP_Proximity_RPLidarA2.cpp[0m
[6.835s] [ 785/2351] Compiling [32mlibraries/AP_Proximity/AP_Proximity_TeraRangerTower.cpp[0m
[6.835s] [ 786/2351] Compiling [32mlibraries/AP_Proximity/AP_Proximity_RangeFinder.cpp[0m
[6.837s] [ 787/2351] Compiling [32mlibraries/AP_Proximity/AP_Proximity_TeraRangerTowerEvo.cpp[0m
[6.838s] [ 788/2351] Compiling [32mlibraries/AP_Proximity/AP_Proximity_LightWareSF45B.cpp[0m
[6.839s] [ 789/2351] Compiling [32mlibraries/AP_Proximity/AP_Proximity_MR72_CAN.cpp[0m
[6.846s] [ 790/2351] Compiling [32mlibraries/AP_Proximity/AP_Proximity_LightWareSF40C.cpp[0m
[6.846s] [ 791/2351] Compiling [32mlibraries/AP_Proximity/AP_Proximity_Scripting.cpp[0m
[6.877s] [ 792/2351] Compiling [32mlibraries/AP_Proximity/AP_Proximity_DroneCAN.cpp[0m
[6.899s] [ 793/2351] Compiling [32mlibraries/AP_Proximity/AP_Proximity_Backend_Serial.cpp[0m
[6.946s] [ 794/2351] Compiling [32mlibraries/AP_Proximity/AP_Proximity_Cygbot_D1.cpp[0m
[6.958s] [ 795/2351] Compiling [32mlibraries/AP_Proximity/AP_Proximity_LD06.cpp[0m
[6.962s] [ 796/2351] Compiling [32mlibraries/AP_Proximity/AP_Proximity_Boundary_3D.cpp[0m
[6.967s] [ 797/2351] Compiling [32mlibraries/AP_Proximity/AP_Proximity_AirSimSITL.cpp[0m
[6.970s] [ 798/2351] Compiling [32mlibraries/AP_Proximity/AP_Proximity_Backend.cpp[0m
[6.975s] [ 799/2351] Compiling [32mlibraries/AP_Proximity/AP_Proximity.cpp[0m
[6.983s] [ 800/2351] Compiling [32mlibraries/AP_Proximity/AP_Proximity_MAV.cpp[0m
[6.988s] [ 801/2351] Compiling [32mlibraries/AP_RAMTRON/AP_RAMTRON.cpp[0m
[6.993s] [ 802/2351] Compiling [32mlibraries/AP_RCMapper/AP_RCMapper.cpp[0m
[6.999s] [ 803/2351] Compiling [32mlibraries/AP_RCProtocol/AP_RCProtocol_Emlid_RCIO.cpp[0m
[7.003s] [ 804/2351] Compiling [32mlibraries/AP_RCProtocol/AP_RCProtocol_IOMCU.cpp[0m
[7.014s] [ 805/2351] Compiling [32mlibraries/AP_RCProtocol/spm_srxl.cpp[0m
[7.014s] [ 806/2351] Compiling [32mlibraries/AP_RCProtocol/AP_RCProtocol_SUMD.cpp[0m
[7.014s] [ 807/2351] Compiling [32mlibraries/AP_RCProtocol/SoftSerial.cpp[0m
[7.020s] [ 808/2351] Compiling [32mlibraries/AP_RCProtocol/AP_RCProtocol_PPMSum.cpp[0m
[7.028s] [ 809/2351] Compiling [32mlibraries/AP_RCProtocol/AP_RCProtocol_Joystick_SFML.cpp[0m
[7.038s] [ 810/2351] Compiling [32mlibraries/AP_RCProtocol/AP_RCProtocol_Radio.cpp[0m
[7.043s] [ 811/2351] Compiling [32mlibraries/AP_RCProtocol/AP_RCProtocol_MAVLinkRadio.cpp[0m
[7.044s] [ 812/2351] Compiling [32mlibraries/AP_RCProtocol/AP_RCProtocol_SRXL.cpp[0m
[7.044s] [ 813/2351] Compiling [32mlibraries/AP_RCProtocol/AP_RCProtocol_SBUS.cpp[0m
[7.045s] [ 814/2351] Compiling [32mlibraries/AP_RCProtocol/AP_RCProtocol_DroneCAN.cpp[0m
[7.055s] [ 815/2351] Compiling [32mlibraries/AP_RCProtocol/AP_RCProtocol_Backend.cpp[0m
[7.061s] [ 816/2351] Compiling [32mlibraries/AP_RCProtocol/AP_RCProtocol_FDM.cpp[0m
[7.066s] [ 817/2351] Compiling [32mlibraries/AP_RCProtocol/AP_RCProtocol_IBUS.cpp[0m
[7.073s] [ 818/2351] Compiling [32mlibraries/AP_RCProtocol/AP_RCProtocol_DSM.cpp[0m
[7.076s] [ 819/2351] Compiling [32mlibraries/AP_RCProtocol/AP_RCProtocol_ST24.cpp[0m
[7.078s] [ 820/2351] Compiling [32mlibraries/AP_RCTelemetry/AP_Spektrum_Telem.cpp[0m
[7.079s] [ 821/2351] Compiling [32mlibraries/AP_RCTelemetry/AP_GHST_Telem.cpp[0m
[7.080s] [ 822/2351] Compiling [32mlibraries/AP_ROMFS/tinflate.cpp[0m
[7.082s] [ 823/2351] Compiling [32mlibraries/AP_ROMFS/AP_ROMFS.cpp[0m
[7.083s] [ 824/2351] Compiling [32mlibraries/AP_RPM/RPM_Pin.cpp[0m
[7.093s] [ 825/2351] Compiling [32mlibraries/AP_RPM/RPM_ESC_Telem.cpp[0m
[7.096s] [ 826/2351] Compiling [32mlibraries/AP_RPM/RPM_Generator.cpp[0m
[7.099s] [ 827/2351] Compiling [32mlibraries/AP_RPM/RPM_SITL.cpp[0m
[7.103s] [ 828/2351] Compiling [32mlibraries/AP_RPM/RPM_HarmonicNotch.cpp[0m
[7.104s] [ 829/2351] Compiling [32mlibraries/AP_RPM/RPM_DroneCAN.cpp[0m
[7.106s] [ 830/2351] Compiling [32mlibraries/AP_RPM/RPM_EFI.cpp[0m
[7.106s] [ 831/2351] Compiling [32mlibraries/AP_RPM/RPM_Backend.cpp[0m
[7.107s] [ 832/2351] Compiling [32mlibraries/AP_RPM/AP_RPM.cpp[0m
[7.111s] [ 833/2351] Compiling [32mlibraries/AP_RPM/AP_RPM_Params.cpp[0m
[7.112s] [ 834/2351] Compiling [32mlibraries/AP_RSSI/AP_RSSI.cpp[0m
[7.115s] [ 835/2351] Compiling [32mlibraries/AP_RTC/AP_RTC.cpp[0m
[7.117s] [ 836/2351] Compiling [32mlibraries/AP_RTC/JitterCorrection.cpp[0m
[7.117s] [ 837/2351] Compiling [32mlibraries/AP_Radio/AP_Radio.cpp[0m
[7.118s] [ 838/2351] Compiling [32mlibraries/AP_Radio/AP_Radio_backend.cpp[0m
[7.122s] [ 839/2351] Compiling [32mlibraries/AP_Radio/AP_Radio_bk2425.cpp[0m
[7.123s] [ 840/2351] Compiling [32mlibraries/AP_Radio/driver_cc2500.cpp[0m
[7.130s] [ 841/2351] Compiling [32mlibraries/AP_Radio/AP_Radio_cc2500.cpp[0m
[7.130s] [ 842/2351] Compiling [32mlibraries/AP_Radio/driver_bk2425.cpp[0m
[7.131s] [ 843/2351] Compiling [32mlibraries/AP_Radio/AP_Radio_cypress.cpp[0m
[7.131s] [ 844/2351] Compiling [32mlibraries/AP_RangeFinder/AP_RangeFinder_LeddarVu8.cpp[0m
[7.135s] [ 845/2351] Compiling [32mlibraries/AP_RangeFinder/AP_RangeFinder_Backend.cpp[0m
[7.139s] [ 846/2351] Compiling [32mlibraries/AP_RangeFinder/AP_RangeFinder_LightWareI2C.cpp[0m
[7.142s] [ 847/2351] Compiling [32mlibraries/AP_RangeFinder/AP_RangeFinder_SITL.cpp[0m
[7.143s] [ 848/2351] Compiling [32mlibraries/AP_RangeFinder/AP_RangeFinder_LightWareSerial.cpp[0m
[7.143s] [ 849/2351] Compiling [32mlibraries/AP_RangeFinder/AP_RangeFinder_LightWare_GRF.cpp[0m
[7.160s] [ 850/2351] Compiling [32mlibraries/AP_RangeFinder/AP_RangeFinder_LightWare_GRF_Common.cpp[0m
[7.164s] [ 851/2351] Compiling [32mlibraries/AP_RangeFinder/AP_RangeFinder_Backend_CAN.cpp[0m
[7.169s] [ 852/2351] Compiling [32mlibraries/AP_RangeFinder/AP_RangeFinder_BBB_PRU.cpp[0m
[7.172s] [ 853/2351] Compiling [32mlibraries/AP_RangeFinder/AP_RangeFinder_LightWare_GRF_I2C.cpp[0m
[7.183s] [ 854/2351] Compiling [32mlibraries/AP_RangeFinder/AP_RangeFinder_Lua.cpp[0m
[7.190s] [ 855/2351] Compiling [32mlibraries/AP_RangeFinder/AP_RangeFinder_Backend_Serial.cpp[0m
[7.198s] [ 856/2351] Compiling [32mlibraries/AP_RangeFinder/AP_RangeFinder_analog.cpp[0m
[7.216s] [ 857/2351] Compiling [32mlibraries/AP_RangeFinder/AP_RangeFinder_VL53L1X.cpp[0m
[7.236s] [ 858/2351] Compiling [32mlibraries/AP_RangeFinder/AP_RangeFinder_Benewake_TFS20L.cpp[0m
[7.236s] [ 859/2351] Compiling [32mlibraries/AP_RangeFinder/AP_RangeFinder_TOFSenseP_CAN.cpp[0m
[7.244s] [ 860/2351] Compiling [32mlibraries/AP_RangeFinder/AP_RangeFinder_Benewake_TFMiniPlus.cpp[0m
[7.249s] [ 861/2351] Compiling [32mlibraries/AP_RangeFinder/AP_RangeFinder_BLPing.cpp[0m
[7.256s] [ 862/2351] Compiling [32mlibraries/AP_RangeFinder/AP_RangeFinder.cpp[0m
[7.257s] [ 863/2351] Compiling [32mlibraries/AP_RangeFinder/AP_RangeFinder_VL53L0X.cpp[0m
[7.276s] [ 864/2351] Compiling [32mlibraries/AP_RangeFinder/AP_RangeFinder_LeddarOne.cpp[0m
[7.285s] [ 865/2351] Compiling [32mlibraries/AP_RangeFinder/AP_RangeFinder_USD1_Serial.cpp[0m
[7.287s] [ 866/2351] Compiling [32mlibraries/AP_RangeFinder/AP_RangeFinder_TeraRanger_Serial.cpp[0m
[7.288s] [ 867/2351] Compiling [32mlibraries/AP_RangeFinder/AP_RangeFinder_MSP.cpp[0m
[7.292s] [ 868/2351] Compiling [32mlibraries/AP_RangeFinder/AP_RangeFinder_USD1_CAN.cpp[0m
[7.301s] [ 869/2351] Compiling [32mlibraries/AP_RangeFinder/AP_RangeFinder_Benewake.cpp[0m
[7.302s] [ 870/2351] Compiling [32mlibraries/AP_RangeFinder/AP_RangeFinder_Bebop.cpp[0m
[7.304s] [ 871/2351] Compiling [32mlibraries/AP_RangeFinder/AP_RangeFinder_PulsedLightLRF.cpp[0m
[7.308s] [ 872/2351] Compiling [32mlibraries/AP_RangeFinder/AP_RangeFinder_TOFSenseF_I2C.cpp[0m
[7.312s] [ 873/2351] Compiling [32mlibraries/AP_RangeFinder/AP_RangeFinder_Backend_I2C.cpp[0m
[7.313s] [ 874/2351] Compiling [32mlibraries/AP_RangeFinder/AP_RangeFinder_RDS02UF.cpp[0m
[7.320s] [ 875/2351] Compiling [32mlibraries/AP_RangeFinder/AP_RangeFinder_PWM.cpp[0m
[7.326s] [ 876/2351] Compiling [32mlibraries/AP_RangeFinder/AP_RangeFinder_TeraRangerI2C.cpp[0m
[7.332s] [ 877/2351] Compiling [32mlibraries/AP_RangeFinder/AP_RangeFinder_MaxsonarI2CXL.cpp[0m
[7.338s] [ 878/2351] Compiling [32mlibraries/AP_RangeFinder/AP_RangeFinder_Params.cpp[0m
[7.340s] [ 879/2351] Compiling [32mlibraries/AP_RangeFinder/AP_RangeFinder_NoopLoop.cpp[0m
[7.351s] [ 880/2351] Compiling [32mlibraries/AP_RangeFinder/AP_RangeFinder_Wasp.cpp[0m
[7.351s] [ 881/2351] Compiling [32mlibraries/AP_RangeFinder/AP_RangeFinder_NRA24_CAN.cpp[0m
[7.358s] [ 882/2351] Compiling [32mlibraries/AP_RangeFinder/AP_RangeFinder_Ainstein_LR_D1.cpp[0m
[7.361s] [ 883/2351] Compiling [32mlibraries/AP_RangeFinder/AP_RangeFinder_NMEA.cpp[0m
[7.366s] [ 884/2351] Compiling [32mlibraries/AP_RangeFinder/AP_RangeFinder_MaxsonarSerialLV.cpp[0m
[7.376s] [ 885/2351] Compiling [32mlibraries/AP_RangeFinder/AP_RangeFinder_Benewake_CAN.cpp[0m
[7.389s] [ 886/2351] Compiling [32mlibraries/AP_RangeFinder/AP_RangeFinder_Lanbao.cpp[0m
[7.394s] [ 887/2351] Compiling [32mlibraries/AP_RangeFinder/AP_RangeFinder_DroneCAN.cpp[0m
[7.395s] [ 888/2351] Compiling [32mlibraries/AP_RangeFinder/AP_RangeFinder_MAVLink.cpp[0m
[7.399s] [ 889/2351] Compiling [32mlibraries/AP_RangeFinder/AP_RangeFinder_JRE_Serial.cpp[0m
[7.404s] [ 890/2351] Compiling [32mlibraries/AP_RangeFinder/AP_RangeFinder_DTS6012M.cpp[0m
[7.441s] [ 891/2351] Compiling [32mlibraries/AP_RangeFinder/AP_RangeFinder_GYUS42v2.cpp[0m
[7.443s] [ 892/2351] Compiling [32mlibraries/AP_RangeFinder/AP_RangeFinder_HC_SR04.cpp[0m
[7.450s] [ 893/2351] Compiling [32mlibraries/AP_Relay/AP_Relay_Params.cpp[0m
[7.458s] [ 894/2351] Compiling [32mlibraries/AP_RobotisServo/AP_RobotisServo.cpp[0m
[7.462s] [ 895/2351] Compiling [32mlibraries/AP_SBusOut/AP_SBusOut.cpp[0m
[7.469s] [ 896/2351] Compiling [32mlibraries/AP_Scheduler/PerfInfo.cpp[0m
[7.471s] [ 897/2351] Compiling [32mlibraries/AP_SerialLED/AP_SerialLED.cpp[0m
[7.472s] [ 898/2351] Compiling [32mlibraries/AP_SerialManager/AP_SerialManager.cpp[0m
[7.476s] [ 899/2351] Compiling [32mlibraries/AP_ServoRelayEvents/AP_ServoRelayEvents.cpp[0m
[7.481s] [ 900/2351] Compiling [32mlibraries/AP_Servo_Telem/AP_Servo_Telem.cpp[0m
[7.482s] [ 901/2351] Compiling [32mlibraries/AP_Stats/AP_Stats.cpp[0m
[7.482s] [ 902/2351] Compiling [32mlibraries/AP_TempCalibration/AP_TempCalibration.cpp[0m
[7.494s] [ 903/2351] Compiling [32mlibraries/AP_TemperatureSensor/AP_TemperatureSensor_DroneCAN.cpp[0m
[7.501s] [ 904/2351] Compiling [32mlibraries/AP_TemperatureSensor/AP_TemperatureSensor_Params.cpp[0m
[7.503s] [ 905/2351] Compiling [32mlibraries/AP_TemperatureSensor/AP_TemperatureSensor_TSYS01.cpp[0m
[7.503s] [ 906/2351] Compiling [32mlibraries/AP_TemperatureSensor/AP_TemperatureSensor_Backend.cpp[0m
[7.510s] [ 907/2351] Compiling [32mlibraries/AP_TemperatureSensor/AP_TemperatureSensor_SHT3x.cpp[0m
[7.513s] [ 908/2351] Compiling [32mlibraries/AP_TemperatureSensor/AP_TemperatureSensor_MLX90614.cpp[0m
[7.516s] [ 909/2351] Compiling [32mlibraries/AP_TemperatureSensor/AP_TemperatureSensor_TSYS03.cpp[0m
[7.518s] [ 910/2351] Compiling [32mlibraries/AP_TemperatureSensor/AP_TemperatureSensor_MAX31865.cpp[0m
[7.526s] [ 911/2351] Compiling [32mlibraries/AP_TemperatureSensor/AP_TemperatureSensor_MCP9600.cpp[0m
[7.526s] [ 912/2351] Compiling [32mlibraries/AP_TemperatureSensor/AP_TemperatureSensor_Analog.cpp[0m
[7.530s] [ 913/2351] Compiling [32mlibraries/AP_Terrain/TerrainUtil.cpp[0m
[7.532s] [ 914/2351] Compiling [32mlibraries/AP_Terrain/TerrainGCS.cpp[0m
[7.533s] [ 915/2351] Compiling [32mlibraries/AP_Terrain/TerrainIO.cpp[0m
[7.533s] [ 916/2351] Compiling [32mlibraries/AP_Terrain/TerrainMission.cpp[0m
[7.541s] [ 917/2351] Compiling [32mlibraries/AP_Torqeedo/AP_Torqeedo_Backend.cpp[0m
[7.545s] [ 918/2351] Compiling [32mlibraries/AP_Torqeedo/AP_Torqeedo_Params.cpp[0m
[7.550s] [ 919/2351] Compiling [32mlibraries/AP_Torqeedo/AP_Torqeedo.cpp[0m
[7.552s] [ 920/2351] Compiling [32mlibraries/AP_Torqeedo/AP_Torqeedo_TQBus.cpp[0m
[7.554s] [ 921/2351] Compiling [32mlibraries/AP_Tuning/AP_Tuning.cpp[0m
[7.560s] [ 922/2351] Compiling [32mlibraries/AP_Vehicle/Parameters.cpp[0m
[7.560s] [ 923/2351] Compiling [32mlibraries/AP_VideoTX/AP_VideoTX.cpp[0m
[7.565s] [ 924/2351] Compiling [32mlibraries/AP_VideoTX/AP_SmartAudio.cpp[0m
[7.568s] [ 925/2351] Compiling [32mlibraries/AP_VideoTX/AP_Tramp.cpp[0m
[7.571s] [ 926/2351] Compiling [32mlibraries/AP_VisualOdom/AP_VisualOdom_MAV.cpp[0m
[7.575s] [ 927/2351] Compiling [32mlibraries/AP_VisualOdom/AP_VisualOdom_Logging.cpp[0m
[7.576s] [ 928/2351] Compiling [32mlibraries/AP_VisualOdom/AP_VisualOdom_IntelT265.cpp[0m
[7.590s] [ 929/2351] Compiling [32mlibraries/AP_VisualOdom/AP_VisualOdom.cpp[0m
[7.597s] [ 930/2351] Compiling [32mlibraries/AP_VisualOdom/AP_VisualOdom_Backend.cpp[0m
[7.611s] [ 931/2351] Compiling [32mlibraries/AP_Volz_Protocol/AP_Volz_Protocol.cpp[0m
[7.616s] [ 932/2351] Compiling [32mlibraries/AP_WheelEncoder/WheelEncoder_Quadrature.cpp[0m
[7.629s] [ 933/2351] Compiling [32mlibraries/AP_WheelEncoder/WheelEncoder_SITL_Quadrature.cpp[0m
[7.636s] [ 934/2351] Compiling [32mlibraries/AP_WheelEncoder/WheelEncoder_Backend.cpp[0m
[7.644s] [ 935/2351] Compiling [32mlibraries/AP_WheelEncoder/AP_WheelRateControl.cpp[0m
[7.652s] [ 936/2351] Compiling [32mlibraries/AP_WheelEncoder/AP_WheelEncoder.cpp[0m
[7.654s] [ 937/2351] Compiling [32mlibraries/Filter/AP_NotchFilter_params.cpp[0m
[7.659s] [ 938/2351] Compiling [32mlibraries/Filter/LowPassFilter2p.cpp[0m
[7.667s] [ 939/2351] Compiling [32mlibraries/Filter/ModeFilter.cpp[0m
[7.667s] [ 940/2351] Compiling [32mlibraries/Filter/DerivativeFilter.cpp[0m
[7.674s] [ 941/2351] Compiling [32mlibraries/Filter/LowPassFilter.cpp[0m
[7.675s] [ 942/2351] Compiling [32mlibraries/Filter/SlewLimiter.cpp[0m
[7.679s] [ 943/2351] Compiling [32mlibraries/Filter/NotchFilter.cpp[0m
[7.680s] [ 944/2351] Compiling [32mlibraries/Filter/AP_Filter.cpp[0m
[7.684s] [ 945/2351] Compiling [32mlibraries/Filter/AP_Filter_params.cpp[0m
[7.685s] [ 946/2351] Compiling [32mlibraries/GCS_MAVLink/MissionItemProtocol_Fence.cpp[0m
[7.685s] [ 947/2351] Compiling [32mlibraries/GCS_MAVLink/MissionItemProtocol_Rally.cpp[0m
[7.694s] [ 948/2351] Compiling [32mlibraries/GCS_MAVLink/MAVLink_routing.cpp[0m
[7.696s] [ 949/2351] Compiling [32mlibraries/GCS_MAVLink/MissionItemProtocol.cpp[0m
[7.700s] [ 950/2351] Compiling [32mlibraries/GCS_MAVLink/MissionItemProtocol_Waypoints.cpp[0m
[7.705s] [ 951/2351] Compiling [32mlibraries/GCS_MAVLink/GCS_Signing.cpp[0m
[7.706s] [ 952/2351] Compiling [32mlibraries/GCS_MAVLink/GCS_ServoRelay.cpp[0m
[7.715s] [ 953/2351] Compiling [32mlibraries/GCS_MAVLink/GCS_Param.cpp[0m
[7.717s] [ 954/2351] Compiling [32mlibraries/GCS_MAVLink/GCS_FTP.cpp[0m
[7.726s] [ 955/2351] Compiling [32mlibraries/GCS_MAVLink/GCS_MAVLink.cpp[0m
[7.726s] [ 956/2351] Compiling [32mlibraries/GCS_MAVLink/GCS_DeviceOp.cpp[0m
[7.732s] [ 957/2351] Compiling [32mlibraries/GCS_MAVLink/GCS_serial_control.cpp[0m
[7.746s] [ 958/2351] Compiling [32mlibraries/RC_Channel/RC_Channels.cpp[0m
[7.746s] [ 959/2351] Compiling [32mlibraries/SRV_Channel/SRV_Channels.cpp[0m
[7.746s] [ 960/2351] Compiling [32mlibraries/SRV_Channel/SRV_Channel_aux.cpp[0m
[7.746s] [ 961/2351] Compiling [32mlibraries/SRV_Channel/SRV_Channel.cpp[0m
[7.753s] [ 962/2351] Compiling [32mlibraries/AP_HAL/utility/Socket.cpp[0m
[7.764s] [ 963/2351] Compiling [32mlibraries/AP_HAL/utility/ftoa_engine.cpp[0m
[7.765s] [ 964/2351] Compiling [32mlibraries/AP_HAL/utility/getopt_cpp.cpp[0m
[7.765s] [ 965/2351] Compiling [32mlibraries/AP_HAL/utility/packetise.cpp[0m
[7.771s] [ 966/2351] Compiling [32mlibraries/AP_HAL/utility/dsm.cpp[0m
[7.774s] [ 967/2351] Compiling [32mlibraries/AP_HAL/utility/DataRateLimit.cpp[0m
[7.774s] [ 968/2351] Compiling [32mlibraries/AP_HAL/utility/Socket_native.cpp[0m
[7.777s] [ 969/2351] Compiling [32mlibraries/AP_HAL/utility/print_vprintf.cpp[0m
[7.777s] [ 970/2351] Compiling [32mlibraries/AP_HAL/utility/RCOutput_Tap.cpp[0m
[7.781s] [ 971/2351] Compiling [32mlibraries/AP_HAL/utility/RCOutput_Tap_Linux.cpp[0m
[7.782s] [ 972/2351] Compiling [32mlibraries/AP_HAL/utility/RingBuffer.cpp[0m
[7.783s] [ 973/2351] Compiling [32mlibraries/AP_HAL/Semaphores.cpp[0m
[7.784s] [ 974/2351] Compiling [32mlibraries/AP_HAL/Util.cpp[0m
[7.789s] [ 975/2351] Compiling [32mlibraries/AP_HAL/Storage.cpp[0m
[7.789s] [ 976/2351] Compiling [32mlibraries/AP_HAL/UARTDriver.cpp[0m
[7.790s] [ 977/2351] Compiling [32mlibraries/AP_HAL/Scheduler.cpp[0m
[7.791s] [ 978/2351] Compiling [32mlibraries/AP_HAL/system.cpp[0m
[7.791s] [ 979/2351] Compiling [32mlibraries/AP_HAL/utility/BetterStream.cpp[0m
[7.793s] [ 980/2351] Compiling [32mlibraries/AP_HAL/Device.cpp[0m
[7.793s] [ 981/2351] Compiling [32mlibraries/AP_HAL/HAL.cpp[0m
[7.797s] [ 982/2351] Compiling [32mlibraries/AP_HAL/utility/replace.cpp[0m
[7.797s] [ 983/2351] Compiling [32mlibraries/AP_HAL/GPIO.cpp[0m
[7.802s] [ 984/2351] Compiling [32mlibraries/AP_HAL/utility/utoa_invert.cpp[0m
[7.802s] [ 985/2351] Compiling [32mlibraries/AP_HAL/RCOutput.cpp[0m
[7.802s] [ 986/2351] Compiling [32mlibraries/AP_HAL/CANIface.cpp[0m
[7.803s] [ 987/2351] Compiling [32mlibraries/AP_HAL/DSP.cpp[0m
[7.804s] [ 988/2351] Compiling [32mlibraries/AP_HAL_Empty/HAL_Empty_Class.cpp[0m
[7.809s] [ 989/2351] Compiling [32mlibraries/AP_HAL_Empty/UARTDriver.cpp[0m
[7.812s] [ 990/2351] Compiling [32mlibraries/AP_HAL_Empty/AnalogIn.cpp[0m
[7.812s] [ 991/2351] Compiling [32mlibraries/AP_HAL_Empty/RCInput.cpp[0m
[7.813s] [ 992/2351] Compiling [32mlibraries/AP_HAL_Empty/Storage.cpp[0m
[7.813s] [ 993/2351] Compiling [32mlibraries/AP_HAL_Empty/RCOutput.cpp[0m
[7.816s] [ 994/2351] Compiling [32mlibraries/AP_HAL_Empty/Semaphores.cpp[0m
[7.816s] [ 995/2351] Compiling [32mlibraries/AP_HAL_Empty/GPIO.cpp[0m
[7.818s] [ 996/2351] Compiling [32mlibraries/AP_PiccoloCAN/piccolo_protocol/ECUPackets.c[0m
[7.818s] [ 997/2351] Compiling [32mlibraries/AP_PiccoloCAN/piccolo_protocol/ESCDefines.c[0m
[7.819s] [ 998/2351] Compiling [32mlibraries/AP_PiccoloCAN/piccolo_protocol/fielddecode.c[0m
[7.820s] [ 999/2351] Compiling [32mlibraries/AP_PiccoloCAN/piccolo_protocol/ServoProtocol.c[0m
[7.822s] [1000/2351] Compiling [32mlibraries/AP_PiccoloCAN/piccolo_protocol/scaleddecode.c[0m
[7.824s] [1001/2351] Compiling [32mlibraries/AP_PiccoloCAN/piccolo_protocol/ESCPackets.c[0m
[7.826s] [1002/2351] Compiling [32mlibraries/AP_PiccoloCAN/piccolo_protocol/fieldencode.c[0m
[7.827s] [1003/2351] Compiling [32mlibraries/AP_PiccoloCAN/piccolo_protocol/ServoCommands.c[0m
[7.831s] [1004/2351] Compiling [32mlibraries/AP_PiccoloCAN/piccolo_protocol/ESCVelocityProtocol.c[0m
[7.831s] [1005/2351] Compiling [32mlibraries/AP_PiccoloCAN/piccolo_protocol/ServoDefines.c[0m
[7.833s] [1006/2351] Compiling [32mlibraries/AP_PiccoloCAN/piccolo_protocol/ECUProtocol.c[0m
[7.833s] [1007/2351] Compiling [32mlibraries/AP_PiccoloCAN/piccolo_protocol/ECUSettings.c[0m
[7.834s] [1008/2351] Compiling [32mlibraries/AP_PiccoloCAN/piccolo_protocol/ServoPackets.c[0m
[7.837s] [1009/2351] Compiling [32mlibraries/AP_PiccoloCAN/piccolo_protocol/ESCCommands.c[0m
[7.838s] [1010/2351] Compiling [32mlibraries/AP_PiccoloCAN/piccolo_protocol/ECUDefines.c[0m
[7.838s] [1011/2351] Compiling [32mlibraries/AP_PiccoloCAN/piccolo_protocol/CortexProtocol.c[0m
[7.840s] [1012/2351] Compiling [32mlibraries/AP_PiccoloCAN/piccolo_protocol/CortexPackets.c[0m
[7.844s] [1013/2351] Compiling [32mlibraries/AP_PiccoloCAN/piccolo_protocol/CortexDefines.c[0m
[7.844s] [1014/2351] Compiling [32mlibraries/AP_PiccoloCAN/piccolo_protocol/scaledencode.c[0m
[7.845s] [1015/2351] Compiling [32mmodules/DroneCAN/libcanard/canard.c[0m
[7.847s] [1016/2351] Compiling [32mlibraries/AP_HAL_SITL/RCInput.cpp[0m
[7.847s] [1017/2351] Compiling [32mlibraries/AP_HAL_SITL/system.cpp[0m
[7.848s] [1018/2351] Compiling [32mlibraries/AP_HAL_SITL/RCOutput.cpp[0m
[7.849s] [1019/2351] Compiling [32mlibraries/AP_HAL_SITL/ToneAlarm_SF.cpp[0m
[7.850s] [1020/2351] Compiling [32mlibraries/AP_HAL_SITL/sitl_rangefinder.cpp[0m
[7.851s] [1021/2351] Compiling [32mlibraries/AP_HAL_SITL/Semaphores.cpp[0m
[7.852s] [1022/2351] Compiling [32mlibraries/AP_HAL_SITL/AnalogIn.cpp[0m
[7.852s] [1023/2351] Compiling [32mlibraries/AP_HAL_SITL/DSP.cpp[0m
[7.853s] [1024/2351] Compiling [32mlibraries/AP_HAL_SITL/SITL_State_common.cpp[0m
[7.854s] [1025/2351] Compiling [32mlibraries/AP_HAL_SITL/SITL_State.cpp[0m
[7.857s] [1026/2351] Compiling [32mlibraries/AP_HAL_SITL/HAL_SITL_Class.cpp[0m
[7.860s] [1027/2351] Compiling [32mlibraries/AP_HAL_SITL/UART_utils.cpp[0m
[7.865s] [1028/2351] Compiling [32mlibraries/AP_HAL_SITL/Scheduler.cpp[0m
[7.867s] [1029/2351] Compiling [32mlibraries/AP_HAL_SITL/CANSocketIface.cpp[0m
[7.871s] [1030/2351] Compiling [32mlibraries/AP_HAL_SITL/I2CDevice.cpp[0m
[7.871s] [1031/2351] Compiling [32mlibraries/AP_HAL_SITL/CAN_SocketCAN.cpp[0m
[7.873s] [1032/2351] Compiling [32mlibraries/AP_HAL_SITL/SPIDevice.cpp[0m
[7.876s] [1033/2351] Compiling [32mlibraries/AP_HAL_SITL/CAN_Multicast.cpp[0m
[7.880s] [1034/2351] Compiling [32mlibraries/AP_HAL_SITL/GPIO.cpp[0m
[7.897s] [1035/2351] Compiling [32mlibraries/AP_HAL_SITL/Util.cpp[0m
[7.903s] [1036/2351] Compiling [32mlibraries/AP_HAL_SITL/SITL_Periph_State.cpp[0m
[7.907s] [1037/2351] Compiling [32mlibraries/AP_HAL_SITL/sitl_airspeed.cpp[0m
[7.914s] [1038/2351] Compiling [32mlibraries/SITL/SIM_RF_NoopLoop.cpp[0m
[7.921s] [1039/2351] Compiling [32mlibraries/SITL/SIM_Invensense_v3.cpp[0m
[7.925s] [1040/2351] Compiling [32mlibraries/SITL/SIM_InertialLabs.cpp[0m
[7.936s] [1041/2351] Compiling [32mlibraries/SITL/SIM_ICEngine.cpp[0m
[7.936s] [1042/2351] Compiling [32mlibraries/SITL/SIM_GPS_NMEA.cpp[0m
[7.944s] [1043/2351] Compiling [32mlibraries/SITL/SIM_GPS_FILE.cpp[0m
[7.947s] [1044/2351] Compiling [32mlibraries/SITL/SIM_GPIO_LED_2.cpp[0m
[7.949s] [1045/2351] Compiling [32mlibraries/SITL/SIM_GPIO_LED_1.cpp[0m
[7.957s] [1046/2351] Compiling [32mlibraries/SITL/SIM_Frsky_D.cpp[0m
[7.958s] [1047/2351] Compiling [32mlibraries/SITL/SIM_Frame.cpp[0m
[7.961s] [1048/2351] Compiling [32mlibraries/SITL/SIM_Frsky.cpp[0m
[7.967s] [1049/2351] Compiling [32mlibraries/SITL/SIM_GPS_NOVA.cpp[0m
[7.967s] [1050/2351] Compiling [32mlibraries/SITL/SIM_FlightAxis.cpp[0m
[7.971s] [1051/2351] Compiling [32mlibraries/SITL/SIM_GPS_MSP.cpp[0m
[8.000s] [1052/2351] Compiling [32mlibraries/SITL/SIM_FETtecOneWireESC.cpp[0m
[8.011s] [1053/2351] Compiling [32mlibraries/SITL/SIM_ELRS.cpp[0m
[8.041s] [1054/2351] Compiling [32mlibraries/SITL/SIM_EFI_MegaSquirt.cpp[0m
[8.071s] [1055/2351] Compiling [32mlibraries/SITL/SIM_EFI_Hirth.cpp[0m
[8.075s] [1056/2351] Compiling [32mlibraries/SITL/SIM_CRSF.cpp[0m
[8.087s] [1057/2351] Compiling [32mlibraries/SITL/SIM_Buzzer.cpp[0m
[8.088s] [1058/2351] Compiling [32mlibraries/SITL/SIM_Blimp.cpp[0m
[8.093s] [1059/2351] Compiling [32mlibraries/SITL/SIM_CRRCSim.cpp[0m
[8.101s] [1060/2351] Compiling [32mlibraries/SITL/SIM_BattMonitor_SMBus_Rotoye.cpp[0m
[8.111s] [1061/2351] Compiling [32mlibraries/SITL/SIM_BattMonitor_SMBus_Maxell.cpp[0m
[8.113s] [1062/2351] Compiling [32mlibraries/SITL/SIM_Battery.cpp[0m
[8.127s] [1063/2351] Compiling [32mlibraries/SITL/SIM_BattMonitor_SMBus.cpp[0m
[8.127s] [1064/2351] Compiling [32mlibraries/SITL/SIM_Balloon.cpp[0m
[8.128s] [1065/2351] Compiling [32mlibraries/SITL/SIM_Airspeed_DLVR.cpp[0m
[8.140s] [1066/2351] Compiling [32mlibraries/SITL/SIM_BalanceBot.cpp[0m
[8.154s] [1067/2351] Compiling [32mlibraries/SITL/SIM_AirSim.cpp[0m
[8.154s] [1068/2351] Compiling [32mlibraries/SITL/SIM_AVT_CM62.cpp[0m
[8.158s] [1069/2351] Compiling [32mlibraries/SITL/SIM_BattMonitor_SMBus_Generic.cpp[0m
[8.166s] [1070/2351] Compiling [32mlibraries/SITL/SIM_AIS.cpp[0m
[8.175s] [1071/2351] Compiling [32mlibraries/SITL/SIM_ADSB_Sagetech_MXS.cpp[0m
[8.177s] [1072/2351] Compiling [32mlibraries/SITL/SIM_AS5600.cpp[0m
[8.181s] [1073/2351] Compiling [32mlibraries/SITL/SIM_ADSB.cpp[0m
[8.186s] [1074/2351] Compiling [32mlibraries/SITL/SIM_Calibration.cpp[0m
[8.198s] [1075/2351] Compiling [32mlibraries/SITL/SIM_PS_LightWare_SF45B.cpp[0m
[8.203s] [1076/2351] Compiling [32mlibraries/SITL/SIM_GPS_SBF.cpp[0m
[8.205s] [1077/2351] Compiling [32mlibraries/SITL/SIM_GPS_SBP.cpp[0m
[8.205s] [1078/2351] Compiling [32mlibraries/SITL/SIM_RF_MAVLink.cpp[0m
[8.206s] [1079/2351] Compiling [32mlibraries/SITL/SIM_RF_NMEA.cpp[0m
[8.216s] [1080/2351] Compiling [32mlibraries/SITL/SIM_GPS_SBP2.cpp[0m
[8.226s] [1081/2351] Compiling [32mlibraries/SITL/SIM_RF_MaxsonarSerialLV.cpp[0m
[8.227s] [1082/2351] Compiling [32mlibraries/SITL/SIM_RF_LightWareSerial.cpp[0m
[8.228s] [1083/2351] Compiling [32mlibraries/SITL/SIM_RF_LightWare_GRF.cpp[0m
[8.228s] [1084/2351] Compiling [32mlibraries/SITL/SIM_RF_LightWareSerialBinary.cpp[0m
[8.243s] [1085/2351] Compiling [32mlibraries/SITL/SIM_RF_Benewake.cpp[0m
[8.255s] [1086/2351] Compiling [32mlibraries/SITL/SIM_Motor.cpp[0m
[8.266s] [1087/2351] Compiling [32mlibraries/SITL/SIM_Morse.cpp[0m
[8.279s] [1088/2351] Compiling [32mlibraries/SITL/SIM_IS31FL3195.cpp[0m
[8.285s] [1089/2351] Compiling [32mlibraries/SITL/SIM_RF_DTS6012M.cpp[0m
[8.287s] [1090/2351] Compiling [32mlibraries/SITL/SIM_RF_Lanbao.cpp[0m
[8.305s] [1091/2351] Compiling [32mlibraries/SITL/SIM_RF_GYUS42v2.cpp[0m
[8.310s] [1092/2351] Compiling [32mlibraries/SITL/SIM_RF_LeddarOne.cpp[0m
[8.326s] [1093/2351] Compiling [32mlibraries/SITL/SIM_RF_Benewake_TFMiniPlus.cpp[0m
[8.346s] [1094/2351] Compiling [32mlibraries/SITL/SIM_RF_Ainstein_LR_D1_v19.cpp[0m
[8.349s] [1095/2351] Compiling [32mlibraries/SITL/SIM_Siyi_ZT30.cpp[0m
[8.356s] [1096/2351] Compiling [32mlibraries/SITL/SIM_RF_JRE.cpp[0m
[8.362s] [1097/2351] Compiling [32mlibraries/SITL/SIM_Plane.cpp[0m
[8.365s] [1098/2351] Compiling [32mlibraries/SITL/SIM_RAMTRON_FM25V02.cpp[0m
[8.368s] [1099/2351] Compiling [32mlibraries/SITL/SIM_PS_RPLidar.cpp[0m
[8.375s] [1100/2351] Compiling [32mlibraries/SITL/SIM_RF_LightWare_GRF_I2C.cpp[0m
[8.392s] [1101/2351] Compiling [32mlibraries/SITL/SIM_MicroStrain7.cpp[0m
[8.400s] [1102/2351] Compiling [32mlibraries/SITL/SIM_I2CDevice.cpp[0m
[8.401s] [1103/2351] Compiling [32mlibraries/SITL/SIM_Helicopter.cpp[0m
[8.410s] [1104/2351] Compiling [32mlibraries/SITL/SIM_RF_LightWareI2C_Legacy16Bit.cpp[0m
[8.414s] [1105/2351] Compiling [32mlibraries/SITL/SIM_RF_BLping.cpp[0m
[8.414s] [1106/2351] Compiling [32mlibraries/SITL/SIM_LM2755.cpp[0m
[8.419s] [1107/2351] Compiling [32mlibraries/SITL/SIM_INA3221.cpp[0m
[8.434s] [1108/2351] Compiling [32mlibraries/SITL/SIM_JEDEC_MX25L3206E.cpp[0m
[8.436s] [1109/2351] Compiling [32mlibraries/SITL/SIM_MS5611.cpp[0m
[8.436s] [1110/2351] Compiling [32mlibraries/SITL/SIM_MAVLinkCamV2.cpp[0m
[8.448s] [1111/2351] Compiling [32mlibraries/SITL/SIM_LP5562.cpp[0m
[8.450s] [1112/2351] Compiling [32mlibraries/SITL/SIM_MAVLinkGimbalv2.cpp[0m
[8.456s] [1113/2351] Compiling [32mlibraries/SITL/SIM_Loweheiser.cpp[0m
[8.457s] [1114/2351] Compiling [32mlibraries/SITL/SIM_MicroStrain.cpp[0m
[8.465s] [1115/2351] Compiling [32mlibraries/SITL/SIM_MS5525.cpp[0m
[8.480s] [1116/2351] Compiling [32mlibraries/SITL/SIM_JSON_Master.cpp[0m
[8.481s] [1117/2351] Compiling [32mlibraries/SITL/SIM_Gripper_Servo.cpp[0m
[8.487s] [1118/2351] Compiling [32mlibraries/SITL/SIM_Gimbal.cpp[0m
[8.500s] [1119/2351] Compiling [32mlibraries/SITL/SIM_GPS_SBP_Common.cpp[0m
[8.500s] [1120/2351] Compiling [32mlibraries/SITL/SIM_JSBSim.cpp[0m
[8.504s] [1121/2351] Compiling [32mlibraries/SITL/SIM_LED_n.cpp[0m
[8.514s] [1122/2351] Compiling [32mlibraries/SITL/SIM_Gripper_EPM.cpp[0m
[8.517s] [1123/2351] Compiling [32mlibraries/SITL/SIM_I2C.cpp[0m
[8.521s] [1124/2351] Compiling [32mlibraries/SITL/SIM_JSON.cpp[0m
[8.522s] [1125/2351] Compiling [32mlibraries/SITL/SIM_GPS_UBLOX.cpp[0m
[8.526s] [1126/2351] Compiling [32mlibraries/SITL/SIM_Glider.cpp[0m
[8.532s] [1127/2351] Compiling [32mlibraries/SITL/SIM_GeneratorEngine.cpp[0m
[8.547s] [1128/2351] Compiling [32mlibraries/SITL/SIM_Multicopter.cpp[0m
[8.575s] [1129/2351] Compiling [32mlibraries/SITL/SIM_Gazebo.cpp[0m
[8.575s] [1130/2351] Compiling [32mlibraries/SITL/SIM_GPS_Trimble.cpp[0m
[8.587s] [1131/2351] Compiling [32mlibraries/SITL/SIM_VectorNav.cpp[0m
[8.587s] [1132/2351] Compiling [32mlibraries/SITL/SIM_Siyi.cpp[0m
[8.595s] [1133/2351] Compiling [32mlibraries/SITL/SIM_RF_TOFSenseF_I2C.cpp[0m
[8.596s] [1134/2351] Compiling [32mlibraries/SITL/SIM_IntelligentEnergy.cpp[0m
[8.607s] [1135/2351] Compiling [32mlibraries/SITL/SIM_GPS.cpp[0m
[8.626s] [1136/2351] Compiling [32mlibraries/SITL/SIM_GPIO_LED_3.cpp[0m
[8.631s] [1137/2351] Compiling [32mlibraries/SITL/SIM_Topotek.cpp[0m
[8.634s] [1138/2351] Compiling [32mlibraries/SITL/SIM_Vicon.cpp[0m
[8.641s] [1139/2351] Compiling [32mlibraries/SITL/SIM_SoloGimbal.cpp[0m
[8.644s] [1140/2351] Compiling [32mlibraries/SITL/SIM_Tracker.cpp[0m
[8.649s] [1141/2351] Compiling [32mlibraries/SITL/SIM_Webots_Python.cpp[0m
[8.654s] [1142/2351] Compiling [32mlibraries/SITL/SIM_RF_USD1_v1.cpp[0m
[8.655s] [1143/2351] Compiling [32mlibraries/SITL/SIM_PS_LD06.cpp[0m
[8.655s] [1144/2351] Compiling [32mlibraries/SITL/SIM_last_letter.cpp[0m
[8.662s] [1145/2351] Compiling [32mlibraries/SITL/SITL_Airspeed.cpp[0m
[8.666s] [1146/2351] Compiling [32mlibraries/SITL/SIM_Webots.cpp[0m
[8.671s] [1147/2351] Compiling [32mlibraries/SITL/ServoModel.cpp[0m
[8.676s] [1148/2351] Compiling [32mlibraries/SITL/SIM_ToshibaLED.cpp[0m
[8.680s] [1149/2351] Compiling [32mlibraries/SITL/SIM_SlungPayload.cpp[0m
[8.692s] [1150/2351] Compiling [32mlibraries/SITL/SIM_PS_TeraRangerTower.cpp[0m
[8.696s] [1151/2351] Compiling [32mlibraries/SITL/SIM_JEDEC.cpp[0m
[8.707s] [1152/2351] Compiling [32mlibraries/SITL/SIM_Sprayer.cpp[0m
[8.707s] [1153/2351] Compiling [32mlibraries/SITL/SIM_ToneAlarm.cpp[0m
[8.707s] [1154/2351] Compiling [32mlibraries/SITL/SIM_Tether.cpp[0m
[8.712s] [1155/2351] Compiling [32mlibraries/SITL/SIM_Viewpro.cpp[0m
[8.715s] [1156/2351] Compiling [32mlibraries/SITL/SIM_Volz.cpp[0m
[8.725s] [1157/2351] Compiling [32mlibraries/SITL/SIM_Temperature_MCP9600.cpp[0m
[8.742s] [1158/2351] Compiling [32mlibraries/SITL/SIM_StratoBlimp.cpp[0m
[8.762s] [1159/2351] Compiling [32mlibraries/SITL/SIM_TeraRangerI2C.cpp[0m
[8.775s] [1160/2351] Compiling [32mlibraries/SITL/SIM_Temperature_SHT3x.cpp[0m
[8.779s] [1161/2351] Compiling [32mlibraries/SITL/SIM_Temperature_TSYS01.cpp[0m
[8.803s] [1162/2351] Compiling [32mlibraries/SITL/SIM_TFS20L.cpp[0m
[8.810s] [1163/2351] Compiling [32mlibraries/SITL/SIM_SilentWings.cpp[0m
[8.815s] [1164/2351] Compiling [32mlibraries/SITL/SIM_Sailboat.cpp[0m
[8.817s] [1165/2351] Compiling [32mlibraries/SITL/SIM_Parachute.cpp[0m
[8.822s] [1166/2351] Compiling [32mlibraries/SITL/SIM_IntelligentEnergy24.cpp[0m
[8.825s] [1167/2351] Compiling [32mlibraries/SITL/SIM_GPIO_LED_RGB.cpp[0m
[8.832s] [1168/2351] Compiling [32mlibraries/SITL/SIM_SerialRangeFinder.cpp[0m
[8.833s] [1169/2351] Compiling [32mlibraries/SITL/SIM_SingleCopter.cpp[0m
[8.835s] [1170/2351] Compiling [32mlibraries/SITL/SIM_RF_Wasp.cpp[0m
[8.861s] [1171/2351] Compiling [32mlibraries/SITL/SITL_Baro.cpp[0m
[8.866s] [1172/2351] Compiling [32mlibraries/SITL/SIM_Temperature_TSYS03.cpp[0m
[8.875s] [1173/2351] Compiling [32mlibraries/SITL/SIM_SPI.cpp[0m
[8.876s] [1174/2351] Compiling [32mlibraries/SITL/SIM_RF_Ainstein_LR_D1.cpp[0m
[8.883s] [1175/2351] Compiling [32mlibraries/SITL/SIM_Ship.cpp[0m
[8.883s] [1176/2351] Compiling [32mlibraries/SITL/SIM_Submarine.cpp[0m
[8.889s] [1177/2351] Compiling [32mlibraries/SITL/SIM_SensAItion.cpp[0m
[8.897s] [1178/2351] Compiling [32mlibraries/SITL/SIM_Scrimmage.cpp[0m
[8.902s] [1179/2351] Compiling [32mlibraries/SITL/SIM_RF_USD1_v0.cpp[0m
[8.904s] [1180/2351] Compiling [32mlibraries/SITL/SIM_RF_RDS02UF.cpp[0m
[8.911s] [1181/2351] Compiling [32mlibraries/SITL/SIM_RAMTRON.cpp[0m
[8.911s] [1182/2351] Compiling [32mlibraries/SITL/SIM_MS5XXX.cpp[0m
[8.919s] [1183/2351] Compiling [32mlibraries/SITL/SIM_RichenPower.cpp[0m
[8.934s] [1184/2351] Compiling [32mlibraries/SITL/SIM_SerialDevice.cpp[0m
[8.946s] [1185/2351] Compiling [32mlibraries/SITL/SIM_SerialProximitySensor.cpp[0m
[8.964s] [1186/2351] Compiling [32mlibraries/SITL/SIM_SMBusDevice.cpp[0m
[8.977s] [1187/2351] Compiling [32mlibraries/SITL/SIM_RGBLED.cpp[0m
[8.978s] [1188/2351] Compiling [32mlibraries/SITL/SIM_Precland.cpp[0m
[8.978s] [1189/2351] Compiling [32mlibraries/SITL/SIM_QuadPlane.cpp[0m
[8.982s] [1190/2351] Compiling [32mlibraries/SITL/SIM_RF_TeraRanger_Serial.cpp[0m
[8.985s] [1191/2351] Compiling [32mlibraries/SITL/SIM_RF_USD1.cpp[0m
[8.990s] [1192/2351] Compiling [32mlibraries/SITL/SIM_QMC5883L.cpp[0m
[8.990s] [1193/2351] Compiling [32mlibraries/SITL/SIM_Rover.cpp[0m
[9.007s] [1194/2351] Compiling [32mlibraries/AP_Scripting/AP_Scripting_SerialAccess.cpp[0m
[9.011s] [1195/2351] Compiling [32mlibraries/AP_Scripting/AP_Scripting_CANSensor.cpp[0m
[9.014s] [1196/2351] Compiling [32mlibraries/AP_Scripting/AP_Scripting_SerialDevice.cpp[0m
[9.018s] [1197/2351] Compiling [32mlibraries/AP_Scripting/AP_Scripting.cpp[0m
[9.028s] [1198/2351] Compiling [32mlibraries/AP_Scripting/lua/src/lstring.c[0m
[9.035s] [1199/2351] Compiling [32mlibraries/AP_Scripting/lua/src/lstate.c[0m
[9.038s] [1200/2351] Compiling [32mlibraries/AP_Scripting/lua/src/lutf8lib.c[0m
[9.039s] [1201/2351] Compiling [32mlibraries/AP_Scripting/lua/src/lzio.c[0m
[9.041s] [1202/2351] Compiling [32mlibraries/AP_Scripting/lua/src/lundump.c[0m
[9.044s] [1203/2351] Compiling [32mlibraries/AP_Scripting/lua/src/ltm.c[0m
[9.045s] [1204/2351] Compiling [32mlibraries/AP_Scripting/lua/src/lstrlib.c[0m
[9.049s] [1205/2351] Compiling [32mlibraries/AP_Scripting/lua/src/lua.c[0m
[9.049s] [1206/2351] Compiling [32mlibraries/AP_Scripting/lua/src/ltablib.c[0m
[9.051s] [1207/2351] Compiling [32mlibraries/AP_Scripting/lua/src/lvm.c[0m
[9.052s] [1208/2351] Compiling [32mlibraries/AP_Scripting/lua/src/luac.c[0m
[9.053s] [1209/2351] Compiling [32mlibraries/AP_Scripting/lua/src/lparser.c[0m
[9.056s] [1210/2351] Compiling [32mlibraries/AP_Scripting/lua/src/lmem.c[0m
[9.060s] [1211/2351] Compiling [32mlibraries/AP_Scripting/lua/src/linit.c[0m
[9.060s] [1212/2351] Compiling [32mlibraries/AP_Scripting/lua/src/lbitlib.c[0m
[9.064s] [1213/2351] Compiling [32mlibraries/AP_Scripting/lua/src/loslib.c[0m
[9.064s] [1214/2351] Compiling [32mlibraries/AP_Scripting/lua/src/lobject.c[0m
[9.068s] [1215/2351] Compiling [32mlibraries/AP_Scripting/lua/src/llex.c[0m
[9.068s] [1216/2351] Compiling [32mlibraries/AP_Scripting/lua/src/lopcodes.c[0m
[9.072s] [1217/2351] Compiling [32mlibraries/AP_Scripting/lua/src/lfunc.c[0m
[9.072s] [1218/2351] Compiling [32mlibraries/AP_Scripting/lua/src/ldo.c[0m
[9.079s] [1219/2351] Compiling [32mlibraries/AP_Scripting/lua/src/lcode.c[0m
[9.080s] [1220/2351] Compiling [32mlibraries/AP_Scripting/lua/src/lgc.c[0m
[9.080s] [1221/2351] Compiling [32mlibraries/AP_Scripting/lua/src/ldebug.c[0m
[9.082s] [1222/2351] Compiling [32mlibraries/AP_Scripting/lua/src/lcorolib.c[0m
[9.086s] [1223/2351] Compiling [32mlibraries/AP_Scripting/lua/src/ldblib.c[0m
[9.086s] [1224/2351] Compiling [32mlibraries/AP_Scripting/lua/src/lauxlib.c[0m
[9.088s] [1225/2351] Compiling [32mlibraries/AP_Scripting/lua/src/lapi.c[0m
[9.089s] [1226/2351] Compiling [32mlibraries/AP_Scripting/lua/src/loadlib.c[0m
[9.089s] [1227/2351] Compiling [32mlibraries/AP_Scripting/lua/src/ltable.c[0m
[9.092s] [1228/2351] Compiling [32mlibraries/AP_Scripting/lua/src/liolib.c[0m
[9.096s] [1229/2351] Compiling [32mlibraries/AP_Scripting/lua/src/lctype.c[0m
[9.096s] [1230/2351] Compiling [32mlibraries/AP_Scripting/lua/src/ldump.c[0m
[9.098s] [1231/2351] Compiling [32mlibraries/AP_Scripting/lua/src/lbaselib.c[0m
[9.099s] [1232/2351] Compiling [32mlibraries/AP_Scripting/lua/src/lmathlib.c[0m
[9.099s] [1233/2351] Compiling [32mlibraries/AP_ADSB/sagetech-sdk/sgDecodeInstall.c[0m
[9.100s] [1234/2351] Compiling [32mlibraries/AP_ADSB/sagetech-sdk/sgEncodeInstall.c[0m
[9.100s] [1235/2351] Compiling [32mlibraries/AP_ADSB/sagetech-sdk/sgEncodeFlightId.c[0m
[9.101s] [1236/2351] Compiling [32mlibraries/AP_ADSB/sagetech-sdk/sgDecodeSVR.c[0m
[9.102s] [1237/2351] Compiling [32mlibraries/AP_ADSB/sagetech-sdk/toVel.c[0m
[9.102s] [1238/2351] Compiling [32mlibraries/AP_ADSB/sagetech-sdk/toAlt.c[0m
[9.104s] [1239/2351] Compiling [32mlibraries/AP_ADSB/sagetech-sdk/calcChecksum.c[0m
[9.105s] [1240/2351] Compiling [32mlibraries/AP_ADSB/sagetech-sdk/uint322Buf.c[0m
[9.106s] [1241/2351] Compiling [32mlibraries/AP_ADSB/sagetech-sdk/uint162Buf.c[0m
[9.110s] [1242/2351] Compiling [32mlibraries/AP_ADSB/sagetech-sdk/toUint32.c[0m
[9.110s] [1243/2351] Compiling [32mlibraries/AP_ADSB/sagetech-sdk/toHeading2.c[0m
[9.114s] [1244/2351] Compiling [32mlibraries/AP_ADSB/sagetech-sdk/sgEncodeDataReq.c[0m
[9.119s] [1245/2351] Compiling [32mlibraries/AP_ADSB/sagetech-sdk/toUint16.c[0m
[9.119s] [1246/2351] Compiling [32mlibraries/AP_ADSB/sagetech-sdk/toInt32.c[0m
[9.120s] [1247/2351] Compiling [32mlibraries/AP_ADSB/sagetech-sdk/toIcao.c[0m
[9.120s] [1248/2351] Compiling [32mlibraries/AP_ADSB/sagetech-sdk/toInt16.c[0m
[9.120s] [1249/2351] Compiling [32mlibraries/AP_ADSB/sagetech-sdk/toLatLon.c[0m
[9.122s] [1250/2351] Compiling [32mlibraries/AP_ADSB/sagetech-sdk/target.c[0m
[9.124s] [1251/2351] Compiling [32mlibraries/AP_ADSB/sagetech-sdk/sgEncodeGPS.c[0m
[9.125s] [1252/2351] Compiling [32mlibraries/AP_ADSB/sagetech-sdk/toTOA.c[0m
[9.125s] [1253/2351] Compiling [32mlibraries/AP_ADSB/sagetech-sdk/sgEncodeTargetReq.c[0m
[9.126s] [1254/2351] Compiling [32mlibraries/AP_ADSB/sagetech-sdk/sgEncodeOperating.c[0m
[9.126s] [1255/2351] Compiling [32mlibraries/AP_ADSB/sagetech-sdk/toGS.c[0m
[9.128s] [1256/2351] Compiling [32mlibraries/AP_ADSB/sagetech-sdk/sgDecodeAck.c[0m
[9.132s] [1257/2351] Compiling [32mlibraries/AP_ADSB/sagetech-sdk/float2Buf.c[0m
[9.135s] [1258/2351] Compiling [32mlibraries/AP_ADSB/sagetech-sdk/sgDecodeFlightId.c[0m
[9.135s] [1259/2351] Compiling [32mlibraries/AP_ADSB/sagetech-sdk/icao2Buf.c[0m
[9.136s] [1260/2351] Compiling [32mlibraries/AP_ADSB/sagetech-sdk/appendChecksum.c[0m
[9.138s] [1261/2351] Compiling [32mlibraries/AP_ADSB/sagetech-sdk/charArray2Buf.c[0m
[9.142s] [1262/2351] Compiling [32mlibraries/AP_ADSB/sagetech-sdk/sgDecodeMSR.c[0m
[9.143s] [1263/2351] Compiling [32mlibraries/AP_ADSB/sagetech-sdk/toHeading.c[0m
[9.143s] [1264/2351] Compiling [32mlibraries/AC_AttitudeControl/AC_PosControl_Logging.cpp[0m
[9.143s] [1265/2351] Compiling [32mlibraries/AC_AttitudeControl/AC_AttitudeControl_Logging.cpp[0m
[9.144s] [1266/2351] Compiling [32mlibraries/AC_AttitudeControl/AC_AttitudeControl_TS.cpp[0m
[9.144s] [1267/2351] Compiling [32mlibraries/AC_AttitudeControl/AC_AttitudeControl_Heli.cpp[0m
[9.145s] [1268/2351] Compiling [32mlibraries/AC_AttitudeControl/AC_CommandModel.cpp[0m
[9.145s] [1269/2351] Compiling [32mlibraries/AC_AttitudeControl/AC_AttitudeControl_Multi_6DoF.cpp[0m
[9.146s] [1270/2351] Compiling [32mlibraries/AC_AttitudeControl/AC_AttitudeControl_Multi.cpp[0m
[9.150s] [1271/2351] Compiling [32mlibraries/AC_AttitudeControl/AC_AttitudeControl_Sub.cpp[0m
[9.152s] [1272/2351] Compiling [32mlibraries/AP_AdvancedFailsafe/AP_AdvancedFailsafe.cpp[0m
[9.154s] [1273/2351] Compiling [32mlibraries/AP_Devo_Telem/AP_Devo_Telem.cpp[0m
[9.155s] [1274/2351] Compiling [32mlibraries/AP_LTM_Telem/AP_LTM_Telem.cpp[0m
[9.155s] [1275/2351] Compiling [32mlibraries/AC_PrecLand/PosVelEKF.cpp[0m
[9.156s] [1276/2351] Compiling [32mlibraries/AC_PrecLand/AC_PrecLand_SITL.cpp[0m
[9.156s] [1277/2351] Compiling [32mlibraries/AC_PrecLand/AC_PrecLand_StateMachine.cpp[0m
[9.159s] [1278/2351] Compiling [32mlibraries/AC_PrecLand/AC_PrecLand_SITL_Gazebo.cpp[0m
[9.162s] [1279/2351] Compiling [32mlibraries/AC_PrecLand/AC_PrecLand_MAVLink.cpp[0m
[9.162s] [1280/2351] Compiling [32mlibraries/AC_PrecLand/AC_PrecLand_IRLock.cpp[0m
[9.163s] [1281/2351] Compiling [32mlibraries/AC_WPNav/AC_WPNav_OA.cpp[0m
[9.163s] [1282/2351] Compiling [32mlibraries/AP_IRLock/AP_IRLock_SITL.cpp[0m
[9.167s] [1283/2351] Compiling [32mlibraries/AP_IRLock/AP_IRLock_SITL_Gazebo.cpp[0m
[9.171s] [1284/2351] Compiling [32mlibraries/AP_IRLock/AP_IRLock_I2C.cpp[0m
[9.171s] [1285/2351] Compiling [32mlibraries/AP_IRLock/AP_IRLock.cpp[0m
[9.172s] [1286/2351] Compiling [32mlibraries/AP_Motors/AP_MotorsSingle.cpp[0m
[9.172s] [1287/2351] Compiling [32mlibraries/AP_Motors/AP_MotorsTailsitter.cpp[0m
[9.173s] [1288/2351] Compiling [32mlibraries/AP_Motors/AP_Motors_Class.cpp[0m
[9.173s] [1289/2351] Compiling [32mlibraries/AP_Motors/AP_MotorsHeli_Swash.cpp[0m
[9.173s] [1290/2351] Compiling [32mlibraries/AP_Motors/AP_MotorsHeli_RSC.cpp[0m
[9.177s] [1291/2351] Compiling [32mlibraries/AP_Motors/AP_MotorsMatrix_6DoF_Scripting.cpp[0m
[9.180s] [1292/2351] Compiling [32mlibraries/AP_Motors/AP_MotorsMatrix_Scripting_Dynamic.cpp[0m
[9.183s] [1293/2351] Compiling [32mlibraries/AP_Motors/AP_MotorsHeli_Dual.cpp[0m
[9.192s] [1294/2351] Compiling [32mlibraries/AP_Motors/AP_MotorsHeli_Quad.cpp[0m
[9.193s] [1295/2351] Compiling [32mlibraries/AP_Motors/AP_MotorsHeli.cpp[0m
[9.216s] [1296/2351] Compiling [32mlibraries/AP_Motors/AP_MotorsCoax.cpp[0m
[9.222s] [1297/2351] Compiling [32mlibraries/AP_Motors/AP_MotorsHeli_Single.cpp[0m
[9.251s] [1298/2351] Compiling [32mlibraries/AP_Motors/AP_Motors6DOF.cpp[0m
[9.277s] [1299/2351] Compiling [32mlibraries/AC_AutoTune/AC_AutoTune_Heli.cpp[0m
[9.303s] [1300/2351] Compiling [32mlibraries/AC_AutoTune/AC_AutoTune_FreqResp.cpp[0m
[9.314s] [1301/2351] Compiling [32mlibraries/AC_InputManager/AC_InputManager_Heli.cpp[0m
[9.352s] [1302/2351] Compiling [32mlibraries/AC_InputManager/AC_InputManager.cpp[0m
[9.359s] [1303/2351] Compiling [32mlibraries/AP_SmartRTL/AP_SmartRTL.cpp[0m
[9.374s] [1304/2351] Compiling [32mlibraries/APM_Control/AP_SteerController.cpp[0m
[9.378s] [1305/2351] Compiling [32mlibraries/APM_Control/AP_AutoTune.cpp[0m
[9.386s] [1306/2351] Compiling [32mlibraries/APM_Control/AR_PosControl.cpp[0m
[9.387s] [1307/2351] Compiling [32mlibraries/APM_Control/AP_YawController.cpp[0m
[9.389s] [1308/2351] Compiling [32mlibraries/APM_Control/AP_RollController.cpp[0m
[9.393s] [1309/2351] Compiling [32mlibraries/APM_Control/AR_AttitudeControl.cpp[0m
[9.394s] [1310/2351] Compiling [32mlibraries/APM_Control/AP_FW_Controller.cpp[0m
[9.404s] [1311/2351] Compiling [32mlibraries/APM_Control/AP_PitchController.cpp[0m
[9.410s] [1312/2351] Compiling [32mlibraries/AC_Autorotation/RSC_Autorotation.cpp[0m
[9.419s] [1313/2351] Compiling [32mlibraries/AC_Autorotation/AC_Autorotation.cpp[0m
[9.420s] [1314/2351] Compiling [32mlibraries/AP_SurfaceDistance/AP_SurfaceDistance.cpp[0m
[9.431s] [1315/2351] Compiling [32mlibraries/AP_Winch/AP_Winch_PWM.cpp[0m
[9.434s] [1316/2351] Compiling [32mlibraries/AP_Winch/AP_Winch.cpp[0m
[9.436s] [1317/2351] Compiling [32mlibraries/AP_Winch/AP_Winch_Backend.cpp[0m
[9.438s] [1318/2351] Compiling [32mlibraries/AP_Winch/AP_Winch_Daiwa.cpp[0m
[9.442s] [1319/2351] Compiling [32mlibraries/AP_AHRS/AP_AHRS_DCM.cpp[0m
[9.445s] [1320/2351] Compiling [32mlibraries/AP_AHRS/AP_AHRS.cpp[0m
[9.446s] [1321/2351] Compiling [32mlibraries/AP_AHRS/AP_AHRS_Backend.cpp[0m
[9.448s] [1322/2351] Compiling [32mlibraries/AP_Airspeed/AP_Airspeed_Params.cpp[0m
[9.450s] [1323/2351] Compiling [32mlibraries/AP_Airspeed/AP_Airspeed.cpp[0m
[9.453s] [1324/2351] Compiling [32mlibraries/AP_Airspeed/AP_Airspeed_NMEA.cpp[0m
[9.455s] [1325/2351] Compiling [32mlibraries/AP_Baro/AP_Baro_SITL.cpp[0m
[9.457s] [1326/2351] Compiling [32mlibraries/AP_Baro/AP_Baro_Backend.cpp[0m
[9.463s] [1327/2351] Compiling [32mlibraries/AP_Baro/AP_Baro.cpp[0m
[9.465s] [1328/2351] Compiling [32mlibraries/AP_BattMonitor/AP_BattMonitor.cpp[0m
[9.468s] [1329/2351] Compiling [32mlibraries/AP_BattMonitor/AP_BattMonitor_Params.cpp[0m
[9.469s] [1330/2351] Compiling [32mlibraries/AP_BoardConfig/AP_BoardConfig.cpp[0m
[9.471s] [1331/2351] Compiling [32mlibraries/AP_HAL/SIMState.cpp[0m
[9.472s] [1332/2351] Compiling [32mlibraries/AP_InertialSensor/AP_InertialSensor_Backend.cpp[0m
[9.474s] [1333/2351] Compiling [32mlibraries/AP_InertialSensor/AP_InertialSensor_Invensensev3.cpp[0m
[9.482s] [1334/2351] Compiling [32mlibraries/AP_InertialSensor/FastRateBuffer.cpp[0m
[9.482s] [1335/2351] Compiling [32mlibraries/AP_InertialSensor/AP_InertialSensor.cpp[0m
[9.482s] [1336/2351] Compiling [32mlibraries/AP_Math/SCurve.cpp[0m
[9.482s] [1337/2351] Compiling [32mlibraries/AP_Mission/AP_Mission.cpp[0m
[9.516s] [1338/2351] Compiling [32mlibraries/AP_DAL/AP_DAL_Beacon.cpp[0m
[9.550s] [1339/2351] Compiling [32mlibraries/AP_DAL/AP_DAL.cpp[0m
[9.556s] [1340/2351] Compiling [32mlibraries/AP_DAL/AP_DAL_VisualOdom.cpp[0m
[9.570s] [1341/2351] Compiling [32mlibraries/AP_DAL/AP_DAL_RangeFinder.cpp[0m
[9.575s] [1342/2351] Compiling [32mlibraries/AP_NavEKF2/AP_NavEKF2_OptFlowFusion.cpp[0m
[9.593s] [1343/2351] Compiling [32mlibraries/AP_NavEKF2/AP_NavEKF2.cpp[0m
[9.612s] [1344/2351] Compiling [32mlibraries/AP_NavEKF3/AP_NavEKF3_AirDataFusion.cpp[0m
[9.618s] [1345/2351] Compiling [32mlibraries/AP_NavEKF3/AP_NavEKF3_RngBcnFusion.cpp[0m
[9.621s] [1346/2351] Compiling [32mlibraries/AP_NavEKF3/AP_NavEKF3_GyroBias.cpp[0m
[9.635s] [1347/2351] Compiling [32mlibraries/AP_NavEKF3/AP_NavEKF3_PosVelFusion.cpp[0m
[9.645s] [1348/2351] Compiling [32mlibraries/AP_NavEKF3/AP_NavEKF3_Measurements.cpp[0m
[9.649s] [1349/2351] Compiling [32mlibraries/AP_NavEKF3/AP_NavEKF3_Logging.cpp[0m
[9.670s] [1350/2351] Compiling [32mlibraries/AP_NavEKF3/AP_NavEKF3.cpp[0m
[9.675s] [1351/2351] Compiling [32mlibraries/AP_NavEKF3/AP_NavEKF3_Control.cpp[0m
[9.679s] [1352/2351] Compiling [32mlibraries/AP_NavEKF3/AP_NavEKF3_VehicleStatus.cpp[0m
[9.679s] [1353/2351] Compiling [32mlibraries/AP_NavEKF3/AP_NavEKF3_OptFlowFusion.cpp[0m
[9.683s] [1354/2351] Compiling [32mlibraries/AP_NavEKF3/AP_NavEKF3_core.cpp[0m
[9.691s] [1355/2351] Compiling [32mlibraries/AP_NavEKF3/AP_NavEKF3_MagFusion.cpp[0m
[9.695s] [1356/2351] Compiling [32mlibraries/AP_NavEKF3/AP_NavEKF3_Outputs.cpp[0m
[9.707s] [1357/2351] Compiling [32mlibraries/AP_Rally/AP_Rally.cpp[0m
[9.707s] [1358/2351] Compiling [32mlibraries/AP_Scheduler/AP_Scheduler.cpp[0m
[9.708s] [1359/2351] Compiling [32mlibraries/AP_Terrain/AP_Terrain.cpp[0m
[9.708s] [1360/2351] Compiling [32mlibraries/AP_Vehicle/AP_Vehicle.cpp[0m
[9.711s] [1361/2351] Compiling [32mlibraries/AP_Logger/LoggerMessageWriter.cpp[0m
[9.715s] [1362/2351] Compiling [32mlibraries/AP_Logger/AP_Logger.cpp[0m
[9.715s] [1363/2351] Compiling [32mlibraries/AP_Logger/AP_Logger_File.cpp[0m
[9.720s] [1364/2351] Compiling [32mlibraries/AP_Logger/AP_Logger_Backend.cpp[0m
[9.725s] [1365/2351] Compiling [32mlibraries/Filter/HarmonicNotchFilter.cpp[0m
[9.743s] [1366/2351] Compiling [32mlibraries/GCS_MAVLink/GCS_MAVLink_Parameters.cpp[0m
[9.743s] [1367/2351] Compiling [32mlibraries/GCS_MAVLink/GCS.cpp[0m
[9.755s] [1368/2351] Compiling [32mlibraries/GCS_MAVLink/GCS_Dummy.cpp[0m
[9.765s] [1369/2351] Compiling [32mlibraries/GCS_MAVLink/GCS_Fence.cpp[0m
[9.770s] [1370/2351] Compiling [32mlibraries/GCS_MAVLink/GCS_Common.cpp[0m
[9.779s] [1371/2351] Compiling [32mlibraries/RC_Channel/RC_Channel.cpp[0m
[9.784s] [1372/2351] Compiling [32mlibraries/StorageManager/StorageManager.cpp[0m
[9.788s] [1373/2351] Compiling [32mlibraries/AP_Frsky_Telem/AP_Frsky_SPort_Passthrough.cpp[0m
[9.812s] [1374/2351] Compiling [32mlibraries/AP_IBus_Telem/AP_IBus_Telem.cpp[0m
[9.829s] [1375/2351] Compiling [32mlibraries/AP_Relay/AP_Relay.cpp[0m
[9.829s] [1376/2351] Compiling [32mlibraries/AP_RCProtocol/AP_RCProtocol_CRSF.cpp[0m
[9.839s] [1377/2351] Compiling [32mlibraries/AP_RCProtocol/AP_RCProtocol.cpp[0m
[9.840s] [1378/2351] Compiling [32mlibraries/AP_RCProtocol/AP_RCProtocol_FPort.cpp[0m
[9.869s] [1379/2351] Compiling [32mlibraries/AP_RCProtocol/AP_RCProtocol_UDP.cpp[0m
[9.891s] [1380/2351] Compiling [32mlibraries/AP_RCProtocol/AP_RCProtocol_FPort2.cpp[0m
[9.894s] [1381/2351] Compiling [32mlibraries/AP_RCProtocol/AP_RCProtocol_SRXL2.cpp[0m
[9.896s] [1382/2351] Compiling [32mlibraries/AP_RCProtocol/AP_RCProtocol_GHST.cpp[0m
[9.908s] [1383/2351] Compiling [32mlibraries/AP_BLHeli/AP_BLHeli.cpp[0m
[9.909s] [1384/2351] Compiling [32mlibraries/AP_Proximity/AP_Proximity_Utils.cpp[0m
[9.914s] [1385/2351] Compiling [32mlibraries/AC_Fence/AC_Fence.cpp[0m
[9.915s] [1386/2351] Compiling [32mlibraries/AC_Fence/AC_PolyFence_loader.cpp[0m
[9.919s] [1387/2351] Compiling [32mlibraries/AC_Avoidance/AP_OABendyRuler.cpp[0m
[9.923s] [1388/2351] Compiling [32mlibraries/AC_Avoidance/AP_OADatabase.cpp[0m
[9.927s] [1389/2351] Compiling [32mlibraries/AC_Avoidance/AC_Avoid.cpp[0m
[9.932s] [1390/2351] Compiling [32mlibraries/AP_LandingGear/AP_LandingGear.cpp[0m
[9.935s] [1391/2351] Compiling [32mlibraries/AP_OSD/AP_OSD_ParamSetting.cpp[0m
[9.954s] [1392/2351] Compiling [32mlibraries/AP_OSD/AP_OSD_Screen.cpp[0m
[9.962s] [1393/2351] Compiling [32mlibraries/AP_OSD/AP_OSD_ParamScreen.cpp[0m
[9.962s] [1394/2351] Compiling [32mlibraries/AP_Filesystem/AP_Filesystem_posix.cpp[0m
[9.967s] [1395/2351] Compiling [32mlibraries/AP_ADSB/AP_ADSB_Sagetech_MXS.cpp[0m
[9.968s] [1396/2351] Compiling [32mlibraries/AP_ADSB/AP_ADSB.cpp[0m
[9.977s] [1397/2351] Compiling [32mlibraries/AP_ESC_Telem/AP_ESC_Telem_Backend.cpp[0m
[9.981s] [1398/2351] Compiling [32mlibraries/AP_GyroFFT/AP_GyroFFT.cpp[0m
[9.985s] [1399/2351] Compiling [32mlibraries/AP_RCTelemetry/AP_RCTelemetry.cpp[0m
[9.987s] [1400/2351] Compiling [32mlibraries/AP_RCTelemetry/AP_CRSF_Telem.cpp[0m
[10.001s] [1401/2351] Compiling [32mlibraries/AP_ExternalAHRS/AP_ExternalAHRS_InertialLabs.cpp[0m
[10.008s] [1402/2351] Compiling [32mlibraries/AP_ExternalAHRS/AP_ExternalAHRS_SBG.cpp[0m
[10.009s] [1403/2351] Compiling [32mlibraries/AP_TemperatureSensor/AP_TemperatureSensor.cpp[0m
[10.013s] [1404/2351] Compiling [32mlibraries/AP_AIS/AP_AIS.cpp[0m
[10.032s] [1405/2351] Compiling [32mlibraries/AP_Arming/AP_Arming.cpp[0m
[10.064s] [1406/2351] Compiling [32mlibraries/AP_Follow/AP_Follow.cpp[0m
[10.081s] [1407/2351] Compiling [32mlibraries/AC_AttitudeControl/AC_PosControl.cpp[0m
[10.093s] [1408/2351] Compiling [32mlibraries/AC_AttitudeControl/AC_WeatherVane.cpp[0m
[10.098s] [1409/2351] Compiling [32mlibraries/AC_AttitudeControl/AC_AttitudeControl.cpp[0m
[10.106s] [1410/2351] Compiling [32mlibraries/AC_PrecLand/AC_PrecLand.cpp[0m
[10.106s] [1411/2351] Compiling [32mlibraries/AC_WPNav/AC_Loiter.cpp[0m
[10.107s] [1412/2351] Compiling [32mlibraries/AC_WPNav/AC_WPNav.cpp[0m
[10.113s] [1413/2351] Compiling [32mlibraries/AC_WPNav/AC_Circle.cpp[0m
[10.123s] [1414/2351] Compiling [32mlibraries/AP_Motors/AP_MotorsMatrix.cpp[0m
[10.123s] [1415/2351] Compiling [32mlibraries/AP_Motors/AP_MotorsTri.cpp[0m
[10.127s] [1416/2351] Compiling [32mlibraries/AP_Motors/AP_Motors_Thrust_Linearization.cpp[0m
[10.133s] [1417/2351] Compiling [32mlibraries/AP_Motors/AP_MotorsMulticopter.cpp[0m
[10.133s] [1418/2351] Compiling [32mlibraries/AP_Avoidance/AP_Avoidance.cpp[0m
[10.147s] [1419/2351] Compiling [32mlibraries/AC_AutoTune/AC_AutoTune_Multi.cpp[0m
[10.151s] [1420/2351] Compiling [32mlibraries/AC_AutoTune/AC_AutoTune.cpp[0m
[10.155s] [1421/2351] Compiling [32mlibraries/AP_HAL_SITL/SITL_cmdline.cpp[0m
[10.173s] [1422/2351] Compiling [32mlibraries/AP_HAL_SITL/UARTDriver.cpp[0m
[10.176s] [1423/2351] Compiling [32mlibraries/AP_HAL_SITL/Storage.cpp[0m
[10.190s] [1424/2351] Compiling [32mlibraries/SITL/SIM_XPlane.cpp[0m
[10.196s] [1425/2351] Compiling [32mlibraries/SITL/SIM_DroneCANDevice.cpp[0m
[10.206s] [1426/2351] Compiling [32mlibraries/SITL/SITL.cpp[0m
[10.208s] [1427/2351] Compiling [32mlibraries/SITL/SIM_Aircraft.cpp[0m
[10.210s] [1428/2351] Compiling [32mbuild/sitl/libraries/AP_Scripting/lua_generated_bindings.cpp[0m
[10.217s] [1429/2351] Compiling [32mlibraries/AP_Scripting/AP_Scripting_helpers.cpp[0m
[10.221s] [1430/2351] Compiling [32mlibraries/AP_Scripting/lua_scripts.cpp[0m
[10.231s] [1431/2351] Compiling [32mlibraries/AP_Scripting/lua_bindings.cpp[0m
[10.235s] [1432/2351] Compiling [32mlibraries/AP_Scripting/lua_boxed_numerics.cpp[0m
[10.236s] [1433/2351] Compiling [32mlibraries/AP_Scripting/AP_Scripting_CRSFMenu.cpp[0m
[10.242s] [1434/2351] Compiling [32mlibraries/AP_InertialNav/AP_InertialNav.cpp[0m
[10.282s] [1435/2351] Compiling [32mlibraries/AP_JSButton/AP_JSButton.cpp[0m
[10.286s] [1436/2351] Compiling [32mlibraries/AP_L1_Control/AP_L1_Control.cpp[0m
[10.290s] [1437/2351] Compiling [32mlibraries/AP_Landing/AP_Landing_Deepstall.cpp[0m
[10.293s] [1438/2351] Compiling [32mlibraries/AP_Landing/AP_Landing.cpp[0m
[10.310s] [1439/2351] Compiling [32mlibraries/AP_LeakDetector/AP_LeakDetector_Digital.cpp[0m
[10.310s] [1440/2351] Compiling [32mlibraries/AP_LeakDetector/AP_LeakDetector.cpp[0m
[10.312s] [1441/2351] Compiling [32mlibraries/AP_LeakDetector/AP_LeakDetector_Analog.cpp[0m
[10.314s] [1442/2351] Compiling [32mlibraries/AP_LeakDetector/AP_LeakDetector_Backend.cpp[0m
[10.314s] [1443/2351] Compiling [32mlibraries/AP_Quicktune/AP_Quicktune.cpp[0m
[10.318s] [1444/2351] Compiling [32mlibraries/AP_Soaring/AP_Soaring.cpp[0m
[10.322s] [1445/2351] Compiling [32mlibraries/AP_Soaring/Variometer.cpp[0m
[10.324s] [1446/2351] Compiling [32mlibraries/AP_Soaring/ExtendedKalmanFilter.cpp[0m
[10.324s] [1447/2351] Compiling [32mlibraries/AP_Soaring/SpeedToFly.cpp[0m
[10.330s] [1448/2351] Compiling [32mlibraries/AP_TECS/AP_TECS.cpp[0m
[10.330s] [1449/2351] Compiling [32mlibraries/AP_WindVane/AP_WindVane.cpp[0m
[10.331s] [1450/2351] Compiling [32mlibraries/AP_WindVane/AP_WindVane_RPM.cpp[0m
[10.351s] [1451/2351] Compiling [32mlibraries/AP_WindVane/AP_WindVane_Home.cpp[0m
[10.351s] [1452/2351] Compiling [32mlibraries/AP_WindVane/AP_WindVane_Airspeed.cpp[0m
[10.351s] [1453/2351] Compiling [32mlibraries/AP_WindVane/AP_WindVane_SITL.cpp[0m
[10.359s] [1454/2351] Compiling [32mlibraries/AP_WindVane/AP_WindVane_Analog.cpp[0m
[10.366s] [1455/2351] Compiling [32mlibraries/AP_WindVane/AP_WindVane_Backend.cpp[0m
[10.374s] [1456/2351] Compiling [32mlibraries/AP_WindVane/AP_WindVane_ModernDevice.cpp[0m
[10.374s] [1457/2351] Compiling [32mlibraries/AP_WindVane/AP_WindVane_NMEA.cpp[0m
[10.399s] [1458/2351] Compiling [32mlibraries/AR_Motors/AP_MotorsUGV.cpp[0m
[10.399s] [1459/2351] Compiling [32mlibraries/AR_WPNav/AR_WPNav.cpp[0m
[10.412s] [1460/2351] Compiling [32mlibraries/AR_WPNav/AR_WPNav_OA.cpp[0m
[10.416s] [1461/2351] Compiling [32mlibraries/AR_WPNav/AR_PivotTurn.cpp[0m
[10.429s] [1462/2351] Compiling [32mlibraries/PID/PID.cpp[0m
[10.435s] [1463/2351] Compiling [32mlibraries/AP_AHRS/AP_AHRS_DCM.cpp[0m
[10.447s] [1464/2351] Compiling [32mlibraries/AP_AHRS/AP_AHRS_Backend.cpp[0m
[10.471s] [1465/2351] Compiling [32mlibraries/AP_AHRS/AP_AHRS.cpp[0m
[10.501s] [1466/2351] Compiling [32mlibraries/AP_Airspeed/AP_Airspeed_Params.cpp[0m
[10.507s] [1467/2351] Compiling [32mlibraries/AP_Airspeed/AP_Airspeed.cpp[0m
[10.512s] [1468/2351] Compiling [32mlibraries/AP_Airspeed/AP_Airspeed_NMEA.cpp[0m
[10.513s] [1469/2351] Compiling [32mlibraries/AP_Baro/AP_Baro_SITL.cpp[0m
[10.518s] [1470/2351] Compiling [32mlibraries/AP_Baro/AP_Baro.cpp[0m
[10.526s] [1471/2351] Compiling [32mlibraries/AP_Baro/AP_Baro_Backend.cpp[0m
[10.540s] [1472/2351] Compiling [32mlibraries/AP_BattMonitor/AP_BattMonitor_Params.cpp[0m
[10.541s] [1473/2351] Compiling [32mlibraries/AP_BattMonitor/AP_BattMonitor.cpp[0m
[10.546s] [1474/2351] Compiling [32mlibraries/AP_BoardConfig/AP_BoardConfig.cpp[0m
[10.552s] [1475/2351] Compiling [32mlibraries/AP_HAL/SIMState.cpp[0m
[10.556s] [1476/2351] Compiling [32mlibraries/AP_InertialSensor/AP_InertialSensor_Invensensev3.cpp[0m
[10.562s] [1477/2351] Compiling [32mlibraries/AP_InertialSensor/AP_InertialSensor_Backend.cpp[0m
[10.562s] [1478/2351] Compiling [32mlibraries/AP_InertialSensor/AP_InertialSensor.cpp[0m
[10.562s] [1479/2351] Compiling [32mlibraries/AP_InertialSensor/FastRateBuffer.cpp[0m
[10.562s] [1480/2351] Compiling [32mlibraries/AP_Math/SCurve.cpp[0m
[10.568s] [1481/2351] Compiling [32mlibraries/AP_Mission/AP_Mission.cpp[0m
[10.577s] [1482/2351] Compiling [32mlibraries/AP_DAL/AP_DAL.cpp[0m
[10.582s] [1483/2351] Compiling [32mlibraries/AP_DAL/AP_DAL_VisualOdom.cpp[0m
[10.588s] [1484/2351] Compiling [32mlibraries/AP_DAL/AP_DAL_RangeFinder.cpp[0m
[10.589s] [1485/2351] Compiling [32mlibraries/AP_DAL/AP_DAL_Beacon.cpp[0m
[10.592s] [1486/2351] Compiling [32mlibraries/AP_NavEKF2/AP_NavEKF2_OptFlowFusion.cpp[0m
[10.597s] [1487/2351] Compiling [32mlibraries/AP_NavEKF2/AP_NavEKF2.cpp[0m
[10.598s] [1488/2351] Compiling [32mlibraries/AP_NavEKF3/AP_NavEKF3_OptFlowFusion.cpp[0m
[10.608s] [1489/2351] Compiling [32mlibraries/AP_NavEKF3/AP_NavEKF3_core.cpp[0m
[10.620s] [1490/2351] Compiling [32mlibraries/AP_NavEKF3/AP_NavEKF3_VehicleStatus.cpp[0m
[10.626s] [1491/2351] Compiling [32mlibraries/AP_NavEKF3/AP_NavEKF3_MagFusion.cpp[0m
[10.627s] [1492/2351] Compiling [32mlibraries/AP_NavEKF3/AP_NavEKF3_AirDataFusion.cpp[0m
[10.630s] [1493/2351] Compiling [32mlibraries/AP_NavEKF3/AP_NavEKF3_Control.cpp[0m
[10.631s] [1494/2351] Compiling [32mlibraries/AP_NavEKF3/AP_NavEKF3_GyroBias.cpp[0m
[10.638s] [1495/2351] Compiling [32mlibraries/AP_NavEKF3/AP_NavEKF3_Measurements.cpp[0m
[10.638s] [1496/2351] Compiling [32mlibraries/AP_NavEKF3/AP_NavEKF3.cpp[0m
[10.644s] [1497/2351] Compiling [32mlibraries/AP_NavEKF3/AP_NavEKF3_RngBcnFusion.cpp[0m
[10.649s] [1498/2351] Compiling [32mlibraries/AP_NavEKF3/AP_NavEKF3_Logging.cpp[0m
[10.687s] [1499/2351] Compiling [32mlibraries/AP_NavEKF3/AP_NavEKF3_PosVelFusion.cpp[0m
[10.688s] [1500/2351] Compiling [32mlibraries/AP_NavEKF3/AP_NavEKF3_Outputs.cpp[0m
[10.707s] [1501/2351] Compiling [32mlibraries/AP_Rally/AP_Rally.cpp[0m
[10.723s] [1502/2351] Compiling [32mlibraries/AP_Scheduler/AP_Scheduler.cpp[0m
[10.735s] [1503/2351] Compiling [32mlibraries/AP_Terrain/AP_Terrain.cpp[0m
[10.754s] [1504/2351] Compiling [32mlibraries/AP_Vehicle/AP_Vehicle.cpp[0m
[10.772s] [1505/2351] Compiling [32mlibraries/AP_Logger/LoggerMessageWriter.cpp[0m
[10.775s] [1506/2351] Compiling [32mlibraries/AP_Logger/AP_Logger_File.cpp[0m
[10.782s] [1507/2351] Compiling [32mlibraries/AP_Logger/AP_Logger.cpp[0m
[10.789s] [1508/2351] Compiling [32mlibraries/AP_Logger/AP_Logger_Backend.cpp[0m
[10.793s] [1509/2351] Compiling [32mlibraries/Filter/HarmonicNotchFilter.cpp[0m
[10.798s] [1510/2351] Compiling [32mlibraries/GCS_MAVLink/GCS_Common.cpp[0m
[10.809s] [1511/2351] Compiling [32mlibraries/GCS_MAVLink/GCS_Dummy.cpp[0m
[10.812s] [1512/2351] Compiling [32mlibraries/GCS_MAVLink/GCS.cpp[0m
[10.818s] [1513/2351] Compiling [32mlibraries/GCS_MAVLink/GCS_Fence.cpp[0m
[10.819s] [1514/2351] Compiling [32mlibraries/GCS_MAVLink/GCS_MAVLink_Parameters.cpp[0m
[10.823s] [1515/2351] Compiling [32mlibraries/RC_Channel/RC_Channel.cpp[0m
[10.839s] [1516/2351] Compiling [32mlibraries/StorageManager/StorageManager.cpp[0m
[10.847s] [1517/2351] Compiling [32mlibraries/AP_Frsky_Telem/AP_Frsky_SPort_Passthrough.cpp[0m
[10.853s] [1518/2351] Compiling [32mlibraries/AP_IBus_Telem/AP_IBus_Telem.cpp[0m
[10.863s] [1519/2351] Compiling [32mlibraries/AP_Relay/AP_Relay.cpp[0m
[10.866s] [1520/2351] Compiling [32mlibraries/AP_RCProtocol/AP_RCProtocol_FPort2.cpp[0m
[10.867s] [1521/2351] Compiling [32mlibraries/AP_RCProtocol/AP_RCProtocol.cpp[0m
[10.872s] [1522/2351] Compiling [32mlibraries/AP_RCProtocol/AP_RCProtocol_GHST.cpp[0m
[10.884s] [1523/2351] Compiling [32mlibraries/AP_RCProtocol/AP_RCProtocol_UDP.cpp[0m
[10.885s] [1524/2351] Compiling [32mlibraries/AP_RCProtocol/AP_RCProtocol_SRXL2.cpp[0m
[10.889s] [1525/2351] Compiling [32mlibraries/AP_RCProtocol/AP_RCProtocol_CRSF.cpp[0m
[10.897s] [1526/2351] Compiling [32mlibraries/AP_RCProtocol/AP_RCProtocol_FPort.cpp[0m
[10.905s] [1527/2351] Compiling [32mlibraries/AP_BLHeli/AP_BLHeli.cpp[0m
[10.907s] [1528/2351] Compiling [32mlibraries/AP_Proximity/AP_Proximity_Utils.cpp[0m
[10.922s] [1529/2351] Compiling [32mlibraries/AC_Fence/AC_PolyFence_loader.cpp[0m
[10.945s] [1530/2351] Compiling [32mlibraries/AC_Fence/AC_Fence.cpp[0m
[10.963s] [1531/2351] Compiling [32mlibraries/AC_Avoidance/AP_OABendyRuler.cpp[0m
[10.970s] [1532/2351] Compiling [32mlibraries/AC_Avoidance/AP_OADatabase.cpp[0m
[10.973s] [1533/2351] Compiling [32mlibraries/AC_Avoidance/AC_Avoid.cpp[0m
[10.978s] [1534/2351] Compiling [32mlibraries/AP_LandingGear/AP_LandingGear.cpp[0m
[10.996s] [1535/2351] Compiling [32mlibraries/AP_OSD/AP_OSD_Screen.cpp[0m
[10.997s] [1536/2351] Compiling [32mlibraries/AP_OSD/AP_OSD_ParamSetting.cpp[0m
[11.015s] [1537/2351] Compiling [32mlibraries/AP_OSD/AP_OSD_ParamScreen.cpp[0m
[11.021s] [1538/2351] Compiling [32mlibraries/AP_Filesystem/AP_Filesystem_posix.cpp[0m
[11.032s] [1539/2351] Compiling [32mlibraries/AP_ADSB/AP_ADSB.cpp[0m
[11.042s] [1540/2351] Compiling [32mlibraries/AP_ADSB/AP_ADSB_Sagetech_MXS.cpp[0m
[11.046s] [1541/2351] Compiling [32mlibraries/AP_ESC_Telem/AP_ESC_Telem_Backend.cpp[0m
[11.051s] [1542/2351] Compiling [32mlibraries/AP_GyroFFT/AP_GyroFFT.cpp[0m
[11.057s] [1543/2351] Compiling [32mlibraries/AP_RCTelemetry/AP_CRSF_Telem.cpp[0m
[11.061s] [1544/2351] Compiling [32mlibraries/AP_RCTelemetry/AP_RCTelemetry.cpp[0m
[11.066s] [1545/2351] Compiling [32mlibraries/AP_ExternalAHRS/AP_ExternalAHRS_InertialLabs.cpp[0m
[11.066s] [1546/2351] Compiling [32mlibraries/AP_ExternalAHRS/AP_ExternalAHRS_SBG.cpp[0m
[11.076s] [1547/2351] Compiling [32mlibraries/AP_TemperatureSensor/AP_TemperatureSensor.cpp[0m
[11.077s] [1548/2351] Compiling [32mlibraries/AP_AIS/AP_AIS.cpp[0m
[11.095s] [1549/2351] Compiling [32mlibraries/AP_Arming/AP_Arming.cpp[0m
[11.112s] [1550/2351] Compiling [32mlibraries/AP_Follow/AP_Follow.cpp[0m
[11.115s] [1551/2351] Compiling [32mlibraries/AP_HAL_SITL/UARTDriver.cpp[0m
[11.121s] [1552/2351] Compiling [32mlibraries/AP_HAL_SITL/Storage.cpp[0m
[11.124s] [1553/2351] Compiling [32mlibraries/AP_HAL_SITL/SITL_cmdline.cpp[0m
[11.142s] [1554/2351] Compiling [32mlibraries/SITL/SIM_DroneCANDevice.cpp[0m
[11.142s] [1555/2351] Compiling [32mlibraries/SITL/SIM_XPlane.cpp[0m
[11.147s] [1556/2351] Compiling [32mlibraries/SITL/SIM_Aircraft.cpp[0m
[11.161s] [1557/2351] Compiling [32mlibraries/SITL/SITL.cpp[0m
[11.166s] [1558/2351] Compiling [32mlibraries/AP_Scripting/lua_boxed_numerics.cpp[0m
[11.170s] [1559/2351] Compiling [32mlibraries/AP_Scripting/lua_bindings.cpp[0m
[11.184s] [1560/2351] Compiling [32mlibraries/AP_Scripting/AP_Scripting_CRSFMenu.cpp[0m
[11.192s] [1561/2351] Compiling [32mlibraries/AP_Scripting/lua_scripts.cpp[0m
[11.198s] [1562/2351] Compiling [32mbuild/sitl/libraries/AP_Scripting/lua_generated_bindings.cpp[0m
[11.201s] [1563/2351] Compiling [32mlibraries/AP_Scripting/AP_Scripting_helpers.cpp[0m
[11.202s] [1564/2351] Compiling [32mlibraries/AP_AHRS/AP_AHRS.cpp[0m
[11.205s] [1565/2351] Compiling [32mlibraries/AP_AHRS/AP_AHRS_DCM.cpp[0m
[11.210s] [1566/2351] Compiling [32mlibraries/AP_AHRS/AP_AHRS_Backend.cpp[0m
[11.240s] [1567/2351] Compiling [32mlibraries/AP_Airspeed/AP_Airspeed.cpp[0m
[11.252s] [1568/2351] Compiling [32mlibraries/AP_Airspeed/AP_Airspeed_NMEA.cpp[0m
[11.256s] [1569/2351] Compiling [32mlibraries/AP_Airspeed/AP_Airspeed_Params.cpp[0m
[11.256s] [1570/2351] Compiling [32mlibraries/AP_Baro/AP_Baro.cpp[0m
[11.260s] [1571/2351] Compiling [32mlibraries/AP_Baro/AP_Baro_Backend.cpp[0m
[11.263s] [1572/2351] Compiling [32mlibraries/AP_Baro/AP_Baro_SITL.cpp[0m
[11.264s] [1573/2351] Compiling [32mlibraries/AP_BattMonitor/AP_BattMonitor.cpp[0m
[11.268s] [1574/2351] Compiling [32mlibraries/AP_BattMonitor/AP_BattMonitor_Params.cpp[0m
[11.271s] [1575/2351] Compiling [32mlibraries/AP_BoardConfig/AP_BoardConfig.cpp[0m
[11.306s] [1576/2351] Compiling [32mlibraries/AP_HAL/SIMState.cpp[0m
[11.315s] [1577/2351] Compiling [32mlibraries/AP_InertialSensor/FastRateBuffer.cpp[0m
[11.319s] [1578/2351] Compiling [32mlibraries/AP_InertialSensor/AP_InertialSensor_Backend.cpp[0m
[11.326s] [1579/2351] Compiling [32mlibraries/AP_InertialSensor/AP_InertialSensor.cpp[0m
[11.328s] [1580/2351] Compiling [32mlibraries/AP_InertialSensor/AP_InertialSensor_Invensensev3.cpp[0m
[11.332s] [1581/2351] Compiling [32mlibraries/AP_Math/SCurve.cpp[0m
[11.342s] [1582/2351] Compiling [32mlibraries/AP_Mission/AP_Mission.cpp[0m
[11.345s] [1583/2351] Compiling [32mlibraries/AP_DAL/AP_DAL_Beacon.cpp[0m
[11.345s] [1584/2351] Compiling [32mlibraries/AP_DAL/AP_DAL.cpp[0m
[11.349s] [1585/2351] Compiling [32mlibraries/AP_DAL/AP_DAL_RangeFinder.cpp[0m
[11.349s] [1586/2351] Compiling [32mlibraries/AP_DAL/AP_DAL_VisualOdom.cpp[0m
[11.386s] [1587/2351] Compiling [32mlibraries/AP_NavEKF2/AP_NavEKF2_OptFlowFusion.cpp[0m
[11.410s] [1588/2351] Compiling [32mlibraries/AP_NavEKF2/AP_NavEKF2.cpp[0m
[11.415s] [1589/2351] Compiling [32mlibraries/AP_NavEKF3/AP_NavEKF3_Logging.cpp[0m
[11.447s] [1590/2351] Compiling [32mlibraries/AP_NavEKF3/AP_NavEKF3_PosVelFusion.cpp[0m
[11.451s] [1591/2351] Compiling [32mlibraries/AP_NavEKF3/AP_NavEKF3_MagFusion.cpp[0m
[11.461s] [1592/2351] Compiling [32mlibraries/AP_NavEKF3/AP_NavEKF3_RngBcnFusion.cpp[0m
[11.465s] [1593/2351] Compiling [32mlibraries/AP_NavEKF3/AP_NavEKF3.cpp[0m
[11.465s] [1594/2351] Compiling [32mlibraries/AP_NavEKF3/AP_NavEKF3_OptFlowFusion.cpp[0m
[11.469s] [1595/2351] Compiling [32mlibraries/AP_NavEKF3/AP_NavEKF3_Control.cpp[0m
[11.497s] [1596/2351] Compiling [32mlibraries/AP_NavEKF3/AP_NavEKF3_Measurements.cpp[0m
[11.504s] [1597/2351] Compiling [32mlibraries/AP_NavEKF3/AP_NavEKF3_Outputs.cpp[0m
[11.509s] [1598/2351] Compiling [32mlibraries/AP_NavEKF3/AP_NavEKF3_core.cpp[0m
[11.513s] [1599/2351] Compiling [32mlibraries/AP_NavEKF3/AP_NavEKF3_AirDataFusion.cpp[0m
[11.521s] [1600/2351] Compiling [32mlibraries/AP_NavEKF3/AP_NavEKF3_GyroBias.cpp[0m
[11.533s] [1601/2351] Compiling [32mlibraries/AP_NavEKF3/AP_NavEKF3_VehicleStatus.cpp[0m
[11.538s] [1602/2351] Compiling [32mlibraries/AP_Rally/AP_Rally.cpp[0m
[11.549s] [1603/2351] Compiling [32mlibraries/AP_Scheduler/AP_Scheduler.cpp[0m
[11.550s] [1604/2351] Compiling [32mlibraries/AP_Terrain/AP_Terrain.cpp[0m
[11.561s] [1605/2351] Compiling [32mlibraries/AP_Vehicle/AP_Vehicle.cpp[0m
[11.564s] [1606/2351] Compiling [32mlibraries/AP_Logger/AP_Logger_Backend.cpp[0m
[11.572s] [1607/2351] Compiling [32mlibraries/AP_Logger/LoggerMessageWriter.cpp[0m
[11.577s] [1608/2351] Compiling [32mlibraries/AP_Logger/AP_Logger_File.cpp[0m
[11.581s] [1609/2351] Compiling [32mlibraries/AP_Logger/AP_Logger.cpp[0m
[11.584s] [1610/2351] Compiling [32mlibraries/Filter/HarmonicNotchFilter.cpp[0m
[11.585s] [1611/2351] Compiling [32mlibraries/GCS_MAVLink/GCS_Dummy.cpp[0m
[11.587s] [1612/2351] Compiling [32mlibraries/GCS_MAVLink/GCS_MAVLink_Parameters.cpp[0m
[11.594s] [1613/2351] Compiling [32mlibraries/GCS_MAVLink/GCS_Common.cpp[0m
[11.605s] [1614/2351] Compiling [32mlibraries/GCS_MAVLink/GCS.cpp[0m
[11.618s] [1615/2351] Compiling [32mlibraries/GCS_MAVLink/GCS_Fence.cpp[0m
[11.619s] [1616/2351] Compiling [32mlibraries/RC_Channel/RC_Channel.cpp[0m
[11.647s] [1617/2351] Compiling [32mlibraries/StorageManager/StorageManager.cpp[0m
[11.652s] [1618/2351] Compiling [32mlibraries/AP_Frsky_Telem/AP_Frsky_SPort_Passthrough.cpp[0m
[11.657s] [1619/2351] Compiling [32mlibraries/AP_IBus_Telem/AP_IBus_Telem.cpp[0m
[11.659s] [1620/2351] Compiling [32mlibraries/AP_Relay/AP_Relay.cpp[0m
[11.672s] [1621/2351] Compiling [32mlibraries/AP_RCProtocol/AP_RCProtocol_FPort.cpp[0m
[11.681s] [1622/2351] Compiling [32mlibraries/AP_RCProtocol/AP_RCProtocol_FPort2.cpp[0m
[11.687s] [1623/2351] Compiling [32mlibraries/AP_RCProtocol/AP_RCProtocol_UDP.cpp[0m
[11.697s] [1624/2351] Compiling [32mlibraries/AP_RCProtocol/AP_RCProtocol_SRXL2.cpp[0m
[11.719s] [1625/2351] Compiling [32mlibraries/AP_RCProtocol/AP_RCProtocol_GHST.cpp[0m
[11.727s] [1626/2351] Compiling [32mlibraries/AP_RCProtocol/AP_RCProtocol_CRSF.cpp[0m
[11.728s] [1627/2351] Compiling [32mlibraries/AP_RCProtocol/AP_RCProtocol.cpp[0m
[11.735s] [1628/2351] Compiling [32mlibraries/AP_BLHeli/AP_BLHeli.cpp[0m
[11.735s] [1629/2351] Compiling [32mlibraries/AP_Proximity/AP_Proximity_Utils.cpp[0m
[11.743s] [1630/2351] Compiling [32mlibraries/AC_Fence/AC_Fence.cpp[0m
[11.748s] [1631/2351] Compiling [32mlibraries/AC_Fence/AC_PolyFence_loader.cpp[0m
[11.758s] [1632/2351] Compiling [32mlibraries/AC_Avoidance/AP_OABendyRuler.cpp[0m
[11.758s] [1633/2351] Compiling [32mlibraries/AC_Avoidance/AP_OADatabase.cpp[0m
[11.759s] [1634/2351] Compiling [32mlibraries/AC_Avoidance/AC_Avoid.cpp[0m
[11.768s] [1635/2351] Compiling [32mlibraries/AP_LandingGear/AP_LandingGear.cpp[0m
[11.779s] [1636/2351] Compiling [32mlibraries/AP_OSD/AP_OSD_Screen.cpp[0m
[11.801s] [1637/2351] Compiling [32mlibraries/AP_OSD/AP_OSD_ParamScreen.cpp[0m
[11.805s] [1638/2351] Compiling [32mlibraries/AP_OSD/AP_OSD_ParamSetting.cpp[0m
[11.812s] [1639/2351] Compiling [32mlibraries/AP_Filesystem/AP_Filesystem_posix.cpp[0m
[11.822s] [1640/2351] Compiling [32mlibraries/AP_ADSB/AP_ADSB_Sagetech_MXS.cpp[0m
[11.823s] [1641/2351] Compiling [32mlibraries/AP_ADSB/AP_ADSB.cpp[0m
[11.826s] [1642/2351] Compiling [32mlibraries/AP_ESC_Telem/AP_ESC_Telem_Backend.cpp[0m
[11.833s] [1643/2351] Compiling [32mlibraries/AP_GyroFFT/AP_GyroFFT.cpp[0m
[11.834s] [1644/2351] Compiling [32mlibraries/AP_RCTelemetry/AP_RCTelemetry.cpp[0m
[11.860s] [1645/2351] Compiling [32mlibraries/AP_RCTelemetry/AP_CRSF_Telem.cpp[0m
[11.868s] [1646/2351] Linking [33mbuild/sitl/lib/libArduCopter_libs.a[0m
[11.876s] [1647/2351] Compiling [32mlibraries/AP_ExternalAHRS/AP_ExternalAHRS_InertialLabs.cpp[0m
[11.889s] [1648/2351] Compiling [32mlibraries/AP_ExternalAHRS/AP_ExternalAHRS_SBG.cpp[0m
[11.892s] [1649/2351] Compiling [32mlibraries/AP_TemperatureSensor/AP_TemperatureSensor.cpp[0m
[11.896s] [1650/2351] Compiling [32mlibraries/AP_AIS/AP_AIS.cpp[0m
[11.900s] [1651/2351] Compiling [32mlibraries/AP_Arming/AP_Arming.cpp[0m
[11.905s] [1652/2351] Compiling [32mlibraries/AP_Follow/AP_Follow.cpp[0m
[11.914s] [1653/2351] Compiling [32mlibraries/AP_Avoidance/AP_Avoidance.cpp[0m
[11.915s] [1654/2351] Compiling [32mlibraries/AC_WPNav/AC_Circle.cpp[0m
[11.921s] [1655/2351] Compiling [32mlibraries/AC_WPNav/AC_WPNav.cpp[0m
[11.958s] [1656/2351] Compiling [32mlibraries/AC_WPNav/AC_Loiter.cpp[0m
[11.965s] [1657/2351] Compiling [32mlibraries/AC_AttitudeControl/AC_PosControl.cpp[0m
[11.969s] [1658/2351] Compiling [32mlibraries/AC_AttitudeControl/AC_AttitudeControl.cpp[0m
[11.976s] [1659/2351] Compiling [32mlibraries/AC_AttitudeControl/AC_WeatherVane.cpp[0m
[11.980s] [1660/2351] Compiling [32mlibraries/AP_Motors/AP_MotorsMatrix.cpp[0m
[11.980s] [1661/2351] Compiling [32mlibraries/AP_Motors/AP_MotorsMulticopter.cpp[0m
[11.988s] [1662/2351] Compiling [32mlibraries/AP_Motors/AP_Motors_Thrust_Linearization.cpp[0m
[11.989s] [1663/2351] Compiling [32mlibraries/AP_Motors/AP_MotorsTri.cpp[0m
[11.997s] [1664/2351] Compiling [32mlibraries/AP_Landing/AP_Landing_Slope.cpp[0m
[12.001s] [1665/2351] Compiling [32mlibraries/AC_AutoTune/AC_AutoTune_Multi.cpp[0m
[12.001s] [1666/2351] Compiling [32mlibraries/AC_AutoTune/AC_AutoTune.cpp[0m
[12.033s] [1667/2351] Compiling [32mlibraries/AC_PrecLand/AC_PrecLand.cpp[0m
[12.034s] [1668/2351] Compiling [32mlibraries/AP_HAL_SITL/UARTDriver.cpp[0m
[12.034s] [1669/2351] Compiling [32mlibraries/AP_HAL_SITL/SITL_cmdline.cpp[0m
[12.041s] [1670/2351] Compiling [32mlibraries/AP_HAL_SITL/Storage.cpp[0m
[12.053s] [1671/2351] Compiling [32mlibraries/SITL/SIM_XPlane.cpp[0m
[12.068s] [1672/2351] Compiling [32mlibraries/SITL/SIM_Aircraft.cpp[0m
[12.072s] [1673/2351] Compiling [32mlibraries/SITL/SIM_DroneCANDevice.cpp[0m
[12.081s] [1674/2351] Compiling [32mlibraries/SITL/SITL.cpp[0m
[12.103s] [1675/2351] Compiling [32mlibraries/AP_Scripting/AP_Scripting_CRSFMenu.cpp[0m
[12.117s] [1676/2351] Compiling [32mlibraries/AP_Scripting/lua_scripts.cpp[0m
[12.117s] [1677/2351] Compiling [32mlibraries/AP_Scripting/lua_bindings.cpp[0m
[12.117s] [1678/2351] Compiling [32mlibraries/AP_Scripting/lua_boxed_numerics.cpp[0m
[12.123s] [1679/2351] Compiling [32mlibraries/AP_Scripting/AP_Scripting_helpers.cpp[0m
[12.128s] [1680/2351] Compiling [32mbuild/sitl/libraries/AP_Scripting/lua_generated_bindings.cpp[0m
[12.137s] [1681/2351] Compiling [32mlibraries/AP_AHRS/AP_AHRS_Backend.cpp[0m
[12.144s] [1682/2351] Compiling [32mlibraries/AP_AHRS/AP_AHRS_DCM.cpp[0m
[12.154s] [1683/2351] Compiling [32mlibraries/AP_AHRS/AP_AHRS.cpp[0m
[12.165s] [1684/2351] Compiling [32mlibraries/AP_Airspeed/AP_Airspeed_NMEA.cpp[0m
[12.173s] [1685/2351] Compiling [32mlibraries/AP_Airspeed/AP_Airspeed_Params.cpp[0m
[12.174s] [1686/2351] Compiling [32mlibraries/AP_Airspeed/AP_Airspeed.cpp[0m
[12.183s] [1687/2351] Compiling [32mlibraries/AP_Baro/AP_Baro.cpp[0m
[12.184s] [1688/2351] Compiling [32mlibraries/AP_Baro/AP_Baro_SITL.cpp[0m
[12.188s] [1689/2351] Compiling [32mlibraries/AP_Baro/AP_Baro_Backend.cpp[0m
[12.194s] [1690/2351] Compiling [32mlibraries/AP_BattMonitor/AP_BattMonitor.cpp[0m
[12.201s] [1691/2351] Compiling [32mlibraries/AP_BattMonitor/AP_BattMonitor_Params.cpp[0m
[12.201s] [1692/2351] Compiling [32mlibraries/AP_BoardConfig/AP_BoardConfig.cpp[0m
[12.203s] [1693/2351] Compiling [32mlibraries/AP_HAL/SIMState.cpp[0m
[12.210s] [1694/2351] Compiling [32mlibraries/AP_InertialSensor/AP_InertialSensor_Backend.cpp[0m
[12.214s] [1695/2351] Compiling [32mlibraries/AP_InertialSensor/FastRateBuffer.cpp[0m
[12.223s] [1696/2351] Compiling [32mlibraries/AP_InertialSensor/AP_InertialSensor.cpp[0m
[12.245s] [1697/2351] Compiling [32mlibraries/AP_InertialSensor/AP_InertialSensor_Invensensev3.cpp[0m
[12.257s] [1698/2351] Compiling [32mlibraries/AP_Math/SCurve.cpp[0m
[12.263s] [1699/2351] Compiling [32mlibraries/AP_Mission/AP_Mission.cpp[0m
[12.268s] [1700/2351] Compiling [32mlibraries/AP_DAL/AP_DAL_RangeFinder.cpp[0m
[12.268s] [1701/2351] Compiling [32mlibraries/AP_DAL/AP_DAL_Beacon.cpp[0m
[12.289s] [1702/2351] Compiling [32mlibraries/AP_DAL/AP_DAL.cpp[0m
[12.289s] [1703/2351] Compiling [32mlibraries/AP_DAL/AP_DAL_VisualOdom.cpp[0m
[12.310s] [1704/2351] Compiling [32mlibraries/AP_NavEKF2/AP_NavEKF2.cpp[0m
[12.328s] [1705/2351] Compiling [32mlibraries/AP_NavEKF2/AP_NavEKF2_OptFlowFusion.cpp[0m
[12.337s] [1706/2351] Compiling [32mlibraries/AP_NavEKF3/AP_NavEKF3_OptFlowFusion.cpp[0m
[12.344s] [1707/2351] Compiling [32mlibraries/AP_NavEKF3/AP_NavEKF3_AirDataFusion.cpp[0m
[12.351s] [1708/2351] Compiling [32mlibraries/AP_NavEKF3/AP_NavEKF3.cpp[0m
[12.358s] [1709/2351] Compiling [32mlibraries/AP_NavEKF3/AP_NavEKF3_Measurements.cpp[0m
[12.381s] [1710/2351] Compiling [32mlibraries/AP_NavEKF3/AP_NavEKF3_PosVelFusion.cpp[0m
[12.388s] [1711/2351] Compiling [32mlibraries/AP_NavEKF3/AP_NavEKF3_Outputs.cpp[0m
[12.395s] [1712/2351] Compiling [32mlibraries/AP_NavEKF3/AP_NavEKF3_VehicleStatus.cpp[0m
[12.411s] [1713/2351] Compiling [32mlibraries/AP_NavEKF3/AP_NavEKF3_core.cpp[0m
[12.417s] [1714/2351] Compiling [32mlibraries/AP_NavEKF3/AP_NavEKF3_GyroBias.cpp[0m
[12.423s] [1715/2351] Compiling [32mlibraries/AP_NavEKF3/AP_NavEKF3_RngBcnFusion.cpp[0m
[12.449s] [1716/2351] Compiling [32mlibraries/AP_NavEKF3/AP_NavEKF3_Logging.cpp[0m
[12.456s] [1717/2351] Compiling [32mlibraries/AP_NavEKF3/AP_NavEKF3_Control.cpp[0m
[12.465s] [1718/2351] Compiling [32mlibraries/AP_NavEKF3/AP_NavEKF3_MagFusion.cpp[0m
[12.466s] [1719/2351] Compiling [32mlibraries/AP_Rally/AP_Rally.cpp[0m
[12.472s] [1720/2351] Compiling [32mlibraries/AP_Scheduler/AP_Scheduler.cpp[0m
[12.478s] [1721/2351] Compiling [32mlibraries/AP_Terrain/AP_Terrain.cpp[0m
[12.486s] [1722/2351] Compiling [32mlibraries/AP_Vehicle/AP_Vehicle.cpp[0m
[12.490s] [1723/2351] Compiling [32mlibraries/AP_Logger/AP_Logger_File.cpp[0m
[12.492s] [1724/2351] Compiling [32mlibraries/AP_Logger/LoggerMessageWriter.cpp[0m
[12.497s] [1725/2351] Compiling [32mlibraries/AP_Logger/AP_Logger.cpp[0m
[12.504s] [1726/2351] Compiling [32mlibraries/AP_Logger/AP_Logger_Backend.cpp[0m
[12.515s] [1727/2351] Compiling [32mlibraries/Filter/HarmonicNotchFilter.cpp[0m
[12.518s] [1728/2351] Compiling [32mlibraries/GCS_MAVLink/GCS_Common.cpp[0m
[12.518s] [1729/2351] Compiling [32mlibraries/GCS_MAVLink/GCS_Dummy.cpp[0m
[12.526s] [1730/2351] Compiling [32mlibraries/GCS_MAVLink/GCS.cpp[0m
[12.532s] [1731/2351] Compiling [32mlibraries/GCS_MAVLink/GCS_MAVLink_Parameters.cpp[0m
[12.539s] [1732/2351] Compiling [32mlibraries/GCS_MAVLink/GCS_Fence.cpp[0m
[12.544s] [1733/2351] Compiling [32mlibraries/RC_Channel/RC_Channel.cpp[0m
[12.550s] [1734/2351] Compiling [32mlibraries/StorageManager/StorageManager.cpp[0m
[12.554s] [1735/2351] Compiling [32mlibraries/AP_Frsky_Telem/AP_Frsky_SPort_Passthrough.cpp[0m
[12.558s] [1736/2351] Compiling [32mlibraries/AP_IBus_Telem/AP_IBus_Telem.cpp[0m
[12.583s] [1737/2351] Compiling [32mlibraries/AP_Relay/AP_Relay.cpp[0m
[12.593s] [1738/2351] Compiling [32mlibraries/AP_RCProtocol/AP_RCProtocol_FPort.cpp[0m
[12.594s] [1739/2351] Compiling [32mlibraries/AP_RCProtocol/AP_RCProtocol.cpp[0m
[12.611s] [1740/2351] Compiling [32mlibraries/AP_RCProtocol/AP_RCProtocol_CRSF.cpp[0m
[12.616s] [1741/2351] Compiling [32mlibraries/AP_RCProtocol/AP_RCProtocol_FPort2.cpp[0m
[12.642s] [1742/2351] Compiling [32mlibraries/AP_RCProtocol/AP_RCProtocol_SRXL2.cpp[0m
[12.642s] [1743/2351] Compiling [32mlibraries/AP_RCProtocol/AP_RCProtocol_UDP.cpp[0m
[12.653s] [1744/2351] Compiling [32mlibraries/AP_RCProtocol/AP_RCProtocol_GHST.cpp[0m
[12.658s] [1745/2351] Compiling [32mlibraries/AP_BLHeli/AP_BLHeli.cpp[0m
[12.670s] [1746/2351] Compiling [32mlibraries/AP_Proximity/AP_Proximity_Utils.cpp[0m
[12.677s] [1747/2351] Compiling [32mlibraries/AC_Fence/AC_Fence.cpp[0m
[12.686s] [1748/2351] Compiling [32mlibraries/AC_Fence/AC_PolyFence_loader.cpp[0m
[12.695s] [1749/2351] Compiling [32mlibraries/AC_Avoidance/AP_OADatabase.cpp[0m
[12.706s] [1750/2351] Compiling [32mlibraries/AC_Avoidance/AP_OABendyRuler.cpp[0m
[12.711s] [1751/2351] Compiling [32mlibraries/AC_Avoidance/AC_Avoid.cpp[0m
[12.715s] [1752/2351] Compiling [32mlibraries/AP_LandingGear/AP_LandingGear.cpp[0m
[12.721s] [1753/2351] Compiling [32mlibraries/AP_OSD/AP_OSD_ParamSetting.cpp[0m
[12.722s] [1754/2351] Compiling [32mlibraries/AP_OSD/AP_OSD_Screen.cpp[0m
[12.734s] [1755/2351] Compiling [32mlibraries/AP_OSD/AP_OSD_ParamScreen.cpp[0m
[12.738s] [1756/2351] Linking [33mbuild/sitl/lib/libAntennaTracker_libs.a[0m
[12.746s] [1757/2351] Compiling [32mlibraries/AP_Filesystem/AP_Filesystem_posix.cpp[0m
[12.749s] [1758/2351] Compiling [32mlibraries/AP_ADSB/AP_ADSB.cpp[0m
[12.758s] [1759/2351] Compiling [32mlibraries/AP_ADSB/AP_ADSB_Sagetech_MXS.cpp[0m
[12.764s] [1760/2351] Compiling [32mlibraries/AP_ESC_Telem/AP_ESC_Telem_Backend.cpp[0m
[12.765s] [1761/2351] Compiling [32mlibraries/AP_GyroFFT/AP_GyroFFT.cpp[0m
[12.779s] [1762/2351] Compiling [32mlibraries/AP_RCTelemetry/AP_RCTelemetry.cpp[0m
[12.779s] [1763/2351] Compiling [32mlibraries/AP_RCTelemetry/AP_CRSF_Telem.cpp[0m
[12.782s] [1764/2351] Compiling [32mlibraries/AP_ExternalAHRS/AP_ExternalAHRS_InertialLabs.cpp[0m
[12.795s] [1765/2351] Compiling [32mlibraries/AP_ExternalAHRS/AP_ExternalAHRS_SBG.cpp[0m
[12.814s] [1766/2351] Compiling [32mlibraries/AP_TemperatureSensor/AP_TemperatureSensor.cpp[0m
[12.819s] [1767/2351] Compiling [32mlibraries/AP_AIS/AP_AIS.cpp[0m
[12.830s] [1768/2351] Compiling [32mlibraries/AP_Arming/AP_Arming.cpp[0m
[12.843s] [1769/2351] Compiling [32mlibraries/AP_Follow/AP_Follow.cpp[0m
[12.847s] [1770/2351] Compiling [32mlibraries/AC_AttitudeControl/AC_AttitudeControl.cpp[0m
[12.855s] [1771/2351] Compiling [32mlibraries/AC_AttitudeControl/AC_WeatherVane.cpp[0m
[12.857s] [1772/2351] Compiling [32mlibraries/AC_AttitudeControl/AC_PosControl.cpp[0m
[12.863s] [1773/2351] Compiling [32mlibraries/AC_WPNav/AC_WPNav.cpp[0m
[12.873s] [1774/2351] Compiling [32mlibraries/AC_WPNav/AC_Loiter.cpp[0m
[12.875s] [1775/2351] Compiling [32mlibraries/AC_WPNav/AC_Circle.cpp[0m
[12.876s] [1776/2351] Compiling [32mlibraries/AP_Motors/AP_Motors_Thrust_Linearization.cpp[0m
[12.889s] [1777/2351] Compiling [32mlibraries/AP_Motors/AP_MotorsMulticopter.cpp[0m
[12.894s] [1778/2351] Compiling [32mlibraries/AP_Motors/AP_MotorsMatrix.cpp[0m
[12.900s] [1779/2351] Compiling [32mlibraries/AP_Motors/AP_MotorsTri.cpp[0m
[12.912s] [1780/2351] Compiling [32mlibraries/AP_HAL_SITL/UARTDriver.cpp[0m
[12.921s] [1781/2351] Compiling [32mlibraries/AP_HAL_SITL/SITL_cmdline.cpp[0m
[12.930s] [1782/2351] Compiling [32mlibraries/AP_HAL_SITL/Storage.cpp[0m
[12.933s] [1783/2351] Compiling [32mlibraries/SITL/SIM_Aircraft.cpp[0m
[12.942s] [1784/2351] Compiling [32mlibraries/SITL/SIM_XPlane.cpp[0m
[12.942s] [1785/2351] Compiling [32mlibraries/SITL/SITL.cpp[0m
[12.947s] [1786/2351] Compiling [32mlibraries/SITL/SIM_DroneCANDevice.cpp[0m
[12.958s] [1787/2351] Compiling [32mlibraries/AP_Scripting/lua_scripts.cpp[0m
[12.960s] [1788/2351] Compiling [32mlibraries/AP_Scripting/AP_Scripting_helpers.cpp[0m
[12.973s] [1789/2351] Compiling [32mbuild/sitl/libraries/AP_Scripting/lua_generated_bindings.cpp[0m
[12.990s] [1790/2351] Compiling [32mlibraries/AP_Scripting/AP_Scripting_CRSFMenu.cpp[0m
[13.001s] [1791/2351] Compiling [32mlibraries/AP_Scripting/lua_boxed_numerics.cpp[0m
[13.006s] [1792/2351] Compiling [32mlibraries/AP_Scripting/lua_bindings.cpp[0m
[13.014s] [1793/2351] Compiling [32mlibraries/AP_AHRS/AP_AHRS_DCM.cpp[0m
[13.016s] [1794/2351] Compiling [32mlibraries/AP_AHRS/AP_AHRS_Backend.cpp[0m
[13.017s] [1795/2351] Compiling [32mlibraries/AP_AHRS/AP_AHRS.cpp[0m
[13.041s] [1796/2351] Compiling [32mlibraries/AP_Airspeed/AP_Airspeed_Params.cpp[0m
[13.047s] [1797/2351] Compiling [32mlibraries/AP_Airspeed/AP_Airspeed.cpp[0m
[13.053s] [1798/2351] Compiling [32mlibraries/AP_Airspeed/AP_Airspeed_NMEA.cpp[0m
[13.059s] [1799/2351] Compiling [32mlibraries/AP_Baro/AP_Baro_Backend.cpp[0m
[13.068s] [1800/2351] Compiling [32mlibraries/AP_Baro/AP_Baro_SITL.cpp[0m
[13.082s] [1801/2351] Compiling [32mlibraries/AP_Baro/AP_Baro.cpp[0m
[13.090s] [1802/2351] Compiling [32mlibraries/AP_BattMonitor/AP_BattMonitor_Params.cpp[0m
[13.098s] [1803/2351] Compiling [32mlibraries/AP_BattMonitor/AP_BattMonitor.cpp[0m
[13.099s] [1804/2351] Compiling [32mlibraries/AP_BoardConfig/AP_BoardConfig.cpp[0m
[13.102s] [1805/2351] Compiling [32mlibraries/AP_HAL/SIMState.cpp[0m
[13.108s] [1806/2351] Compiling [32mlibraries/AP_InertialSensor/FastRateBuffer.cpp[0m
[13.108s] [1807/2351] Compiling [32mlibraries/AP_InertialSensor/AP_InertialSensor.cpp[0m
[13.113s] [1808/2351] Compiling [32mlibraries/AP_InertialSensor/AP_InertialSensor_Backend.cpp[0m
[13.117s] [1809/2351] Compiling [32mlibraries/AP_InertialSensor/AP_InertialSensor_Invensensev3.cpp[0m
[13.120s] [1810/2351] Compiling [32mlibraries/AP_Math/SCurve.cpp[0m
[13.130s] [1811/2351] Compiling [32mlibraries/AP_Mission/AP_Mission.cpp[0m
[13.139s] [1812/2351] Compiling [32mlibraries/AP_DAL/AP_DAL_VisualOdom.cpp[0m
[13.149s] [1813/2351] Compiling [32mlibraries/AP_DAL/AP_DAL_Beacon.cpp[0m
[13.183s] [1814/2351] Compiling [32mlibraries/AP_DAL/AP_DAL.cpp[0m
[13.191s] [1815/2351] Compiling [32mlibraries/AP_DAL/AP_DAL_RangeFinder.cpp[0m
[13.194s] [1816/2351] Compiling [32mlibraries/AP_NavEKF2/AP_NavEKF2_OptFlowFusion.cpp[0m
[13.194s] [1817/2351] Compiling [32mlibraries/AP_NavEKF2/AP_NavEKF2.cpp[0m
[13.222s] [1818/2351] Compiling [32mlibraries/AP_NavEKF3/AP_NavEKF3.cpp[0m
[13.230s] [1819/2351] Compiling [32mlibraries/AP_NavEKF3/AP_NavEKF3_RngBcnFusion.cpp[0m
[13.242s] [1820/2351] Compiling [32mlibraries/AP_NavEKF3/AP_NavEKF3_core.cpp[0m
[13.251s] [1821/2351] Compiling [32mlibraries/AP_NavEKF3/AP_NavEKF3_AirDataFusion.cpp[0m
[13.258s] [1822/2351] Compiling [32mlibraries/AP_NavEKF3/AP_NavEKF3_Measurements.cpp[0m
[13.264s] [1823/2351] Compiling [32mlibraries/AP_NavEKF3/AP_NavEKF3_PosVelFusion.cpp[0m
[13.301s] [1824/2351] Compiling [32mlibraries/AP_NavEKF3/AP_NavEKF3_Control.cpp[0m
[13.308s] [1825/2351] Compiling [32mlibraries/AP_NavEKF3/AP_NavEKF3_MagFusion.cpp[0m
[13.323s] [1826/2351] Compiling [32mlibraries/AP_NavEKF3/AP_NavEKF3_Logging.cpp[0m
[13.323s] [1827/2351] Compiling [32mlibraries/AP_NavEKF3/AP_NavEKF3_VehicleStatus.cpp[0m
[13.333s] [1828/2351] Compiling [32mlibraries/AP_NavEKF3/AP_NavEKF3_Outputs.cpp[0m
[13.342s] [1829/2351] Compiling [32mlibraries/AP_NavEKF3/AP_NavEKF3_OptFlowFusion.cpp[0m
[13.342s] [1830/2351] Compiling [32mlibraries/AP_NavEKF3/AP_NavEKF3_GyroBias.cpp[0m
[13.343s] [1831/2351] Compiling [32mlibraries/AP_Rally/AP_Rally.cpp[0m
[13.357s] [1832/2351] Compiling [32mlibraries/AP_Scheduler/AP_Scheduler.cpp[0m
[13.357s] [1833/2351] Compiling [32mlibraries/AP_Terrain/AP_Terrain.cpp[0m
[13.357s] [1834/2351] Compiling [32mlibraries/AP_Vehicle/AP_Vehicle.cpp[0m
[13.367s] [1835/2351] Compiling [32mlibraries/AP_Logger/AP_Logger_File.cpp[0m
[13.367s] [1836/2351] Compiling [32mlibraries/AP_Logger/LoggerMessageWriter.cpp[0m
[13.375s] [1837/2351] Compiling [32mlibraries/AP_Logger/AP_Logger_Backend.cpp[0m
[13.376s] [1838/2351] Compiling [32mlibraries/AP_Logger/AP_Logger.cpp[0m
[13.382s] [1839/2351] Compiling [32mlibraries/Filter/HarmonicNotchFilter.cpp[0m
[13.386s] [1840/2351] Compiling [32mlibraries/GCS_MAVLink/GCS_Dummy.cpp[0m
[13.393s] [1841/2351] Compiling [32mlibraries/GCS_MAVLink/GCS_Common.cpp[0m
[13.394s] [1842/2351] Compiling [32mlibraries/GCS_MAVLink/GCS_Fence.cpp[0m
[13.403s] [1843/2351] Compiling [32mlibraries/GCS_MAVLink/GCS_MAVLink_Parameters.cpp[0m
[13.404s] [1844/2351] Compiling [32mlibraries/GCS_MAVLink/GCS.cpp[0m
[13.417s] [1845/2351] Compiling [32mlibraries/RC_Channel/RC_Channel.cpp[0m
[13.418s] [1846/2351] Compiling [32mlibraries/StorageManager/StorageManager.cpp[0m
[13.422s] [1847/2351] Compiling [32mlibraries/AP_Frsky_Telem/AP_Frsky_SPort_Passthrough.cpp[0m
[13.464s] [1848/2351] Linking [33mbuild/sitl/lib/libArduPlane_libs.a[0m
[13.483s] [1849/2351] Compiling [32mlibraries/AP_IBus_Telem/AP_IBus_Telem.cpp[0m
[13.483s] [1850/2351] Compiling [32mlibraries/AP_Relay/AP_Relay.cpp[0m
[13.490s] [1851/2351] Compiling [32mlibraries/AP_RCProtocol/AP_RCProtocol_CRSF.cpp[0m
[13.501s] [1852/2351] Compiling [32mlibraries/AP_RCProtocol/AP_RCProtocol_UDP.cpp[0m
[13.504s] [1853/2351] Compiling [32mlibraries/AP_RCProtocol/AP_RCProtocol_FPort.cpp[0m
[13.521s] [1854/2351] Compiling [32mlibraries/AP_RCProtocol/AP_RCProtocol_GHST.cpp[0m
[13.524s] [1855/2351] Compiling [32mlibraries/AP_RCProtocol/AP_RCProtocol_SRXL2.cpp[0m
[13.542s] [1856/2351] Compiling [32mlibraries/AP_RCProtocol/AP_RCProtocol.cpp[0m
[13.547s] [1857/2351] Compiling [32mlibraries/AP_RCProtocol/AP_RCProtocol_FPort2.cpp[0m
[13.554s] [1858/2351] Compiling [32mlibraries/AP_BLHeli/AP_BLHeli.cpp[0m
[13.558s] [1859/2351] Compiling [32mlibraries/AP_Proximity/AP_Proximity_Utils.cpp[0m
[13.562s] [1860/2351] Compiling [32mlibraries/AC_Fence/AC_PolyFence_loader.cpp[0m
[13.571s] [1861/2351] Compiling [32mlibraries/AC_Fence/AC_Fence.cpp[0m
[13.576s] [1862/2351] Compiling [32mlibraries/AC_Avoidance/AP_OADatabase.cpp[0m
[13.584s] [1863/2351] Compiling [32mlibraries/AC_Avoidance/AP_OABendyRuler.cpp[0m
[13.590s] [1864/2351] Compiling [32mlibraries/AC_Avoidance/AC_Avoid.cpp[0m
[13.590s] [1865/2351] Compiling [32mlibraries/AP_LandingGear/AP_LandingGear.cpp[0m
[13.594s] [1866/2351] Compiling [32mlibraries/AP_OSD/AP_OSD_ParamScreen.cpp[0m
[13.600s] [1867/2351] Compiling [32mlibraries/AP_OSD/AP_OSD_ParamSetting.cpp[0m
[13.601s] [1868/2351] Compiling [32mlibraries/AP_OSD/AP_OSD_Screen.cpp[0m
[13.608s] [1869/2351] Compiling [32mlibraries/AP_Filesystem/AP_Filesystem_posix.cpp[0m
[13.611s] [1870/2351] Compiling [32mlibraries/AP_ADSB/AP_ADSB_Sagetech_MXS.cpp[0m
[13.613s] [1871/2351] Compiling [32mlibraries/AP_ADSB/AP_ADSB.cpp[0m
[13.617s] [1872/2351] Compiling [32mlibraries/AP_ESC_Telem/AP_ESC_Telem_Backend.cpp[0m
[13.619s] [1873/2351] Compiling [32mlibraries/AP_GyroFFT/AP_GyroFFT.cpp[0m
[13.632s] [1874/2351] Compiling [32mlibraries/AP_RCTelemetry/AP_RCTelemetry.cpp[0m
[13.632s] [1875/2351] Compiling [32mlibraries/AP_RCTelemetry/AP_CRSF_Telem.cpp[0m
[13.656s] [1876/2351] Compiling [32mlibraries/AP_ExternalAHRS/AP_ExternalAHRS_InertialLabs.cpp[0m
[13.657s] [1877/2351] Compiling [32mlibraries/AP_ExternalAHRS/AP_ExternalAHRS_SBG.cpp[0m
[13.661s] [1878/2351] Compiling [32mlibraries/AP_TemperatureSensor/AP_TemperatureSensor.cpp[0m
[13.690s] [1879/2351] Compiling [32mlibraries/AP_AIS/AP_AIS.cpp[0m
[13.693s] [1880/2351] Compiling [32mlibraries/AP_Arming/AP_Arming.cpp[0m
[13.719s] [1881/2351] Compiling [32mlibraries/AP_Follow/AP_Follow.cpp[0m
[13.747s] [1882/2351] Compiling [32mlibraries/AP_Avoidance/AP_Avoidance.cpp[0m
[13.750s] [1883/2351] Compiling [32mlibraries/AC_AttitudeControl/AC_AttitudeControl.cpp[0m
[13.751s] [1884/2351] Compiling [32mlibraries/AC_AttitudeControl/AC_PosControl.cpp[0m
[13.755s] [1885/2351] Compiling [32mlibraries/AC_AttitudeControl/AC_WeatherVane.cpp[0m
[13.761s] [1886/2351] Compiling [32mlibraries/AP_HAL_SITL/UARTDriver.cpp[0m
[13.773s] [1887/2351] Compiling [32mlibraries/AP_HAL_SITL/SITL_cmdline.cpp[0m
[13.774s] [1888/2351] Compiling [32mlibraries/AP_HAL_SITL/Storage.cpp[0m
[13.782s] [1889/2351] Compiling [32mlibraries/SITL/SIM_DroneCANDevice.cpp[0m
[13.782s] [1890/2351] Compiling [32mlibraries/SITL/SITL.cpp[0m
[13.791s] [1891/2351] Compiling [32mlibraries/SITL/SIM_Aircraft.cpp[0m
[13.794s] [1892/2351] Compiling [32mlibraries/SITL/SIM_XPlane.cpp[0m
[13.795s] [1893/2351] Compiling [32mlibraries/AP_Scripting/AP_Scripting_CRSFMenu.cpp[0m
[13.802s] [1894/2351] Compiling [32mlibraries/AP_Scripting/lua_scripts.cpp[0m
[13.809s] [1895/2351] Compiling [32mbuild/sitl/libraries/AP_Scripting/lua_generated_bindings.cpp[0m
[13.811s] [1896/2351] Compiling [32mlibraries/AP_Scripting/AP_Scripting_helpers.cpp[0m
[13.819s] [1897/2351] Compiling [32mlibraries/AP_Scripting/lua_boxed_numerics.cpp[0m
[13.826s] [1898/2351] Compiling [32mlibraries/AP_Scripting/lua_bindings.cpp[0m
[13.827s] [1899/2351] Compiling [32mlibraries/AP_AHRS/AP_AHRS_Backend.cpp[0m
[13.836s] [1900/2351] Compiling [32mlibraries/AP_AHRS/AP_AHRS.cpp[0m
[13.844s] [1901/2351] Compiling [32mlibraries/AP_AHRS/AP_AHRS_DCM.cpp[0m
[13.848s] [1902/2351] Compiling [32mlibraries/AP_Airspeed/AP_Airspeed.cpp[0m
[13.848s] [1903/2351] Compiling [32mlibraries/AP_Airspeed/AP_Airspeed_NMEA.cpp[0m
[13.858s] [1904/2351] Compiling [32mlibraries/AP_Airspeed/AP_Airspeed_Params.cpp[0m
[13.859s] [1905/2351] Compiling [32mlibraries/AP_Baro/AP_Baro_SITL.cpp[0m
[13.867s] [1906/2351] Compiling [32mlibraries/AP_Baro/AP_Baro_Backend.cpp[0m
[13.869s] [1907/2351] Compiling [32mlibraries/AP_Baro/AP_Baro.cpp[0m
[13.869s] [1908/2351] Compiling [32mlibraries/AP_BattMonitor/AP_BattMonitor_Params.cpp[0m
[13.885s] [1909/2351] Compiling [32mlibraries/AP_BattMonitor/AP_BattMonitor.cpp[0m
[13.892s] [1910/2351] Compiling [32mlibraries/AP_BoardConfig/AP_BoardConfig.cpp[0m
[13.908s] [1911/2351] Compiling [32mlibraries/AP_HAL/SIMState.cpp[0m
[13.948s] [1912/2351] Compiling [32mlibraries/AP_InertialSensor/AP_InertialSensor_Backend.cpp[0m
[13.948s] [1913/2351] Compiling [32mlibraries/AP_InertialSensor/FastRateBuffer.cpp[0m
[13.952s] [1914/2351] Compiling [32mlibraries/AP_InertialSensor/AP_InertialSensor_Invensensev3.cpp[0m
[13.955s] [1915/2351] Compiling [32mlibraries/AP_InertialSensor/AP_InertialSensor.cpp[0m
[13.958s] [1916/2351] Compiling [32mlibraries/AP_Math/SCurve.cpp[0m
[13.968s] [1917/2351] Compiling [32mlibraries/AP_Mission/AP_Mission.cpp[0m
[13.995s] [1918/2351] Compiling [32mlibraries/AP_DAL/AP_DAL_VisualOdom.cpp[0m
[14.001s] [1919/2351] Compiling [32mlibraries/AP_DAL/AP_DAL.cpp[0m
[14.014s] [1920/2351] Compiling [32mlibraries/AP_DAL/AP_DAL_RangeFinder.cpp[0m
[14.015s] [1921/2351] Compiling [32mlibraries/AP_DAL/AP_DAL_Beacon.cpp[0m
[14.021s] [1922/2351] Compiling [32mlibraries/AP_NavEKF2/AP_NavEKF2_OptFlowFusion.cpp[0m
[14.055s] [1923/2351] Compiling [32mlibraries/AP_NavEKF2/AP_NavEKF2.cpp[0m
[14.069s] [1924/2351] Compiling [32mlibraries/AP_NavEKF3/AP_NavEKF3_OptFlowFusion.cpp[0m
[14.082s] [1925/2351] Compiling [32mlibraries/AP_NavEKF3/AP_NavEKF3_core.cpp[0m
[14.088s] [1926/2351] Compiling [32mlibraries/AP_NavEKF3/AP_NavEKF3.cpp[0m
[14.093s] [1927/2351] Compiling [32mlibraries/AP_NavEKF3/AP_NavEKF3_Measurements.cpp[0m
[14.097s] [1928/2351] Compiling [32mlibraries/AP_NavEKF3/AP_NavEKF3_AirDataFusion.cpp[0m
[14.105s] [1929/2351] Compiling [32mlibraries/AP_NavEKF3/AP_NavEKF3_Outputs.cpp[0m
[14.108s] [1930/2351] Compiling [32mlibraries/AP_NavEKF3/AP_NavEKF3_Logging.cpp[0m
[14.119s] [1931/2351] Compiling [32mlibraries/AP_NavEKF3/AP_NavEKF3_GyroBias.cpp[0m
[14.120s] [1932/2351] Compiling [32mlibraries/AP_NavEKF3/AP_NavEKF3_VehicleStatus.cpp[0m
[14.127s] [1933/2351] Compiling [32mlibraries/AP_NavEKF3/AP_NavEKF3_RngBcnFusion.cpp[0m
[14.133s] [1934/2351] Compiling [32mlibraries/AP_NavEKF3/AP_NavEKF3_PosVelFusion.cpp[0m
[14.142s] [1935/2351] Compiling [32mlibraries/AP_NavEKF3/AP_NavEKF3_Control.cpp[0m
[14.156s] [1936/2351] Compiling [32mlibraries/AP_NavEKF3/AP_NavEKF3_MagFusion.cpp[0m
[14.166s] [1937/2351] Compiling [32mlibraries/AP_Rally/AP_Rally.cpp[0m
[14.166s] [1938/2351] Compiling [32mlibraries/AP_Scheduler/AP_Scheduler.cpp[0m
[14.171s] [1939/2351] Compiling [32mlibraries/AP_Terrain/AP_Terrain.cpp[0m
[14.178s] [1940/2351] Compiling [32mlibraries/AP_Vehicle/AP_Vehicle.cpp[0m
[14.198s] [1941/2351] Compiling [32mlibraries/AP_Logger/AP_Logger_Backend.cpp[0m
[14.201s] [1942/2351] Compiling [32mlibraries/AP_Logger/AP_Logger.cpp[0m
[14.205s] [1943/2351] Compiling [32mlibraries/AP_Logger/LoggerMessageWriter.cpp[0m
[14.209s] [1944/2351] Compiling [32mlibraries/AP_Logger/AP_Logger_File.cpp[0m
[14.220s] [1945/2351] Compiling [32mlibraries/Filter/HarmonicNotchFilter.cpp[0m
[14.226s] [1946/2351] Compiling [32mlibraries/GCS_MAVLink/GCS_Dummy.cpp[0m
[14.231s] [1947/2351] Compiling [32mlibraries/GCS_MAVLink/GCS_MAVLink_Parameters.cpp[0m
[14.237s] [1948/2351] Compiling [32mlibraries/GCS_MAVLink/GCS_Fence.cpp[0m
[14.241s] [1949/2351] Compiling [32mlibraries/GCS_MAVLink/GCS.cpp[0m
[14.250s] [1950/2351] Compiling [32mlibraries/GCS_MAVLink/GCS_Common.cpp[0m
[14.257s] [1951/2351] Linking [33mbuild/sitl/lib/libArduSub_libs.a[0m
[14.258s] [1952/2351] Compiling [32mlibraries/RC_Channel/RC_Channel.cpp[0m
[14.281s] [1953/2351] Compiling [32mlibraries/StorageManager/StorageManager.cpp[0m
[14.287s] [1954/2351] Compiling [32mlibraries/AP_Frsky_Telem/AP_Frsky_SPort_Passthrough.cpp[0m
[14.313s] [1955/2351] Compiling [32mlibraries/AP_IBus_Telem/AP_IBus_Telem.cpp[0m
[14.319s] [1956/2351] Compiling [32mlibraries/AP_Relay/AP_Relay.cpp[0m
[14.323s] [1957/2351] Compiling [32mlibraries/AP_RCProtocol/AP_RCProtocol.cpp[0m
[14.328s] [1958/2351] Compiling [32mlibraries/AP_RCProtocol/AP_RCProtocol_CRSF.cpp[0m
[14.336s] [1959/2351] Compiling [32mlibraries/AP_RCProtocol/AP_RCProtocol_FPort.cpp[0m
[14.338s] [1960/2351] Compiling [32mlibraries/AP_RCProtocol/AP_RCProtocol_GHST.cpp[0m
[14.340s] [1961/2351] Compiling [32mlibraries/AP_RCProtocol/AP_RCProtocol_UDP.cpp[0m
[14.351s] [1962/2351] Compiling [32mlibraries/AP_RCProtocol/AP_RCProtocol_FPort2.cpp[0m
[14.351s] [1963/2351] Compiling [32mlibraries/AP_RCProtocol/AP_RCProtocol_SRXL2.cpp[0m
[14.355s] [1964/2351] Compiling [32mlibraries/AP_BLHeli/AP_BLHeli.cpp[0m
[14.365s] [1965/2351] Compiling [32mlibraries/AP_Proximity/AP_Proximity_Utils.cpp[0m
[14.375s] [1966/2351] Compiling [32mlibraries/AC_Fence/AC_Fence.cpp[0m
[14.376s] [1967/2351] Compiling [32mlibraries/AC_Fence/AC_PolyFence_loader.cpp[0m
[14.388s] [1968/2351] Compiling [32mlibraries/AC_Avoidance/AC_Avoid.cpp[0m
[14.413s] [1969/2351] Compiling [32mlibraries/AC_Avoidance/AP_OADatabase.cpp[0m
[14.417s] [1970/2351] Compiling [32mlibraries/AC_Avoidance/AP_OABendyRuler.cpp[0m
[14.423s] [1971/2351] Compiling [32mlibraries/AP_LandingGear/AP_LandingGear.cpp[0m
[14.429s] [1972/2351] Compiling [32mlibraries/AP_OSD/AP_OSD_ParamScreen.cpp[0m
[14.429s] [1973/2351] Compiling [32mlibraries/AP_OSD/AP_OSD_ParamSetting.cpp[0m
[14.435s] [1974/2351] Compiling [32mlibraries/AP_OSD/AP_OSD_Screen.cpp[0m
[14.436s] [1975/2351] Compiling [32mlibraries/AP_Filesystem/AP_Filesystem_posix.cpp[0m
[14.440s] [1976/2351] Compiling [32mlibraries/AP_ADSB/AP_ADSB.cpp[0m
[14.442s] [1977/2351] Compiling [32mlibraries/AP_ADSB/AP_ADSB_Sagetech_MXS.cpp[0m
[14.452s] [1978/2351] Compiling [32mlibraries/AP_ESC_Telem/AP_ESC_Telem_Backend.cpp[0m
[14.452s] [1979/2351] Compiling [32mlibraries/AP_GyroFFT/AP_GyroFFT.cpp[0m
[14.466s] [1980/2351] Compiling [32mlibraries/AP_RCTelemetry/AP_RCTelemetry.cpp[0m
[14.471s] [1981/2351] Compiling [32mlibraries/AP_RCTelemetry/AP_CRSF_Telem.cpp[0m
[14.479s] [1982/2351] Compiling [32mlibraries/AP_ExternalAHRS/AP_ExternalAHRS_InertialLabs.cpp[0m
[14.486s] [1983/2351] Compiling [32mlibraries/AP_ExternalAHRS/AP_ExternalAHRS_SBG.cpp[0m
[14.497s] [1984/2351] Compiling [32mlibraries/AP_TemperatureSensor/AP_TemperatureSensor.cpp[0m
[14.509s] [1985/2351] Compiling [32mlibraries/AP_AIS/AP_AIS.cpp[0m
[14.552s] [1986/2351] Compiling [32mlibraries/AP_Arming/AP_Arming.cpp[0m
[14.556s] [1987/2351] Compiling [32mlibraries/AP_Follow/AP_Follow.cpp[0m
[14.564s] [1988/2351] Compiling [32mlibraries/AC_AttitudeControl/AC_WeatherVane.cpp[0m
[14.568s] [1989/2351] Compiling [32mlibraries/AC_AttitudeControl/AC_AttitudeControl.cpp[0m
[14.569s] [1990/2351] Compiling [32mlibraries/AC_AttitudeControl/AC_PosControl.cpp[0m
[14.573s] [1991/2351] Compiling [32mlibraries/AC_PrecLand/AC_PrecLand.cpp[0m
[14.583s] [1992/2351] Compiling [32mlibraries/AP_HAL_SITL/SITL_cmdline.cpp[0m
[14.597s] [1993/2351] Compiling [32mlibraries/AP_HAL_SITL/Storage.cpp[0m
[14.603s] [1994/2351] Compiling [32mlibraries/AP_HAL_SITL/UARTDriver.cpp[0m
[14.609s] [1995/2351] Compiling [32mlibraries/SITL/SIM_Aircraft.cpp[0m
[14.613s] [1996/2351] Compiling [32mlibraries/SITL/SIM_XPlane.cpp[0m
[14.621s] [1997/2351] Compiling [32mlibraries/SITL/SITL.cpp[0m
[14.621s] [1998/2351] Compiling [32mlibraries/SITL/SIM_DroneCANDevice.cpp[0m
[14.627s] [1999/2351] Compiling [32mbuild/sitl/libraries/AP_Scripting/lua_generated_bindings.cpp[0m
[14.628s] [2000/2351] Compiling [32mlibraries/AP_Scripting/AP_Scripting_helpers.cpp[0m
[14.635s] [2001/2351] Compiling [32mlibraries/AP_Scripting/lua_scripts.cpp[0m
[14.639s] [2002/2351] Compiling [32mlibraries/AP_Scripting/lua_boxed_numerics.cpp[0m
[14.659s] [2003/2351] Compiling [32mlibraries/AP_Scripting/lua_bindings.cpp[0m
[14.663s] [2004/2351] Compiling [32mlibraries/AP_Scripting/AP_Scripting_CRSFMenu.cpp[0m
[14.665s] [2005/2351] Compiling [32mAntennaTracker/radio.cpp[0m
[14.682s] [2006/2351] Compiling [32mAntennaTracker/mode_scan.cpp[0m
[14.689s] [2007/2351] Compiling [32mAntennaTracker/mode_manual.cpp[0m
[14.692s] [2008/2351] Compiling [32mAntennaTracker/servos.cpp[0m
[14.698s] [2009/2351] Compiling [32mAntennaTracker/Tracker.cpp[0m
[14.699s] [2010/2351] Compiling [32mAntennaTracker/Log.cpp[0m
[14.703s] [2011/2351] Compiling [32mAntennaTracker/mode_guided.cpp[0m
[14.708s] [2012/2351] Compiling [32mAntennaTracker/Parameters.cpp[0m
[14.708s] [2013/2351] Compiling [32mAntennaTracker/tracking.cpp[0m
[14.721s] [2014/2351] Compiling [32mAntennaTracker/mode.cpp[0m
[14.735s] [2015/2351] Compiling [32mAntennaTracker/RC_Channel_Tracker.cpp[0m
[14.740s] [2016/2351] Compiling [32mAntennaTracker/GCS_MAVLink_Tracker.cpp[0m
[14.758s] [2017/2351] Compiling [32mAntennaTracker/system.cpp[0m
[14.765s] [2018/2351] Compiling [32mAntennaTracker/mode_servotest.cpp[0m
[14.791s] [2019/2351] Compiling [32mAntennaTracker/mode_auto.cpp[0m
[14.792s] [2020/2351] Compiling [32mAntennaTracker/GCS_Tracker.cpp[0m
[14.804s] [2021/2351] Compiling [32mAntennaTracker/sensors.cpp[0m
[14.821s] [2022/2351] Compiling [32mArduCopter/baro_ground_effect.cpp[0m
[14.841s] [2023/2351] Compiling [32mArduCopter/mode_sport.cpp[0m
[14.842s] [2024/2351] Compiling [32mArduCopter/mode.cpp[0m
[14.866s] [2025/2351] Compiling [32mArduCopter/mode_guided.cpp[0m
[14.876s] [2026/2351] Compiling [32mArduCopter/autoyaw.cpp[0m
[14.889s] [2027/2351] Compiling [32mArduCopter/mode_acro_heli.cpp[0m
[14.896s] [2028/2351] Compiling [32mArduCopter/esc_calibration.cpp[0m
[14.897s] [2029/2351] Compiling [32mArduCopter/Copter.cpp[0m
[14.936s] [2030/2351] Compiling [32mArduCopter/mode_flowhold.cpp[0m
[14.969s] [2031/2351] Compiling [32mArduCopter/mode_circle.cpp[0m
[14.994s] [2032/2351] Compiling [32mArduCopter/AP_Arming_Copter.cpp[0m
[15.007s] [2033/2351] Compiling [32mArduCopter/mode_follow.cpp[0m
[15.012s] [2034/2351] Compiling [32mArduCopter/UserCode.cpp[0m
[15.025s] [2035/2351] Compiling [32mArduCopter/Log.cpp[0m
[15.026s] [2036/2351] Compiling [32mArduCopter/takeoff.cpp[0m
[15.038s] [2037/2351] Compiling [32mArduCopter/afs_copter.cpp[0m
[15.042s] [2038/2351] Compiling [32mArduCopter/landing_gear.cpp[0m
[15.043s] [2039/2351] Compiling [32mArduCopter/mode_land.cpp[0m
[15.048s] [2040/2351] Compiling [32mArduCopter/mode_autotune.cpp[0m
[15.056s] [2041/2351] Compiling [32mArduCopter/mode_stabilize.cpp[0m
[15.061s] [2042/2351] Compiling [32mArduCopter/mode_guided_nogps.cpp[0m
[15.071s] [2043/2351] Compiling [32mArduCopter/mode_brake.cpp[0m
[15.077s] [2044/2351] Compiling [32mArduCopter/land_detector.cpp[0m
[15.082s] [2045/2351] Compiling [32mArduCopter/mode_autorotate.cpp[0m
[15.083s] [2046/2351] Compiling [32mArduCopter/mode_drift.cpp[0m
[15.104s] [2047/2351] Compiling [32mArduCopter/compassmot.cpp[0m
[15.104s] [2048/2351] Compiling [32mArduCopter/mode_smart_rtl.cpp[0m
[15.109s] [2049/2351] Compiling [32mArduCopter/mode_flip.cpp[0m
[15.154s] [2050/2351] Compiling [32mArduCopter/sensors.cpp[0m
[15.163s] [2051/2351] Compiling [32mArduCopter/ekf_check.cpp[0m
[15.178s] [2052/2351] Compiling [32mArduCopter/UserParameters.cpp[0m
[15.188s] [2053/2351] Compiling [32mArduCopter/tuning.cpp[0m
[15.192s] [2054/2351] Compiling [32mArduCopter/fence.cpp[0m
[15.204s] [2055/2351] Compiling [32mArduCopter/AP_ExternalControl_Copter.cpp[0m
[15.215s] [2056/2351] Compiling [32mArduCopter/heli.cpp[0m
[15.231s] [2057/2351] Compiling [32mArduCopter/mode_acro.cpp[0m
[15.243s] [2058/2351] Compiling [32mArduCopter/mode_guided_custom.cpp[0m
[15.248s] [2059/2351] Linking [33mbuild/sitl/bin/antennatracker[0m
[15.263s] [2060/2351] Compiling [32mArduCopter/Parameters.cpp[0m
[15.277s] [2061/2351] Compiling [32mArduCopter/motor_test.cpp[0m
[15.302s] [2062/2351] Compiling [32mArduCopter/mode_throw.cpp[0m
[15.389s] [2063/2351] Compiling [32mArduCopter/standby.cpp[0m
[15.396s] [2064/2351] Compiling [32mArduCopter/takeoff_check.cpp[0m
[15.398s] [2065/2351] Compiling [32mArduCopter/precision_landing.cpp[0m
[15.403s] [2066/2351] Compiling [32mArduCopter/mode_rtl.cpp[0m
[15.414s] [2067/2351] Compiling [32mArduCopter/Attitude.cpp[0m
[15.414s] [2068/2351] Compiling [32mArduCopter/GCS_MAVLink_Copter.cpp[0m
[15.420s] [2069/2351] Compiling [32mArduCopter/radio.cpp[0m
[15.428s] [2070/2351] Compiling [32mArduCopter/GCS_Copter.cpp[0m
[15.434s] [2071/2351] Compiling [32mArduCopter/surface_tracking.cpp[0m
[15.442s] [2072/2351] Compiling [32mArduCopter/mode_turtle.cpp[0m
[15.443s] [2073/2351] Compiling [32mArduCopter/mode_zigzag.cpp[0m
[15.453s] [2074/2351] Compiling [32mArduCopter/toy_mode.cpp[0m
[15.458s] [2075/2351] Compiling [32mArduCopter/commands.cpp[0m
[15.462s] [2076/2351] Compiling [32mArduCopter/mode_systemid.cpp[0m
[15.478s] [2077/2351] Compiling [32mArduCopter/system.cpp[0m
[15.490s] [2078/2351] Linking [33mbuild/sitl/lib/libBlimp_libs.a[0m
[15.497s] [2079/2351] Compiling [32mArduCopter/rate_thread.cpp[0m
[15.506s] [2080/2351] Compiling [32mArduCopter/inertia.cpp[0m
[15.512s] [2081/2351] Compiling [32mArduCopter/mode_loiter.cpp[0m
[15.519s] [2082/2351] Compiling [32mArduCopter/AP_State.cpp[0m
[15.537s] [2083/2351] Compiling [32mArduCopter/mode_poshold.cpp[0m
[15.557s] [2084/2351] Compiling [32mArduCopter/terrain.cpp[0m
[15.567s] [2085/2351] Compiling [32mArduCopter/mode_avoid_adsb.cpp[0m
[15.577s] [2086/2351] Compiling [32mArduCopter/crash_check.cpp[0m
[15.588s] [2087/2351] Compiling [32mArduCopter/navigation.cpp[0m
[15.601s] [2088/2351] Compiling [32mArduCopter/AP_Rally.cpp[0m
[15.626s] [2089/2351] Compiling [32mArduCopter/events.cpp[0m
[15.646s] [2090/2351] Compiling [32mArduCopter/failsafe.cpp[0m
[15.660s] [2091/2351] Compiling [32mArduCopter/mode_stabilize_heli.cpp[0m
[15.660s] [2092/2351] Compiling [32mArduCopter/mode_auto.cpp[0m
[15.736s] [2093/2351] Compiling [32mArduCopter/motors.cpp[0m
[15.758s] [2094/2351] Compiling [32mArduCopter/mode_althold.cpp[0m
[15.762s] [2095/2351] Compiling [32mArduCopter/avoidance.cpp[0m
[15.763s] [2096/2351] Compiling [32mArduCopter/RC_Channel_Copter.cpp[0m
[15.786s] [2097/2351] Compiling [32mArduCopter/avoidance_adsb.cpp[0m
[15.797s] [2098/2351] Compiling [32mArduCopter/mode_land.cpp[0m
[15.798s] [2099/2351] Compiling [32mArduCopter/tuning.cpp[0m
[15.818s] [2100/2351] Compiling [32mArduCopter/mode_turtle.cpp[0m
[15.819s] [2101/2351] Compiling [32mArduCopter/afs_copter.cpp[0m
[15.835s] [2102/2351] Compiling [32mArduCopter/mode.cpp[0m
[15.836s] [2103/2351] Compiling [32mArduCopter/motors.cpp[0m
[15.855s] [2104/2351] Compiling [32mArduCopter/mode_auto.cpp[0m
[15.865s] [2105/2351] Compiling [32mArduCopter/mode_sport.cpp[0m
[15.866s] [2106/2351] Compiling [32mArduCopter/toy_mode.cpp[0m
[15.871s] [2107/2351] Compiling [32mArduCopter/Parameters.cpp[0m
[15.877s] [2108/2351] Compiling [32mArduCopter/mode_avoid_adsb.cpp[0m
[15.892s] [2109/2351] Compiling [32mArduCopter/UserCode.cpp[0m
[15.896s] [2110/2351] Compiling [32mArduCopter/ekf_check.cpp[0m
[15.900s] [2111/2351] Compiling [32mArduCopter/mode_zigzag.cpp[0m
[15.910s] [2112/2351] Compiling [32mArduCopter/avoidance.cpp[0m
[15.911s] [2113/2351] Compiling [32mArduCopter/commands.cpp[0m
[15.921s] [2114/2351] Compiling [32mArduCopter/mode_acro.cpp[0m
[15.941s] [2115/2351] Compiling [32mArduCopter/Copter.cpp[0m
[15.944s] [2116/2351] Compiling [32mArduCopter/AP_State.cpp[0m
[15.961s] [2117/2351] Compiling [32mArduCopter/landing_gear.cpp[0m
[15.977s] [2118/2351] Compiling [32mArduCopter/inertia.cpp[0m
[15.980s] [2119/2351] Compiling [32mArduCopter/UserParameters.cpp[0m
[15.991s] [2120/2351] Compiling [32mArduCopter/AP_ExternalControl_Copter.cpp[0m
[15.992s] [2121/2351] Compiling [32mArduCopter/mode_stabilize.cpp[0m
[16.025s] [2122/2351] Compiling [32mArduCopter/failsafe.cpp[0m
[16.026s] [2123/2351] Compiling [32mArduCopter/mode_follow.cpp[0m
[16.054s] [2124/2351] Compiling [32mArduCopter/Log.cpp[0m
[16.128s] [2125/2351] Compiling [32mArduCopter/rate_thread.cpp[0m
[16.128s] [2126/2351] Compiling [32mArduCopter/fence.cpp[0m
[16.142s] [2127/2351] Compiling [32mArduCopter/system.cpp[0m
[16.144s] [2128/2351] Compiling [32mArduCopter/esc_calibration.cpp[0m
[16.153s] [2129/2351] Compiling [32mArduCopter/mode_flowhold.cpp[0m
[16.174s] [2130/2351] Compiling [32mArduCopter/events.cpp[0m
[16.188s] [2131/2351] Compiling [32mArduCopter/mode_guided_custom.cpp[0m
[16.192s] [2132/2351] Compiling [32mArduCopter/mode_autorotate.cpp[0m
[16.203s] [2133/2351] Compiling [32mArduCopter/GCS_Copter.cpp[0m
[16.214s] [2134/2351] Compiling [32mArduCopter/mode_acro_heli.cpp[0m
[16.227s] [2135/2351] Compiling [32mArduCopter/sensors.cpp[0m
[16.227s] [2136/2351] Compiling [32mArduCopter/mode_guided_nogps.cpp[0m
[16.235s] [2137/2351] Compiling [32mArduCopter/AP_Arming_Copter.cpp[0m
[16.241s] [2138/2351] Compiling [32mArduCopter/mode_stabilize_heli.cpp[0m
[16.251s] [2139/2351] Compiling [32mArduCopter/mode_guided.cpp[0m
[16.251s] [2140/2351] Compiling [32mArduCopter/precision_landing.cpp[0m
[16.260s] [2141/2351] Compiling [32mArduCopter/navigation.cpp[0m
[16.261s] [2142/2351] Compiling [32mArduCopter/mode_throw.cpp[0m
[16.267s] [2143/2351] Compiling [32mArduCopter/surface_tracking.cpp[0m
[16.275s] [2144/2351] Compiling [32mArduCopter/mode_althold.cpp[0m
[16.285s] [2145/2351] Compiling [32mArduCopter/standby.cpp[0m
[16.294s] [2146/2351] Linking [33mbuild/sitl/lib/libRover_libs.a[0m
[16.305s] [2147/2351] Compiling [32mArduCopter/mode_smart_rtl.cpp[0m
[16.312s] [2148/2351] Compiling [32mArduCopter/compassmot.cpp[0m
[16.339s] [2149/2351] Compiling [32mArduCopter/autoyaw.cpp[0m
[16.342s] [2150/2351] Compiling [32mArduCopter/Attitude.cpp[0m
[16.360s] [2151/2351] Compiling [32mArduCopter/radio.cpp[0m
[16.366s] [2152/2351] Linking [33mbuild/sitl/bin/arducopter[0m
[16.373s] [2153/2351] Compiling [32mArduCopter/mode_drift.cpp[0m
[16.409s] [2154/2351] Compiling [32mArduCopter/RC_Channel_Copter.cpp[0m
[16.417s] [2155/2351] Compiling [32mArduCopter/mode_rtl.cpp[0m
[16.430s] [2156/2351] Compiling [32mArduCopter/takeoff_check.cpp[0m
[16.469s] [2157/2351] Compiling [32mArduCopter/takeoff.cpp[0m
[16.478s] [2158/2351] Compiling [32mArduCopter/mode_autotune.cpp[0m
[16.505s] [2159/2351] Compiling [32mArduCopter/mode_brake.cpp[0m
[16.522s] [2160/2351] Compiling [32mArduCopter/mode_poshold.cpp[0m
[16.528s] [2161/2351] Compiling [32mArduCopter/avoidance_adsb.cpp[0m
[16.543s] [2162/2351] Compiling [32mArduCopter/mode_systemid.cpp[0m
[16.554s] [2163/2351] Compiling [32mArduCopter/motor_test.cpp[0m
[16.565s] [2164/2351] Compiling [32mArduCopter/crash_check.cpp[0m
[16.581s] [2165/2351] Compiling [32mArduCopter/mode_loiter.cpp[0m
[16.586s] [2166/2351] Compiling [32mArduCopter/terrain.cpp[0m
[16.596s] [2167/2351] Compiling [32mArduCopter/land_detector.cpp[0m
[16.604s] [2168/2351] Compiling [32mArduCopter/baro_ground_effect.cpp[0m
[16.606s] [2169/2351] Compiling [32mArduCopter/mode_flip.cpp[0m
[16.611s] [2170/2351] Compiling [32mArduCopter/heli.cpp[0m
[16.625s] [2171/2351] Compiling [32mArduCopter/GCS_MAVLink_Copter.cpp[0m
[16.632s] [2172/2351] Compiling [32mArduCopter/AP_Rally.cpp[0m
[16.632s] [2173/2351] Compiling [32mArduCopter/mode_circle.cpp[0m
[16.639s] [2174/2351] Compiling [32mArduPlane/pullup.cpp[0m
[16.653s] [2175/2351] Compiling [32mArduPlane/sensors.cpp[0m
[16.653s] [2176/2351] Compiling [32mArduPlane/soaring.cpp[0m
[16.654s] [2177/2351] Compiling [32mArduPlane/mode_qland.cpp[0m
[16.690s] [2178/2351] Compiling [32mArduPlane/GCS_Plane.cpp[0m
[16.705s] [2179/2351] Compiling [32mArduPlane/is_flying.cpp[0m
[16.719s] [2180/2351] Compiling [32mArduPlane/reverse_thrust.cpp[0m
[16.754s] [2181/2351] Compiling [32mArduPlane/control_modes.cpp[0m
[16.764s] [2182/2351] Compiling [32mArduPlane/mode_qacro.cpp[0m
[16.771s] [2183/2351] Compiling [32mArduPlane/Plane.cpp[0m
[16.771s] [2184/2351] Compiling [32mArduPlane/motor_test.cpp[0m
[16.781s] [2185/2351] Compiling [32mArduPlane/system.cpp[0m
[16.793s] [2186/2351] Compiling [32mArduPlane/commands.cpp[0m
[16.821s] [2187/2351] Compiling [32mArduPlane/mode_training.cpp[0m
[16.853s] [2188/2351] Compiling [32mArduPlane/mode.cpp[0m
[16.878s] [2189/2351] Compiling [32mArduPlane/mode_qstabilize.cpp[0m
[16.889s] [2190/2351] Compiling [32mArduPlane/avoidance_adsb.cpp[0m
[16.902s] [2191/2351] Compiling [32mArduPlane/parachute.cpp[0m
[16.910s] [2192/2351] Compiling [32mArduPlane/navigation.cpp[0m
[16.921s] [2193/2351] Compiling [32mArduPlane/mode_rtl.cpp[0m
[16.926s] [2194/2351] Compiling [32mArduPlane/ekf_check.cpp[0m
[16.927s] [2195/2351] Compiling [32mArduPlane/radio.cpp[0m
[16.941s] [2196/2351] Compiling [32mArduPlane/mode_acro.cpp[0m
[16.945s] [2197/2351] Compiling [32mArduPlane/takeoff.cpp[0m
[16.979s] [2198/2351] Compiling [32mArduPlane/mode_takeoff.cpp[0m
[16.990s] [2199/2351] Compiling [32mArduPlane/mode_fbwb.cpp[0m
[16.992s] [2200/2351] Compiling [32mArduPlane/mode_thermal.cpp[0m
[17.003s] [2201/2351] Compiling [32mArduPlane/mode_loiter.cpp[0m
[17.008s] [2202/2351] Compiling [32mArduPlane/mode_manual.cpp[0m
[17.020s] [2203/2351] Compiling [32mArduPlane/mode_qrtl.cpp[0m
[17.034s] [2204/2351] Compiling [32mArduPlane/tailsitter.cpp[0m
[17.035s] [2205/2351] Compiling [32mArduPlane/GCS_MAVLink_Plane.cpp[0m
[17.036s] [2206/2351] Compiling [32mArduPlane/Log.cpp[0m
[17.046s] [2207/2351] Compiling [32mArduPlane/mode_auto.cpp[0m
[17.048s] [2208/2351] Compiling [32mArduPlane/mode_circle.cpp[0m
[17.057s] [2209/2351] Compiling [32mArduPlane/Attitude.cpp[0m
[17.087s] [2210/2351] Linking [33mbuild/sitl/bin/arducopter-heli[0m
[17.127s] [2211/2351] Compiling [32mArduPlane/Parameters.cpp[0m
[17.132s] [2212/2351] Compiling [32mArduPlane/failsafe.cpp[0m
[17.147s] [2213/2351] Compiling [32mArduPlane/mode_guided.cpp[0m
[17.150s] [2214/2351] Compiling [32mArduPlane/mode_qloiter.cpp[0m
[17.159s] [2215/2351] Compiling [32mArduPlane/altitude.cpp[0m
[17.169s] [2216/2351] Compiling [32mArduPlane/VTOL_Assist.cpp[0m
[17.169s] [2217/2351] Compiling [32mArduPlane/tuning.cpp[0m
[17.203s] [2218/2351] Compiling [32mArduPlane/mode_cruise.cpp[0m
[17.223s] [2219/2351] Compiling [32mArduPlane/qautotune.cpp[0m
[17.260s] [2220/2351] Compiling [32mArduPlane/mode_fbwa.cpp[0m
[17.262s] [2221/2351] Compiling [32mArduPlane/commands_logic.cpp[0m
[17.273s] [2222/2351] Compiling [32mArduPlane/mode_LoiterAltQLand.cpp[0m
[17.286s] [2223/2351] Compiling [32mArduPlane/mode_autoland.cpp[0m
[17.292s] [2224/2351] Compiling [32mArduPlane/mode_stabilize.cpp[0m
[17.307s] [2225/2351] Compiling [32mArduPlane/servos.cpp[0m
[17.316s] [2226/2351] Compiling [32mArduPlane/fence.cpp[0m
[17.321s] [2227/2351] Compiling [32mArduPlane/events.cpp[0m
[17.331s] [2228/2351] Compiling [32mArduPlane/mode_avoidADSB.cpp[0m
[17.342s] [2229/2351] Compiling [32mArduPlane/mode_autotune.cpp[0m
[17.342s] [2230/2351] Compiling [32mArduPlane/quadplane.cpp[0m
[17.345s] [2231/2351] Compiling [32mArduPlane/AP_ExternalControl_Plane.cpp[0m
[17.373s] [2232/2351] Compiling [32mArduPlane/mode_qhover.cpp[0m
[17.403s] [2233/2351] Compiling [32mArduPlane/systemid.cpp[0m
[17.405s] [2234/2351] Compiling [32mArduPlane/tiltrotor.cpp[0m
[17.417s] [2235/2351] Compiling [32mArduPlane/RC_Channel_Plane.cpp[0m
[17.423s] [2236/2351] Compiling [32mArduPlane/afs_plane.cpp[0m
[17.432s] [2237/2351] Compiling [32mArduPlane/AP_Arming_Plane.cpp[0m
[17.432s] [2238/2351] Compiling [32mArduPlane/mode_qautotune.cpp[0m
[17.443s] [2239/2351] Compiling [32mArduSub/mode_circle.cpp[0m
[17.447s] [2240/2351] Compiling [32mArduSub/surface_bottom_detector.cpp[0m
[17.458s] [2241/2351] Compiling [32mArduSub/AP_Arming_Sub.cpp[0m
[17.490s] [2242/2351] Compiling [32mArduSub/script_button.cpp[0m
[17.501s] [2243/2351] Compiling [32mArduSub/mode_guided.cpp[0m
[17.506s] [2244/2351] Compiling [32mArduSub/mode_acro.cpp[0m
[17.512s] [2245/2351] Compiling [32mArduSub/mode_surftrak.cpp[0m
[17.517s] [2246/2351] Compiling [32mArduSub/radio.cpp[0m
[17.523s] [2247/2351] Compiling [32mArduSub/AP_State.cpp[0m
[17.527s] [2248/2351] Compiling [32mArduSub/commands.cpp[0m
[17.559s] [2249/2351] Compiling [32mArduSub/Log.cpp[0m
[17.564s] [2250/2351] Compiling [32mArduSub/UserCode.cpp[0m
[17.586s] [2251/2351] Compiling [32mArduSub/turn_counter.cpp[0m
[17.647s] [2252/2351] Compiling [32mArduSub/mode_surface.cpp[0m
[17.652s] [2253/2351] Compiling [32mArduSub/joystick.cpp[0m
[17.664s] [2254/2351] Compiling [32mArduSub/fence.cpp[0m
[17.664s] [2255/2351] Compiling [32mArduSub/failsafe.cpp[0m
[17.673s] [2256/2351] Compiling [32mArduSub/commands_logic.cpp[0m
[17.683s] [2257/2351] Compiling [32mArduSub/RC_Channel_Sub.cpp[0m
[17.684s] [2258/2351] Compiling [32mArduSub/mode_manual.cpp[0m
[17.701s] [2259/2351] Compiling [32mArduSub/mode_motordetect.cpp[0m
[17.701s] [2260/2351] Compiling [32mArduSub/mode_poshold.cpp[0m
[17.707s] [2261/2351] Compiling [32mArduSub/terrain.cpp[0m
[17.722s] [2262/2351] Compiling [32mArduSub/motors.cpp[0m
[17.728s] [2263/2351] Compiling [32mArduSub/mode_althold.cpp[0m
[17.741s] [2264/2351] Compiling [32mArduSub/Sub.cpp[0m
[17.752s] [2265/2351] Compiling [32mArduSub/mode_stabilize.cpp[0m
[17.777s] [2266/2351] Compiling [32mArduSub/GCS_MAVLink_Sub.cpp[0m
[17.787s] [2267/2351] Compiling [32mArduSub/Attitude.cpp[0m
[17.798s] [2268/2351] Compiling [32mArduSub/system.cpp[0m
[17.804s] [2269/2351] Compiling [32mArduSub/mode_auto.cpp[0m
[17.816s] [2270/2351] Compiling [32mArduSub/sensors.cpp[0m
[17.829s] [2271/2351] Compiling [32mArduSub/inertia.cpp[0m
[17.844s] [2272/2351] Compiling [32mArduSub/GCS_Sub.cpp[0m
[17.875s] [2273/2351] Compiling [32mArduSub/Parameters.cpp[0m
[17.880s] [2274/2351] Linking [33mbuild/sitl/bin/arduplane[0m
[17.883s] [2275/2351] Compiling [32mArduSub/mode.cpp[0m
[17.892s] [2276/2351] Compiling [32mArduSub/actuators.cpp[0m
[17.909s] [2277/2351] Compiling [32mBlimp/mode_manual.cpp[0m
[17.911s] [2278/2351] Compiling [32mBlimp/RC_Channel_Blimp.cpp[0m
[17.921s] [2279/2351] Compiling [32mBlimp/system.cpp[0m
[17.921s] [2280/2351] Compiling [32mBlimp/GCS_MAVLink_Blimp.cpp[0m
[17.927s] [2281/2351] Compiling [32mBlimp/radio.cpp[0m
[17.937s] [2282/2351] Compiling [32mBlimp/mode_land.cpp[0m
[17.986s] [2283/2351] Compiling [32mBlimp/mode_auto.cpp[0m
[17.992s] [2284/2351] Compiling [32mBlimp/GCS_Blimp.cpp[0m
[18.005s] [2285/2351] Compiling [32mBlimp/mode_loiter.cpp[0m
[18.034s] [2286/2351] Compiling [32mBlimp/ekf_check.cpp[0m
[18.040s] [2287/2351] Compiling [32mBlimp/Log.cpp[0m
[18.058s] [2288/2351] Compiling [32mBlimp/mode.cpp[0m
[18.060s] [2289/2351] Compiling [32mBlimp/motors.cpp[0m
[18.064s] [2290/2351] Compiling [32mBlimp/commands.cpp[0m
[18.066s] [2291/2351] Compiling [32mBlimp/Parameters.cpp[0m
[18.076s] [2292/2351] Compiling [32mBlimp/mode_hold.cpp[0m
[18.078s] [2293/2351] Compiling [32mBlimp/Fins.cpp[0m
[18.093s] [2294/2351] Compiling [32mBlimp/AP_State.cpp[0m
[18.102s] [2295/2351] Compiling [32mBlimp/sensors.cpp[0m
[18.110s] [2296/2351] Compiling [32mBlimp/failsafe.cpp[0m
[18.119s] [2297/2351] Compiling [32mBlimp/Loiter.cpp[0m
[18.165s] [2298/2351] Compiling [32mBlimp/AP_Arming_Blimp.cpp[0m
[18.172s] [2299/2351] Compiling [32mBlimp/mode_velocity.cpp[0m
[18.182s] [2300/2351] Compiling [32mBlimp/inertia.cpp[0m
[18.204s] [2301/2351] Compiling [32mBlimp/events.cpp[0m
[18.209s] [2302/2351] Compiling [32mBlimp/Blimp.cpp[0m
[18.212s] [2303/2351] Compiling [32mBlimp/mode_rtl.cpp[0m
[18.225s] [2304/2351] Compiling [32mRover/mode_circle.cpp[0m
[18.234s] [2305/2351] Compiling [32mRover/mode_manual.cpp[0m
[18.238s] [2306/2351] Compiling [32mRover/cruise_learn.cpp[0m
[18.252s] [2307/2351] Compiling [32mRover/fence.cpp[0m
[18.259s] [2308/2351] Compiling [32mRover/motor_test.cpp[0m
[18.259s] [2309/2351] Compiling [32mRover/mode_hold.cpp[0m
[18.268s] [2310/2351] Compiling [32mRover/ekf_check.cpp[0m
[18.268s] [2311/2351] Compiling [32mRover/mode_auto.cpp[0m
[18.269s] [2312/2351] Compiling [32mRover/failsafe.cpp[0m
[18.297s] [2313/2351] Compiling [32mRover/precision_landing.cpp[0m
[18.324s] [2314/2351] Compiling [32mRover/system.cpp[0m
[18.331s] [2315/2351] Linking [33mbuild/sitl/bin/ardusub[0m
[18.335s] [2316/2351] Compiling [32mRover/mode_simple.cpp[0m
[18.354s] [2317/2351] Compiling [32mRover/mode_loiter.cpp[0m
[18.364s] [2318/2351] Compiling [32mRover/balance_bot.cpp[0m
[18.371s] [2319/2351] Compiling [32mRover/Rover.cpp[0m
[18.380s] [2320/2351] Compiling [32mRover/mode_guided.cpp[0m
[18.396s] [2321/2351] Compiling [32mRover/mode_smart_rtl.cpp[0m
[18.410s] [2322/2351] Compiling [32mRover/Steering.cpp[0m
[18.410s] [2323/2351] Compiling [32mRover/Log.cpp[0m
[18.410s] [2324/2351] Compiling [32mRover/sensors.cpp[0m
[18.428s] [2325/2351] Compiling [32mRover/mode_follow.cpp[0m
[18.434s] [2326/2351] Compiling [32mRover/mode_acro.cpp[0m
[18.445s] [2327/2351] Compiling [32mRover/mode_rtl.cpp[0m
[18.473s] [2328/2351] Compiling [32mRover/AP_Arming_Rover.cpp[0m
[18.483s] [2329/2351] Compiling [32mRover/AP_ExternalControl_Rover.cpp[0m
[18.497s] [2330/2351] Compiling [32mRover/mode_dock.cpp[0m
[18.515s] [2331/2351] Compiling [32mRover/crash_check.cpp[0m
[18.521s] [2332/2351] Compiling [32mRover/radio.cpp[0m
[18.544s] [2333/2351] Compiling [32mRover/afs_rover.cpp[0m
[18.556s] [2334/2351] Compiling [32mRover/mode_steering.cpp[0m
[18.584s] [2335/2351] Compiling [32mRover/AP_Rally.cpp[0m
[18.588s] [2336/2351] Compiling [32mRover/Parameters.cpp[0m
[18.600s] [2337/2351] Compiling [32mRover/commands.cpp[0m
[18.606s] [2338/2351] Compiling [32mRover/GCS_Rover.cpp[0m
[18.617s] [2339/2351] Compiling [32mRover/sailboat.cpp[0m
[18.626s] [2340/2351] Compiling [32mRover/RC_Channel_Rover.cpp[0m
[18.634s] [2341/2351] Compiling [32mRover/GCS_MAVLink_Rover.cpp[0m
[18.654s] [2342/2351] Compiling [32mRover/mode.cpp[0m
[18.672s] [2343/2351] Linking [33mbuild/sitl/bin/blimp[0m
[18.695s] [2344/2351] checking symbols [36mbuild/sitl/bin/antennatracker[0m
[18.695s] [2345/2351] checking symbols [36mbuild/sitl/bin/arducopter[0m
[18.695s] [2346/2351] checking symbols [36mbuild/sitl/bin/arducopter-heli[0m
[18.854s] [2347/2351] checking symbols [36mbuild/sitl/bin/arduplane[0m
[18.981s] [2348/2351] Linking [33mbuild/sitl/bin/ardurover[0m
[18.986s] [2349/2351] checking symbols [36mbuild/sitl/bin/ardusub[0m
[19.078s] [2350/2351] checking symbols [36mbuild/sitl/bin/blimp[0m
[19.278s] [2351/2351] checking symbols [36mbuild/sitl/bin/ardurover[0m
[19.350s] [32mWaf: Leaving directory `/home/lh/Documents/joao_pessoa_2026/src/ardupilot/build/sitl'[0m
[19.350s] [32m[0m
[19.350s] [32m[0m[01;1mBUILD SUMMARY[0m
[19.350s] [32m[0m[01;1mBuild directory: [0m/home/lh/Documents/joao_pessoa_2026/src/ardupilot/build/sitl[0m
[19.361s] [32m[0m[01;1mTarget               Text (B)  Data (B)  BSS (B)  Total Flash Used (B)  Free Flash (B)  External Flash Used (B)[0m
[19.361s] ---------------------------------------------------------------------------------------------------------------
[19.361s] bin/antennatracker    3412986    145901   260384               3558887  Not Applicable  Not Applicable         
[19.361s] bin/arducopter        4563538    215037   279392               4778575  Not Applicable  Not Applicable         
[19.361s] bin/arducopter-heli   4552986    216029   280320               4769015  Not Applicable  Not Applicable         
[19.361s] bin/arduplane         4520490    217845   277920               4738335  Not Applicable  Not Applicable         
[19.361s] bin/ardusub           4132494    188045   279840               4320539  Not Applicable  Not Applicable         
[19.361s] bin/blimp             3486914    150341   262880               3637255  Not Applicable  Not Applicable         
[19.361s] bin/ardurover         4224826    193549   277760               4418375  Not Applicable  Not Applicable         
[19.361s] [32m[0m
[19.361s] [32m'build' finished successfully (18.348s)[0m
[19.433s] Built target ardupilot_build
[19.440s] Invoked command in '/home/lh/Documents/joao_pessoa_2026/build/ardupilot_sitl' returned '0': CMAKE_PREFIX_PATH=/home/lh/Documents/joao_pessoa_2026/install/micro_ros_agent:/home/lh/Documents/joao_pessoa_2026/install/micro_ros_msgs:/home/lh/Documents/joao_pessoa_2026/install/ardupilot_msgs:/home/lh/Documents/joao_pessoa_2026/install/ardupilot_sitl:/home/lh/Documents/joao_pessoa_2026/install/biguasim_interfaces:/home/lh/Documents/joao_pessoa_2026/install/ardupilot_dds_tests:/home/lh/Documents/joao_pessoa_2026/install/biguasim_main:/opt/ros/humble LD_LIBRARY_PATH=/home/lh/Documents/joao_pessoa_2026/install/micro_ros_agent/lib:/home/lh/Documents/joao_pessoa_2026/install/micro_ros_msgs/lib:/home/lh/Documents/joao_pessoa_2026/install/ardupilot_msgs/lib:/home/lh/Documents/joao_pessoa_2026/install/biguasim_interfaces/lib:/opt/ros/humble/opt/rviz_ogre_vendor/lib:/opt/ros/humble/lib/x86_64-linux-gnu:/opt/ros/humble/lib /usr/bin/cmake --build /home/lh/Documents/joao_pessoa_2026/build/ardupilot_sitl -- -j32 -l32
[19.441s] Invoking command in '/home/lh/Documents/joao_pessoa_2026/build/ardupilot_sitl': CMAKE_PREFIX_PATH=/home/lh/Documents/joao_pessoa_2026/install/micro_ros_agent:/home/lh/Documents/joao_pessoa_2026/install/micro_ros_msgs:/home/lh/Documents/joao_pessoa_2026/install/ardupilot_msgs:/home/lh/Documents/joao_pessoa_2026/install/ardupilot_sitl:/home/lh/Documents/joao_pessoa_2026/install/biguasim_interfaces:/home/lh/Documents/joao_pessoa_2026/install/ardupilot_dds_tests:/home/lh/Documents/joao_pessoa_2026/install/biguasim_main:/opt/ros/humble LD_LIBRARY_PATH=/home/lh/Documents/joao_pessoa_2026/install/micro_ros_agent/lib:/home/lh/Documents/joao_pessoa_2026/install/micro_ros_msgs/lib:/home/lh/Documents/joao_pessoa_2026/install/ardupilot_msgs/lib:/home/lh/Documents/joao_pessoa_2026/install/biguasim_interfaces/lib:/opt/ros/humble/opt/rviz_ogre_vendor/lib:/opt/ros/humble/lib/x86_64-linux-gnu:/opt/ros/humble/lib /usr/bin/cmake --install /home/lh/Documents/joao_pessoa_2026/build/ardupilot_sitl
[19.445s] -- Install configuration: ""
[19.446s] -- Execute custom install script
[19.446s] -- Symlinking: /home/lh/Documents/joao_pessoa_2026/install/ardupilot_sitl/bin//antennatracker
[19.450s] -- Symlinking: /home/lh/Documents/joao_pessoa_2026/install/ardupilot_sitl/bin//arducopter
[19.454s] -- Symlinking: /home/lh/Documents/joao_pessoa_2026/install/ardupilot_sitl/bin//arducopter-heli
[19.458s] -- Symlinking: /home/lh/Documents/joao_pessoa_2026/install/ardupilot_sitl/bin//arduplane
[19.463s] -- Symlinking: /home/lh/Documents/joao_pessoa_2026/install/ardupilot_sitl/bin//ardurover
[19.468s] -- Symlinking: /home/lh/Documents/joao_pessoa_2026/install/ardupilot_sitl/bin//ardusub
[19.472s] -- Symlinking: /home/lh/Documents/joao_pessoa_2026/install/ardupilot_sitl/bin//blimp
[19.478s] -- Symlinking: /home/lh/Documents/joao_pessoa_2026/install/ardupilot_sitl/.//lib/libAntennaTracker_libs.a
[19.483s] -- Symlinking: /home/lh/Documents/joao_pessoa_2026/install/ardupilot_sitl/.//lib/libArduCopter_libs.a
[19.487s] -- Symlinking: /home/lh/Documents/joao_pessoa_2026/install/ardupilot_sitl/.//lib/libArduPlane_libs.a
[19.491s] -- Symlinking: /home/lh/Documents/joao_pessoa_2026/install/ardupilot_sitl/.//lib/libArduSub_libs.a
[19.495s] -- Symlinking: /home/lh/Documents/joao_pessoa_2026/install/ardupilot_sitl/.//lib/libBlimp_libs.a
[19.500s] -- Symlinking: /home/lh/Documents/joao_pessoa_2026/install/ardupilot_sitl/.//lib/libRover_libs.a
[19.505s] -- Symlinking: /home/lh/Documents/joao_pessoa_2026/install/ardupilot_sitl/.//lib/stqBSAK8
[19.510s] -- Symlinking: /home/lh/Documents/joao_pessoa_2026/install/ardupilot_sitl/share/ardupilot_sitl//launch/mavproxy.launch.py
[19.514s] -- Symlinking: /home/lh/Documents/joao_pessoa_2026/install/ardupilot_sitl/share/ardupilot_sitl//launch/micro_ros_agent.launch.py
[19.518s] -- Symlinking: /home/lh/Documents/joao_pessoa_2026/install/ardupilot_sitl/share/ardupilot_sitl//launch/sitl.launch.py
[19.522s] -- Symlinking: /home/lh/Documents/joao_pessoa_2026/install/ardupilot_sitl/share/ardupilot_sitl//launch/sitl_dds_serial.launch.py
[19.526s] -- Symlinking: /home/lh/Documents/joao_pessoa_2026/install/ardupilot_sitl/share/ardupilot_sitl//launch/sitl_dds_udp.launch.py
[19.530s] -- Symlinking: /home/lh/Documents/joao_pessoa_2026/install/ardupilot_sitl/share/ardupilot_sitl//launch/sitl_mavproxy.launch.py
[19.535s] -- Symlinking: /home/lh/Documents/joao_pessoa_2026/install/ardupilot_sitl/share/ardupilot_sitl//launch/virtual_ports.launch.py
[19.540s] -- Symlinking: /home/lh/Documents/joao_pessoa_2026/install/ardupilot_sitl/share/ardupilot_sitl/config/default_params/dds_serial.parm
[19.544s] -- Symlinking: /home/lh/Documents/joao_pessoa_2026/install/ardupilot_sitl/share/ardupilot_sitl/config/default_params/dds_udp.parm
[19.549s] -- Symlinking: /home/lh/Documents/joao_pessoa_2026/install/ardupilot_sitl/share/ardupilot_sitl/config/default_params/dds_use_ns.parm
[19.554s] -- Symlinking: /home/lh/Documents/joao_pessoa_2026/install/ardupilot_sitl/share/ardupilot_sitl/config//default_params/airsim-quadX.parm
[19.558s] -- Symlinking: /home/lh/Documents/joao_pessoa_2026/install/ardupilot_sitl/share/ardupilot_sitl/config//default_params/airsim-rover.parm
[19.562s] -- Symlinking: /home/lh/Documents/joao_pessoa_2026/install/ardupilot_sitl/share/ardupilot_sitl/config//default_params/balancebot.parm
[19.567s] -- Symlinking: /home/lh/Documents/joao_pessoa_2026/install/ardupilot_sitl/share/ardupilot_sitl/config//default_params/blimp-motor.parm
[19.572s] -- Symlinking: /home/lh/Documents/joao_pessoa_2026/install/ardupilot_sitl/share/ardupilot_sitl/config//default_params/blimp.parm
[19.575s] -- Symlinking: /home/lh/Documents/joao_pessoa_2026/install/ardupilot_sitl/share/ardupilot_sitl/config//default_params/copter-X.parm
[19.580s] -- Symlinking: /home/lh/Documents/joao_pessoa_2026/install/ardupilot_sitl/share/ardupilot_sitl/config//default_params/copter-beacon.parm
[19.585s] -- Symlinking: /home/lh/Documents/joao_pessoa_2026/install/ardupilot_sitl/share/ardupilot_sitl/config//default_params/copter-bfx.parm
[19.590s] -- Symlinking: /home/lh/Documents/joao_pessoa_2026/install/ardupilot_sitl/share/ardupilot_sitl/config//default_params/copter-coax.parm
[19.594s] -- Symlinking: /home/lh/Documents/joao_pessoa_2026/install/ardupilot_sitl/share/ardupilot_sitl/config//default_params/copter-cwx.parm
[19.599s] -- Symlinking: /home/lh/Documents/joao_pessoa_2026/install/ardupilot_sitl/share/ardupilot_sitl/config//default_params/copter-deca-cwx.parm
[19.604s] -- Symlinking: /home/lh/Documents/joao_pessoa_2026/install/ardupilot_sitl/share/ardupilot_sitl/config//default_params/copter-deca.parm
[19.607s] -- Symlinking: /home/lh/Documents/joao_pessoa_2026/install/ardupilot_sitl/share/ardupilot_sitl/config//default_params/copter-djix.parm
[19.612s] -- Symlinking: /home/lh/Documents/joao_pessoa_2026/install/ardupilot_sitl/share/ardupilot_sitl/config//default_params/copter-dodecahexa.parm
[19.617s] -- Symlinking: /home/lh/Documents/joao_pessoa_2026/install/ardupilot_sitl/share/ardupilot_sitl/config//default_params/copter-dotriaconta_octaquad_x.parm
[19.621s] -- Symlinking: /home/lh/Documents/joao_pessoa_2026/install/ardupilot_sitl/share/ardupilot_sitl/config//default_params/copter-gimbal.parm
[19.625s] -- Symlinking: /home/lh/Documents/joao_pessoa_2026/install/ardupilot_sitl/share/ardupilot_sitl/config//default_params/copter-gps-for-yaw-nmea.parm
[19.630s] -- Symlinking: /home/lh/Documents/joao_pessoa_2026/install/ardupilot_sitl/share/ardupilot_sitl/config//default_params/copter-gps-for-yaw.parm
[19.635s] -- Symlinking: /home/lh/Documents/joao_pessoa_2026/install/ardupilot_sitl/share/ardupilot_sitl/config//default_params/copter-heli-ddfptail.parm
[19.639s] -- Symlinking: /home/lh/Documents/joao_pessoa_2026/install/ardupilot_sitl/share/ardupilot_sitl/config//default_params/copter-heli-ddvptail.parm
[19.645s] -- Symlinking: /home/lh/Documents/joao_pessoa_2026/install/ardupilot_sitl/share/ardupilot_sitl/config//default_params/copter-heli-dual.parm
[19.650s] -- Symlinking: /home/lh/Documents/joao_pessoa_2026/install/ardupilot_sitl/share/ardupilot_sitl/config//default_params/copter-heli-gas.parm
[19.654s] -- Symlinking: /home/lh/Documents/joao_pessoa_2026/install/ardupilot_sitl/share/ardupilot_sitl/config//default_params/copter-heli.parm
[19.658s] -- Symlinking: /home/lh/Documents/joao_pessoa_2026/install/ardupilot_sitl/share/ardupilot_sitl/config//default_params/copter-hexa-cwx.parm
[19.663s] -- Symlinking: /home/lh/Documents/joao_pessoa_2026/install/ardupilot_sitl/share/ardupilot_sitl/config//default_params/copter-hexa-dji.parm
[19.668s] -- Symlinking: /home/lh/Documents/joao_pessoa_2026/install/ardupilot_sitl/share/ardupilot_sitl/config//default_params/copter-hexa.parm
[19.672s] -- Symlinking: /home/lh/Documents/joao_pessoa_2026/install/ardupilot_sitl/share/ardupilot_sitl/config//default_params/copter-hexadeca_octa.parm
[19.676s] -- Symlinking: /home/lh/Documents/joao_pessoa_2026/install/ardupilot_sitl/share/ardupilot_sitl/config//default_params/copter-hexadeca_octa_cwx.parm
[19.681s] -- Symlinking: /home/lh/Documents/joao_pessoa_2026/install/ardupilot_sitl/share/ardupilot_sitl/config//default_params/copter-octa-cwx.parm
[19.685s] -- Symlinking: /home/lh/Documents/joao_pessoa_2026/install/ardupilot_sitl/share/ardupilot_sitl/config//default_params/copter-octa-dji.parm
[19.689s] -- Symlinking: /home/lh/Documents/joao_pessoa_2026/install/ardupilot_sitl/share/ardupilot_sitl/config//default_params/copter-octa.parm
[19.693s] -- Symlinking: /home/lh/Documents/joao_pessoa_2026/install/ardupilot_sitl/share/ardupilot_sitl/config//default_params/copter-octaquad-cor.parm
[19.698s] -- Symlinking: /home/lh/Documents/joao_pessoa_2026/install/ardupilot_sitl/share/ardupilot_sitl/config//default_params/copter-octaquad-cw-cor.parm
[19.702s] -- Symlinking: /home/lh/Documents/joao_pessoa_2026/install/ardupilot_sitl/share/ardupilot_sitl/config//default_params/copter-octaquad-cwx.parm
[19.706s] -- Symlinking: /home/lh/Documents/joao_pessoa_2026/install/ardupilot_sitl/share/ardupilot_sitl/config//default_params/copter-octaquad.parm
[19.711s] -- Symlinking: /home/lh/Documents/joao_pessoa_2026/install/ardupilot_sitl/share/ardupilot_sitl/config//default_params/copter-optflow.parm
[19.716s] -- Symlinking: /home/lh/Documents/joao_pessoa_2026/install/ardupilot_sitl/share/ardupilot_sitl/config//default_params/copter-ppp-periph.parm
[19.721s] -- Symlinking: /home/lh/Documents/joao_pessoa_2026/install/ardupilot_sitl/share/ardupilot_sitl/config//default_params/copter-ppp.parm
[19.724s] -- Symlinking: /home/lh/Documents/joao_pessoa_2026/install/ardupilot_sitl/share/ardupilot_sitl/config//default_params/copter-rangefinder.parm
[19.730s] -- Symlinking: /home/lh/Documents/joao_pessoa_2026/install/ardupilot_sitl/share/ardupilot_sitl/config//default_params/copter-single.parm
[19.735s] -- Symlinking: /home/lh/Documents/joao_pessoa_2026/install/ardupilot_sitl/share/ardupilot_sitl/config//default_params/copter-tri.parm
[19.739s] -- Symlinking: /home/lh/Documents/joao_pessoa_2026/install/ardupilot_sitl/share/ardupilot_sitl/config//default_params/copter-vicon.parm
[19.744s] -- Symlinking: /home/lh/Documents/joao_pessoa_2026/install/ardupilot_sitl/share/ardupilot_sitl/config//default_params/copter-winch.parm
[19.749s] -- Symlinking: /home/lh/Documents/joao_pessoa_2026/install/ardupilot_sitl/share/ardupilot_sitl/config//default_params/copter-wind-estimates.parm
[19.753s] -- Symlinking: /home/lh/Documents/joao_pessoa_2026/install/ardupilot_sitl/share/ardupilot_sitl/config//default_params/copter-y6.parm
[19.757s] -- Symlinking: /home/lh/Documents/joao_pessoa_2026/install/ardupilot_sitl/share/ardupilot_sitl/config//default_params/copter.parm
[19.762s] -- Symlinking: /home/lh/Documents/joao_pessoa_2026/install/ardupilot_sitl/share/ardupilot_sitl/config//default_params/firefly.parm
[19.766s] -- Symlinking: /home/lh/Documents/joao_pessoa_2026/install/ardupilot_sitl/share/ardupilot_sitl/config//default_params/gazebo-iris.parm
[19.770s] -- Symlinking: /home/lh/Documents/joao_pessoa_2026/install/ardupilot_sitl/share/ardupilot_sitl/config//default_params/gazebo-zephyr.parm
[19.775s] -- Symlinking: /home/lh/Documents/joao_pessoa_2026/install/ardupilot_sitl/share/ardupilot_sitl/config//default_params/glider.parm
[19.780s] -- Symlinking: /home/lh/Documents/joao_pessoa_2026/install/ardupilot_sitl/share/ardupilot_sitl/config//default_params/motorboat.parm
[19.784s] -- Symlinking: /home/lh/Documents/joao_pessoa_2026/install/ardupilot_sitl/share/ardupilot_sitl/config//default_params/msposd.parm
[19.789s] -- Symlinking: /home/lh/Documents/joao_pessoa_2026/install/ardupilot_sitl/share/ardupilot_sitl/config//default_params/periph-ppp.parm
[19.794s] -- Symlinking: /home/lh/Documents/joao_pessoa_2026/install/ardupilot_sitl/share/ardupilot_sitl/config//default_params/periph.parm
[19.797s] -- Symlinking: /home/lh/Documents/joao_pessoa_2026/install/ardupilot_sitl/share/ardupilot_sitl/config//default_params/plane-dspoilers.parm
[19.802s] -- Symlinking: /home/lh/Documents/joao_pessoa_2026/install/ardupilot_sitl/share/ardupilot_sitl/config//default_params/plane-elevons.parm
[19.807s] -- Symlinking: /home/lh/Documents/joao_pessoa_2026/install/ardupilot_sitl/share/ardupilot_sitl/config//default_params/plane-ice.parm
[19.811s] -- Symlinking: /home/lh/Documents/joao_pessoa_2026/install/ardupilot_sitl/share/ardupilot_sitl/config//default_params/plane-jet.parm
[19.816s] -- Symlinking: /home/lh/Documents/joao_pessoa_2026/install/ardupilot_sitl/share/ardupilot_sitl/config//default_params/plane-jsbsim.parm
[19.821s] -- Symlinking: /home/lh/Documents/joao_pessoa_2026/install/ardupilot_sitl/share/ardupilot_sitl/config//default_params/plane-redundant.parm
[19.826s] -- Symlinking: /home/lh/Documents/joao_pessoa_2026/install/ardupilot_sitl/share/ardupilot_sitl/config//default_params/plane-soaring.parm
[19.831s] -- Symlinking: /home/lh/Documents/joao_pessoa_2026/install/ardupilot_sitl/share/ardupilot_sitl/config//default_params/plane-tailsitter.parm
[19.835s] -- Symlinking: /home/lh/Documents/joao_pessoa_2026/install/ardupilot_sitl/share/ardupilot_sitl/config//default_params/plane-vtail.parm
[19.840s] -- Symlinking: /home/lh/Documents/joao_pessoa_2026/install/ardupilot_sitl/share/ardupilot_sitl/config//default_params/quad-can.parm
[19.845s] -- Symlinking: /home/lh/Documents/joao_pessoa_2026/install/ardupilot_sitl/share/ardupilot_sitl/config//default_params/quad-periph.parm
[19.849s] -- Symlinking: /home/lh/Documents/joao_pessoa_2026/install/ardupilot_sitl/share/ardupilot_sitl/config//default_params/quadplane-can.parm
[19.854s] -- Symlinking: /home/lh/Documents/joao_pessoa_2026/install/ardupilot_sitl/share/ardupilot_sitl/config//default_params/quadplane-cl84.parm
[19.859s] -- Symlinking: /home/lh/Documents/joao_pessoa_2026/install/ardupilot_sitl/share/ardupilot_sitl/config//default_params/quadplane-copter_tailsitter.parm
[19.863s] -- Symlinking: /home/lh/Documents/joao_pessoa_2026/install/ardupilot_sitl/share/ardupilot_sitl/config//default_params/quadplane-ice.parm
[19.868s] -- Symlinking: /home/lh/Documents/joao_pessoa_2026/install/ardupilot_sitl/share/ardupilot_sitl/config//default_params/quadplane-periph.parm
[19.872s] -- Symlinking: /home/lh/Documents/joao_pessoa_2026/install/ardupilot_sitl/share/ardupilot_sitl/config//default_params/quadplane-ppp-periph.parm
[19.877s] -- Symlinking: /home/lh/Documents/joao_pessoa_2026/install/ardupilot_sitl/share/ardupilot_sitl/config//default_params/quadplane-ppp.parm
[19.882s] -- Symlinking: /home/lh/Documents/joao_pessoa_2026/install/ardupilot_sitl/share/ardupilot_sitl/config//default_params/quadplane-tilt.parm
[19.886s] -- Symlinking: /home/lh/Documents/joao_pessoa_2026/install/ardupilot_sitl/share/ardupilot_sitl/config//default_params/quadplane-tilthvec.parm
[19.891s] -- Symlinking: /home/lh/Documents/joao_pessoa_2026/install/ardupilot_sitl/share/ardupilot_sitl/config//default_params/quadplane-tilttri.parm
[19.895s] -- Symlinking: /home/lh/Documents/joao_pessoa_2026/install/ardupilot_sitl/share/ardupilot_sitl/config//default_params/quadplane-tilttrivec.parm
[19.899s] -- Symlinking: /home/lh/Documents/joao_pessoa_2026/install/ardupilot_sitl/share/ardupilot_sitl/config//default_params/quadplane-tri.parm
[19.904s] -- Symlinking: /home/lh/Documents/joao_pessoa_2026/install/ardupilot_sitl/share/ardupilot_sitl/config//default_params/quadplane.parm
[19.908s] -- Symlinking: /home/lh/Documents/joao_pessoa_2026/install/ardupilot_sitl/share/ardupilot_sitl/config//default_params/rover-omni3mecanum.parm
[19.913s] -- Symlinking: /home/lh/Documents/joao_pessoa_2026/install/ardupilot_sitl/share/ardupilot_sitl/config//default_params/rover-skid.parm
[19.918s] -- Symlinking: /home/lh/Documents/joao_pessoa_2026/install/ardupilot_sitl/share/ardupilot_sitl/config//default_params/rover-vectored.parm
[19.923s] -- Symlinking: /home/lh/Documents/joao_pessoa_2026/install/ardupilot_sitl/share/ardupilot_sitl/config//default_params/rover.parm
[19.927s] -- Symlinking: /home/lh/Documents/joao_pessoa_2026/install/ardupilot_sitl/share/ardupilot_sitl/config//default_params/sailboat-motor.parm
[19.932s] -- Symlinking: /home/lh/Documents/joao_pessoa_2026/install/ardupilot_sitl/share/ardupilot_sitl/config//default_params/sailboat.parm
[19.937s] -- Symlinking: /home/lh/Documents/joao_pessoa_2026/install/ardupilot_sitl/share/ardupilot_sitl/config//default_params/stratoblimp.parm
[19.942s] -- Symlinking: /home/lh/Documents/joao_pessoa_2026/install/ardupilot_sitl/share/ardupilot_sitl/config//default_params/sub-6dof.parm
[19.946s] -- Symlinking: /home/lh/Documents/joao_pessoa_2026/install/ardupilot_sitl/share/ardupilot_sitl/config//default_params/sub-gps-for-yaw-nmea.parm
[19.950s] -- Symlinking: /home/lh/Documents/joao_pessoa_2026/install/ardupilot_sitl/share/ardupilot_sitl/config//default_params/sub.parm
[19.955s] -- Symlinking: /home/lh/Documents/joao_pessoa_2026/install/ardupilot_sitl/share/ardupilot_sitl/config//default_params/tracker-gps-for-yaw.parm
[19.959s] -- Symlinking: /home/lh/Documents/joao_pessoa_2026/install/ardupilot_sitl/share/ardupilot_sitl/config//models/Callisto.json
[19.965s] -- Symlinking: /home/lh/Documents/joao_pessoa_2026/install/ardupilot_sitl/share/ardupilot_sitl/config//models/Callisto.parm
[19.969s] -- Symlinking: /home/lh/Documents/joao_pessoa_2026/install/ardupilot_sitl/share/ardupilot_sitl/config//models/freestyle.json
[19.974s] -- Symlinking: /home/lh/Documents/joao_pessoa_2026/install/ardupilot_sitl/share/ardupilot_sitl/config//models/freestyle.parm
[19.978s] -- Symlinking: /home/lh/Documents/joao_pessoa_2026/install/ardupilot_sitl/share/ardupilot_sitl/config//models/plane-3d.parm
[19.983s] -- Symlinking: /home/lh/Documents/joao_pessoa_2026/install/ardupilot_sitl/share/ardupilot_sitl/config//models/plane.parm
[19.988s] -- Symlinking: /home/lh/Documents/joao_pessoa_2026/install/ardupilot_sitl/share/ardupilot_sitl/config//models/skywalker_2013.json
[19.992s] -- Symlinking: /home/lh/Documents/joao_pessoa_2026/install/ardupilot_sitl/share/ardupilot_sitl/config//models/xplane_heli.json
[19.997s] -- Symlinking: /home/lh/Documents/joao_pessoa_2026/install/ardupilot_sitl/share/ardupilot_sitl/config//models/xplane_plane.json
[20.001s] -- Symlinking: /home/lh/Documents/joao_pessoa_2026/install/ardupilot_sitl/share/ardupilot_sitl/environment/pythonpath.sh
[20.006s] -- Symlinking: /home/lh/Documents/joao_pessoa_2026/install/ardupilot_sitl/share/ardupilot_sitl/environment/pythonpath.dsv
[20.010s] -- Symlinking: /home/lh/Documents/joao_pessoa_2026/install/ardupilot_sitl/local/lib/python3.10/dist-packages/ardupilot_sitl-0.0.0-py3.10.egg-info/PKG-INFO
[20.014s] -- Symlinking: /home/lh/Documents/joao_pessoa_2026/install/ardupilot_sitl/local/lib/python3.10/dist-packages/ardupilot_sitl-0.0.0-py3.10.egg-info/SOURCES.txt
[20.019s] -- Symlinking: /home/lh/Documents/joao_pessoa_2026/install/ardupilot_sitl/local/lib/python3.10/dist-packages/ardupilot_sitl-0.0.0-py3.10.egg-info/dependency_links.txt
[20.023s] -- Symlinking: /home/lh/Documents/joao_pessoa_2026/install/ardupilot_sitl/local/lib/python3.10/dist-packages/ardupilot_sitl-0.0.0-py3.10.egg-info/top_level.txt
[20.029s] -- Symlinking: /home/lh/Documents/joao_pessoa_2026/install/ardupilot_sitl/local/lib/python3.10/dist-packages/ardupilot_sitl/__init__.py
[20.033s] -- Symlinking: /home/lh/Documents/joao_pessoa_2026/install/ardupilot_sitl/local/lib/python3.10/dist-packages/ardupilot_sitl/actions.py
[20.038s] -- Symlinking: /home/lh/Documents/joao_pessoa_2026/install/ardupilot_sitl/local/lib/python3.10/dist-packages/ardupilot_sitl/launch.py
[20.042s] -- Symlinking: /home/lh/Documents/joao_pessoa_2026/install/ardupilot_sitl/local/lib/python3.10/dist-packages/ardupilot_sitl/utilities.py
[20.046s] -- Symlinking: /home/lh/Documents/joao_pessoa_2026/install/ardupilot_sitl/share/ament_index/resource_index/package_run_dependencies/ardupilot_sitl
[20.050s] -- Symlinking: /home/lh/Documents/joao_pessoa_2026/install/ardupilot_sitl/share/ament_index/resource_index/parent_prefix_path/ardupilot_sitl
[20.055s] -- Symlinking: /home/lh/Documents/joao_pessoa_2026/install/ardupilot_sitl/share/ardupilot_sitl/environment/ament_prefix_path.sh
[20.059s] -- Symlinking: /home/lh/Documents/joao_pessoa_2026/install/ardupilot_sitl/share/ardupilot_sitl/environment/ament_prefix_path.dsv
[20.064s] -- Symlinking: /home/lh/Documents/joao_pessoa_2026/install/ardupilot_sitl/share/ardupilot_sitl/environment/path.sh
[20.069s] -- Symlinking: /home/lh/Documents/joao_pessoa_2026/install/ardupilot_sitl/share/ardupilot_sitl/environment/path.dsv
[20.074s] -- Symlinking: /home/lh/Documents/joao_pessoa_2026/install/ardupilot_sitl/share/ardupilot_sitl/local_setup.bash
[20.078s] -- Symlinking: /home/lh/Documents/joao_pessoa_2026/install/ardupilot_sitl/share/ardupilot_sitl/local_setup.sh
[20.083s] -- Symlinking: /home/lh/Documents/joao_pessoa_2026/install/ardupilot_sitl/share/ardupilot_sitl/local_setup.zsh
[20.088s] -- Symlinking: /home/lh/Documents/joao_pessoa_2026/install/ardupilot_sitl/share/ardupilot_sitl/local_setup.dsv
[20.092s] -- Symlinking: /home/lh/Documents/joao_pessoa_2026/install/ardupilot_sitl/share/ardupilot_sitl/package.dsv
[20.096s] -- Symlinking: /home/lh/Documents/joao_pessoa_2026/install/ardupilot_sitl/share/ament_index/resource_index/packages/ardupilot_sitl
[20.099s] -- Symlinking: /home/lh/Documents/joao_pessoa_2026/install/ardupilot_sitl/share/ardupilot_sitl/cmake/ardupilot_sitlConfig.cmake
[20.103s] -- Symlinking: /home/lh/Documents/joao_pessoa_2026/install/ardupilot_sitl/share/ardupilot_sitl/cmake/ardupilot_sitlConfig-version.cmake
[20.107s] -- Symlinking: /home/lh/Documents/joao_pessoa_2026/install/ardupilot_sitl/share/ardupilot_sitl/package.xml
[20.130s] Listing '/home/lh/Documents/joao_pessoa_2026/install/ardupilot_sitl/local/lib/python3.10/dist-packages/ardupilot_sitl'...
[20.130s] Compiling '/home/lh/Documents/joao_pessoa_2026/install/ardupilot_sitl/local/lib/python3.10/dist-packages/ardupilot_sitl/__init__.py'...
[20.130s] Compiling '/home/lh/Documents/joao_pessoa_2026/install/ardupilot_sitl/local/lib/python3.10/dist-packages/ardupilot_sitl/actions.py'...
[20.130s] Compiling '/home/lh/Documents/joao_pessoa_2026/install/ardupilot_sitl/local/lib/python3.10/dist-packages/ardupilot_sitl/launch.py'...
[20.130s] Compiling '/home/lh/Documents/joao_pessoa_2026/install/ardupilot_sitl/local/lib/python3.10/dist-packages/ardupilot_sitl/utilities.py'...
[20.134s] Invoked command in '/home/lh/Documents/joao_pessoa_2026/build/ardupilot_sitl' returned '0': CMAKE_PREFIX_PATH=/home/lh/Documents/joao_pessoa_2026/install/micro_ros_agent:/home/lh/Documents/joao_pessoa_2026/install/micro_ros_msgs:/home/lh/Documents/joao_pessoa_2026/install/ardupilot_msgs:/home/lh/Documents/joao_pessoa_2026/install/ardupilot_sitl:/home/lh/Documents/joao_pessoa_2026/install/biguasim_interfaces:/home/lh/Documents/joao_pessoa_2026/install/ardupilot_dds_tests:/home/lh/Documents/joao_pessoa_2026/install/biguasim_main:/opt/ros/humble LD_LIBRARY_PATH=/home/lh/Documents/joao_pessoa_2026/install/micro_ros_agent/lib:/home/lh/Documents/joao_pessoa_2026/install/micro_ros_msgs/lib:/home/lh/Documents/joao_pessoa_2026/install/ardupilot_msgs/lib:/home/lh/Documents/joao_pessoa_2026/install/biguasim_interfaces/lib:/opt/ros/humble/opt/rviz_ogre_vendor/lib:/opt/ros/humble/lib/x86_64-linux-gnu:/opt/ros/humble/lib /usr/bin/cmake --install /home/lh/Documents/joao_pessoa_2026/build/ardupilot_sitl
